# Atelier Heinek — Präsentierhand (bereitgestelltes Modell, remeshed & ausgerichtet)
v -68.21 -13.25 -22.34
v -60.68 -9.64 -26.00
v -69.33 -14.32 -22.02
v -68.62 -13.91 -22.73
v -65.90 -11.98 -23.81
v -52.85 -6.53 -29.13
v -73.02 -16.45 -22.17
v -68.21 -14.48 -24.47
v -76.07 -19.36 -22.49
v -73.03 -18.17 -24.22
v -74.74 -21.73 -26.10
v -50.77 -7.28 -32.01
v -46.33 -5.53 -33.46
v -76.45 -21.59 -24.18
v -52.13 -9.72 -33.32
v -46.71 -6.85 -34.68
v -71.61 -21.13 -28.26
v -49.31 -9.22 -34.86
v -47.38 -8.89 -35.41
v -56.28 -14.70 -34.45
v -52.14 -11.97 -35.04
v -47.77 -9.56 -35.71
v -68.79 -21.72 -30.79
v -73.73 -23.01 -27.86
v -54.12 -13.51 -34.80
v -53.50 -13.91 -35.06
v -51.76 -13.43 -35.72
v -63.73 -21.40 -33.78
v -43.98 7.92 -21.03
v -42.61 9.55 -19.93
v -48.16 4.67 -20.67
v -37.09 10.77 -23.73
v -50.45 1.13 -22.50
v -35.52 10.02 -25.08
v -55.33 -1.32 -20.31
v -35.29 9.16 -26.15
v -59.34 -4.23 -19.78
v -68.07 -10.45 -18.84
v -64.85 -7.86 -18.66
v -73.10 -13.26 -17.21
v -70.14 -12.08 -17.74
v -69.57 -11.66 -18.14
v -69.81 -12.46 -19.56
v -39.14 9.14 -24.10
v -36.93 7.88 -26.92
v -78.34 -17.96 -17.59
v -61.95 -8.23 -22.39
v -57.16 -4.56 -22.49
v -38.95 3.84 -29.10
v -71.61 -14.93 -21.31
v -69.70 -13.76 -21.16
v -68.77 -13.18 -21.33
v -48.91 -3.40 -28.25
v -38.05 2.15 -31.34
v -76.64 -16.41 -17.64
v -69.04 -13.98 -21.32
v -68.32 -13.52 -21.36
v -67.65 -13.77 -22.71
v -61.08 -9.62 -22.98
v -69.42 -15.72 -22.91
v -68.43 -14.45 -22.77
v -65.81 -13.12 -23.21
v -34.99 2.07 -33.49
v -40.35 1.03 -30.98
v -78.47 -22.19 -21.74
v -57.78 -10.78 -28.01
v -32.24 0.23 -38.40
v -74.68 -20.15 -22.74
v -58.60 -9.97 -26.25
v -53.21 -5.42 -26.98
v -78.08 -24.12 -23.37
v -72.67 -18.56 -23.14
v -65.44 -14.37 -25.19
v -44.87 -4.19 -32.62
v -73.90 -21.69 -25.08
v -50.10 -7.99 -31.52
v -77.34 -24.25 -24.84
v -70.18 -20.39 -27.11
v -45.91 -6.66 -33.01
v -43.44 -6.08 -35.73
v -41.41 -4.00 -35.04
v -31.43 0.31 -38.80
v -40.82 -6.56 -37.96
v -78.12 -25.63 -24.63
v -54.21 -12.96 -33.09
v -49.90 -9.98 -33.59
v -47.91 -9.56 -34.95
v -47.26 -8.85 -34.79
v -46.24 -8.44 -35.90
v -77.24 -26.43 -26.44
v -55.43 -14.99 -33.65
v -47.12 -10.21 -35.68
v -46.92 -10.10 -36.53
v -45.92 -9.37 -36.58
v -32.62 -2.46 -40.34
v -68.23 -21.21 -29.26
v -53.63 -14.04 -34.58
v -52.87 -13.30 -34.53
v -51.91 -13.47 -35.16
v -41.29 -8.30 -38.99
v -38.89 -7.45 -40.00
v -70.69 -25.49 -31.36
v -52.56 -14.56 -35.62
v -52.45 -14.56 -36.27
v -43.60 -9.39 -38.27
v -34.72 -5.32 -40.95
v -75.38 -26.64 -28.33
v -53.92 -18.35 -38.19
v -53.74 -15.38 -36.31
v -49.85 -12.45 -36.67
v -45.13 -11.98 -39.24
v -42.14 -9.90 -39.13
v -72.53 -26.86 -30.79
v -42.50 -10.61 -39.43
v -41.08 -9.67 -39.57
v -68.67 -25.56 -32.41
v -67.88 -25.33 -32.72
v -66.48 -24.43 -33.63
v -61.02 -22.17 -36.04
v -67.26 -25.49 -33.38
v -49.65 -15.61 -38.95
v -49.99 4.79 -17.18
v -47.68 6.62 -18.09
v -45.09 8.93 -16.99
v -39.20 11.35 -19.92
v -39.59 10.78 -21.32
v -50.15 4.52 -16.75
v -51.59 3.64 -16.62
v -37.05 11.40 -22.53
v -51.12 3.14 -18.88
v -42.07 8.00 -20.62
v -38.66 9.59 -21.54
v -35.70 11.13 -23.89
v -48.35 3.75 -19.15
v -43.28 6.38 -21.55
v -65.01 -6.42 -15.45
v -33.94 10.22 -25.63
v -67.16 -8.14 -15.01
v -66.07 -7.70 -16.16
v -65.66 -7.41 -15.48
v -47.74 2.22 -22.00
v -35.10 9.68 -24.97
v -35.45 9.19 -25.38
v -72.86 -11.42 -13.93
v -68.89 -9.54 -16.02
v -52.14 -0.52 -20.59
v -34.50 9.19 -25.82
v -34.01 8.97 -26.97
v -58.25 -5.30 -20.15
v -36.19 8.99 -24.81
v -35.85 7.94 -25.87
v -70.59 -11.53 -16.60
v -69.34 -11.02 -17.13
v -79.66 -16.12 -12.88
v -70.12 -12.30 -17.37
v -69.92 -11.76 -16.76
v -69.19 -11.31 -16.82
v -68.37 -11.50 -18.13
v -53.65 -2.95 -22.07
v -71.63 -13.86 -17.31
v -63.90 -9.90 -20.37
v -56.57 -6.24 -23.01
v -46.78 0.39 -24.68
v -40.03 7.36 -23.47
v -34.64 5.48 -29.43
v -80.70 -18.42 -14.22
v -76.81 -17.85 -16.92
v -68.13 -12.71 -19.93
v -35.26 4.22 -30.28
v -34.82 3.87 -30.21
v -33.80 4.69 -29.60
v -74.78 -16.32 -17.34
v -39.81 2.22 -28.38
v -34.85 3.30 -31.47
v -79.86 -20.71 -18.36
v -70.54 -14.95 -20.23
v -56.70 -7.92 -24.83
v -37.99 -0.05 -32.00
v -33.93 3.08 -31.30
v -78.22 -22.80 -20.36
v -77.45 -20.13 -18.78
v -81.53 -24.18 -17.63
v -40.68 -0.53 -30.56
v -49.76 -6.16 -28.88
v -45.32 -4.67 -30.86
v -80.06 -24.42 -20.01
v -79.57 -24.00 -20.86
v -31.53 1.85 -36.76
v -28.99 3.39 -35.76
v -78.67 -23.68 -21.65
v -77.25 -22.83 -21.99
v -28.98 2.12 -37.94
v -24.85 3.57 -39.13
v -77.85 -23.75 -22.61
v -79.39 -25.07 -21.70
v -43.60 -6.65 -34.42
v -32.18 0.19 -36.40
v -29.03 0.46 -37.90
v -79.95 -26.67 -22.17
v -80.59 -27.94 -22.16
v -77.92 -25.58 -24.19
v -78.88 -25.90 -22.98
v -76.53 -24.06 -23.94
v -36.81 -2.49 -35.73
v -27.88 0.46 -40.38
v -79.64 -26.31 -22.84
v -33.59 -1.33 -37.15
v -31.87 -1.34 -38.31
v -72.57 -23.00 -27.13
v -46.04 -9.33 -35.90
v -45.26 -9.06 -35.78
v -27.28 -1.58 -41.98
v -50.14 -11.77 -34.59
v -41.46 -7.80 -36.99
v -37.19 -5.56 -38.14
v -78.58 -29.34 -26.46
v -67.90 -23.71 -30.91
v -51.76 -14.65 -35.82
v -45.27 -10.91 -36.98
v -42.73 -10.58 -38.55
v -50.66 -15.37 -36.71
v -42.18 -9.87 -38.34
v -41.02 -9.94 -39.16
v -31.53 -3.83 -41.52
v -41.96 -11.06 -39.39
v -41.65 -11.06 -40.11
v -40.76 -10.43 -40.22
v -75.26 -30.27 -30.04
v -68.35 -25.80 -32.13
v -67.44 -25.15 -32.31
v -42.91 -12.15 -39.08
v -39.18 -11.04 -41.67
v -68.55 -26.54 -33.06
v -67.42 -26.27 -32.93
v -67.39 -26.18 -33.47
v -66.63 -25.64 -33.00
v -51.50 -19.21 -39.92
v -70.45 -29.47 -33.39
v -65.80 -27.92 -35.88
v -57.81 -24.84 -39.47
v -51.05 -20.31 -40.45
v -46.23 -18.22 -42.31
v -51.27 -21.27 -40.79
v -49.92 -19.54 -40.64
v -48.24 -19.32 -41.44
v -52.32 -21.57 -40.77
v -48.77 7.01 -14.32
v -46.84 8.21 -14.57
v -43.72 9.68 -15.41
v -49.85 6.66 -13.49
v -43.22 9.72 -16.06
v -42.42 10.15 -16.30
v -38.51 11.83 -16.77
v -57.45 0.74 -12.83
v -57.39 2.10 -11.17
v -51.16 5.44 -14.35
v -59.54 -1.08 -13.51
v -58.78 -0.36 -12.62
v -57.88 0.10 -13.17
v -51.73 4.19 -15.36
v -50.65 4.94 -15.51
v -47.04 6.25 -16.29
v -55.80 1.60 -14.46
v -51.15 3.43 -16.16
v -50.94 3.97 -15.55
v -49.69 4.30 -16.85
v -50.03 4.49 -15.84
v -41.22 9.27 -18.35
v -36.37 10.84 -19.66
v -33.70 12.59 -22.37
v -66.44 -6.16 -12.27
v -51.31 1.82 -17.99
v -50.46 3.59 -16.96
v -31.46 12.63 -23.98
v -27.96 13.76 -24.65
v -71.61 -9.43 -11.41
v -69.69 -8.06 -11.64
v -67.79 -7.23 -11.87
v -66.89 -6.84 -12.46
v -78.07 -14.01 -9.90
v -73.73 -11.04 -10.78
v -72.75 -10.61 -11.82
v -72.24 -10.30 -11.26
v -67.13 -7.38 -13.41
v -35.04 9.75 -24.32
v -32.47 11.25 -22.89
v -31.71 11.26 -25.90
v -79.56 -14.95 -9.73
v -78.61 -14.50 -10.27
v -78.18 -14.66 -12.59
v -77.03 -12.99 -10.64
v -66.82 -8.09 -14.52
v -66.15 -7.12 -14.27
v -26.88 12.68 -26.27
v -81.09 -16.19 -10.01
v -66.46 -7.87 -14.25
v -65.77 -7.43 -14.28
v -65.21 -7.63 -15.57
v -33.94 9.30 -25.35
v -70.64 -11.88 -15.05
v -67.27 -9.23 -14.89
v -66.00 -8.32 -15.66
v -26.29 11.91 -27.10
v -78.35 -15.81 -11.39
v -67.08 -9.93 -16.47
v -63.48 -7.17 -16.46
v -31.26 7.44 -27.53
v -30.33 9.80 -26.09
v -30.97 9.44 -27.94
v -27.33 11.47 -27.79
v -81.26 -20.05 -14.31
v -81.69 -17.84 -11.26
v -78.94 -18.42 -14.34
v -34.34 8.18 -26.25
v -30.44 8.32 -28.87
v -81.27 -20.71 -14.05
v -34.91 4.47 -29.00
v -32.50 5.59 -29.97
v -81.67 -22.12 -15.41
v -33.06 4.10 -30.34
v -31.80 4.71 -30.99
v -35.22 3.56 -29.82
v -33.20 3.35 -31.25
v -82.02 -24.01 -16.33
v -79.95 -20.83 -15.35
v -36.69 1.60 -30.59
v -33.36 3.19 -32.29
v -29.79 3.75 -33.99
v -80.73 -24.66 -19.13
v -33.35 1.66 -32.91
v -31.27 2.13 -33.18
v -24.42 4.91 -36.49
v -80.91 -25.72 -19.86
v -79.65 -24.48 -20.11
v -80.33 -24.92 -19.22
v -80.12 -25.60 -20.99
v -29.82 1.49 -35.80
v -26.30 2.47 -36.89
v -23.35 4.27 -38.84
v -80.94 -27.56 -20.95
v -80.41 -26.28 -20.81
v -79.77 -27.25 -22.24
v -79.32 -25.79 -22.11
v -25.61 1.89 -38.42
v -23.81 2.79 -40.50
v -26.37 0.46 -39.45
v -20.21 4.02 -41.02
v -80.46 -29.50 -22.75
v -24.06 1.14 -41.70
v -80.23 -30.02 -24.08
v -79.95 -28.32 -24.22
v -79.54 -31.55 -26.20
v -76.77 -26.07 -25.07
v -25.55 -0.56 -40.50
v -22.11 0.00 -42.97
v -80.32 -30.90 -24.50
v -32.35 -3.87 -39.70
v -39.22 -8.94 -39.16
v -27.63 -3.10 -40.93
v -28.06 -4.27 -42.66
v -41.04 -10.71 -39.58
v -68.86 -26.65 -31.75
v -77.83 -32.84 -28.64
v -70.59 -25.82 -30.08
v -67.06 -27.01 -33.14
v -53.56 -16.50 -35.69
v -32.76 -9.52 -43.55
v -63.18 -27.04 -35.54
v -64.23 -22.25 -32.39
v -60.58 -22.03 -34.67
v -47.17 -17.68 -40.01
v -41.05 -12.74 -40.28
v -36.38 -10.34 -42.66
v -74.41 -33.42 -31.85
v -53.30 -20.53 -38.30
v -50.65 -19.97 -40.00
v -49.12 -18.69 -39.71
v -42.47 -16.10 -43.07
v -51.60 -21.22 -40.05
v -48.39 -19.37 -40.96
v -70.46 -32.01 -33.85
v -68.93 -32.16 -34.72
v -69.68 -31.52 -34.29
v -64.42 -30.10 -37.27
v -50.39 -21.85 -41.71
v -48.63 -21.26 -41.82
v -47.78 -20.18 -42.19
v -40.02 -17.00 -45.06
v -39.27 -12.97 -42.80
v -67.97 -32.02 -35.88
v -66.51 -31.99 -36.86
v -63.49 -29.75 -37.53
v -48.72 -21.27 -42.18
v -62.55 -28.81 -38.14
v -48.20 -22.31 -43.51
v -45.09 -20.10 -44.10
v -42.98 -18.69 -44.27
v -62.79 -30.11 -38.06
v -52.97 -25.27 -42.06
v -42.78 -19.75 -44.82
v -42.26 -18.73 -44.37
v -40.55 -18.49 -45.03
v -38.37 -17.74 -46.44
v -51.62 -24.84 -42.28
v -50.74 -25.07 -43.01
v -51.65 -24.02 -42.45
v -47.92 10.25 -10.44
v -45.77 10.08 -12.86
v -49.37 7.88 -11.84
v -53.05 7.26 -9.09
v -50.17 7.22 -12.10
v -47.51 8.20 -12.74
v -46.78 8.35 -13.55
v -45.62 9.23 -14.49
v -43.25 9.98 -14.95
v -42.21 10.38 -15.20
v -60.94 0.25 -9.29
v -48.28 6.81 -14.37
v -49.47 6.58 -13.03
v -48.88 7.50 -12.18
v -46.69 7.71 -14.46
v -41.21 10.69 -15.09
v -40.36 11.03 -15.36
v -58.01 0.83 -11.77
v -49.99 5.45 -13.44
v -45.77 8.27 -13.89
v -43.77 9.11 -14.98
v -42.24 9.85 -15.34
v -42.41 9.47 -16.35
v -58.91 0.15 -11.68
v -52.59 2.84 -14.10
v -48.44 6.06 -14.81
v -43.28 9.10 -16.06
v -38.85 10.38 -16.34
v -72.45 -8.82 -8.78
v -68.23 -6.22 -9.81
v -66.92 -4.70 -9.11
v -57.69 -0.44 -13.24
v -58.50 -0.30 -11.99
v -57.40 0.50 -12.14
v -56.84 0.28 -13.12
v -56.43 1.35 -11.13
v -50.72 4.16 -14.89
v -30.15 14.00 -21.00
v -75.52 -11.08 -8.31
v -76.34 -11.64 -7.04
v -62.33 -4.19 -15.46
v -58.76 -1.48 -12.88
v -55.54 0.02 -14.79
v -80.19 -13.97 -6.79
v -77.71 -12.61 -7.40
v -76.75 -12.18 -7.95
v -67.79 -6.76 -10.99
v -66.89 -6.09 -11.13
v -78.54 -13.72 -8.84
v -73.66 -10.61 -9.87
v -72.45 -10.22 -10.29
v -67.47 -7.19 -11.27
v -65.96 -6.68 -12.46
v -66.29 -6.50 -11.44
v -63.87 -5.98 -13.33
v -60.15 -4.65 -16.33
v -58.88 -2.56 -14.34
v -26.93 13.73 -25.13
v -23.15 14.60 -26.62
v -82.11 -16.58 -7.92
v -79.40 -14.50 -8.83
v -73.30 -11.03 -10.16
v -71.57 -10.51 -11.38
v -66.71 -7.33 -12.56
v -30.96 11.91 -22.60
v -79.00 -15.28 -9.50
v -78.27 -14.21 -9.02
v -77.40 -14.36 -10.30
v -74.12 -12.65 -11.12
v -67.98 -8.46 -12.11
v -30.63 10.98 -24.57
v -25.68 13.21 -26.39
v -82.26 -18.33 -9.22
v -78.40 -15.05 -10.36
v -72.47 -11.25 -11.52
v -26.54 12.37 -26.05
v -26.81 11.82 -26.54
v -25.77 12.36 -26.72
v -25.43 12.02 -27.70
v -82.24 -18.85 -9.92
v -82.76 -20.29 -10.77
v -25.48 10.42 -29.29
v -82.02 -20.94 -12.90
v -28.41 8.59 -27.75
v -33.36 5.66 -28.28
v -27.28 7.20 -30.11
v -82.13 -22.03 -13.70
v -80.78 -20.76 -13.96
v -81.50 -21.30 -13.13
v -32.82 4.73 -29.14
v -81.38 -21.82 -14.60
v -29.49 5.42 -30.72
v -25.36 5.28 -30.88
v -31.20 4.18 -31.96
v -79.97 -23.46 -17.46
v -32.63 2.87 -31.47
v -28.43 4.44 -32.64
v -82.03 -24.89 -15.88
v -82.40 -26.51 -17.52
v -29.62 2.52 -33.03
v -26.10 4.61 -34.67
v -80.28 -24.90 -18.33
v -25.59 3.02 -35.73
v -20.53 5.67 -38.78
v -16.87 6.91 -38.84
v -82.28 -28.62 -19.34
v -80.36 -26.83 -20.83
v -24.13 2.84 -37.73
v -20.89 4.12 -38.14
v -80.44 -27.96 -21.65
v -81.13 -28.13 -20.43
v -81.31 -29.16 -20.88
v -23.55 1.80 -39.51
v -20.42 3.36 -39.69
v -19.37 2.27 -42.71
v -82.30 -30.87 -21.18
v -81.05 -31.20 -23.28
v -80.05 -29.84 -23.33
v -80.61 -29.95 -22.58
v -80.15 -30.96 -23.70
v -78.66 -30.14 -24.89
v -22.39 -0.35 -41.51
v -81.17 -32.30 -23.92
v -20.12 -0.08 -43.09
v -17.67 1.50 -43.62
v -80.98 -33.32 -24.16
v -80.38 -33.09 -25.19
v -20.55 -0.86 -43.21
v -19.32 -0.18 -43.05
v -80.16 -33.68 -25.47
v -34.84 -9.35 -41.22
v -30.33 -7.66 -43.33
v -28.28 -7.85 -43.56
v -38.70 -13.76 -42.05
v -34.07 -11.49 -42.64
v -32.08 -11.31 -44.82
v -77.31 -35.49 -29.95
v -72.25 -33.66 -33.46
v -71.06 -31.65 -32.32
v -70.16 -32.06 -33.53
v -67.47 -30.82 -34.43
v -64.70 -30.56 -36.15
v -47.22 -19.74 -41.38
v -69.85 -32.71 -34.13
v -68.77 -31.76 -34.35
v -63.13 -29.52 -36.94
v -50.57 -21.97 -41.02
v -47.92 -21.32 -41.86
v -69.99 -33.55 -34.65
v -63.98 -30.27 -36.95
v -54.77 -25.16 -39.82
v -50.61 -23.13 -41.41
v -45.05 -19.39 -42.28
v -41.40 -17.30 -43.06
v -34.97 -13.73 -45.36
v -32.47 -14.99 -47.62
v -69.59 -33.99 -34.66
v -69.18 -34.21 -35.28
v -64.01 -30.98 -37.66
v -62.96 -30.65 -37.82
v -62.38 -30.15 -37.73
v -60.80 -28.76 -37.72
v -58.14 -25.35 -37.95
v -51.26 -24.37 -41.88
v -43.06 -19.69 -43.95
v -41.85 -18.46 -44.06
v -39.65 -17.99 -44.56
v -63.77 -32.42 -38.53
v -52.54 -25.31 -41.68
v -52.44 -26.05 -42.11
v -41.94 -20.50 -45.00
v -41.79 -20.31 -45.72
v -40.72 -19.82 -45.52
v -40.18 -19.38 -45.99
v -31.73 -15.17 -47.83
v -61.19 -30.78 -39.43
v -59.20 -30.53 -40.22
v -59.04 -29.32 -40.34
v -55.86 -27.50 -41.68
v -52.78 -26.53 -42.73
v -51.10 -26.03 -43.23
v -43.15 -21.66 -46.05
v -59.90 -31.00 -39.89
v -44.85 -23.83 -46.01
v -33.43 -16.79 -48.79
v -58.52 -30.88 -40.71
v -53.83 -29.13 -43.37
v -50.26 -26.06 -44.01
v -49.58 -24.56 -43.97
v -42.78 -23.23 -46.66
v -39.18 -21.04 -48.16
v -48.57 -27.28 -45.47
v -43.36 -24.12 -46.55
v -42.05 -23.79 -47.15
v -41.37 -23.69 -47.94
v -38.89 -22.71 -49.09
v -45.28 14.48 -6.45
v -42.59 15.06 -8.27
v -49.50 11.64 -5.95
v -54.08 7.91 -6.16
v -46.96 12.00 -8.54
v -41.48 12.91 -11.37
v -52.59 6.51 -8.11
v -59.33 3.44 -5.94
v -44.73 11.93 -10.57
v -47.37 8.15 -12.15
v -44.63 9.59 -12.16
v -41.61 10.86 -14.33
v -40.25 11.94 -13.48
v -62.81 -0.76 -8.14
v -41.69 10.43 -13.17
v -40.13 11.25 -14.54
v -49.46 6.90 -11.67
v -43.91 9.29 -13.89
v -41.26 10.67 -14.07
v -41.37 10.27 -14.93
v -40.46 10.72 -14.00
v -40.30 10.50 -15.37
v -39.75 10.62 -14.76
v -38.58 11.89 -15.17
v -69.80 -4.97 -4.02
v -59.56 -1.02 -10.59
v -33.01 13.23 -19.29
v -75.77 -10.34 -6.11
v -68.34 -4.77 -6.72
v -63.75 -3.65 -8.79
v -58.30 -0.12 -11.46
v -37.50 10.61 -16.90
v -78.38 -12.18 -5.41
v -65.22 -5.45 -10.08
v -81.30 -14.61 -5.76
v -77.12 -12.30 -6.70
v -67.36 -7.17 -10.43
v -32.83 11.79 -19.47
v -27.56 14.57 -23.01
v -77.22 -12.78 -7.18
v -76.10 -11.89 -6.99
v -75.56 -12.01 -7.94
v -69.63 -9.23 -11.01
v -27.63 13.33 -21.74
v -23.46 15.62 -24.58
v -77.60 -13.26 -6.56
v -76.62 -12.76 -8.02
v -72.32 -10.38 -9.59
v -83.70 -18.93 -6.17
v -79.50 -15.69 -8.78
v -78.07 -14.20 -8.56
v -73.57 -11.43 -9.67
v -25.81 13.45 -23.91
v -83.26 -19.03 -7.69
v -25.91 12.56 -25.58
v -82.58 -18.80 -8.62
v -25.18 11.95 -26.76
v -82.65 -19.92 -9.64
v -81.60 -18.54 -9.40
v -82.24 -19.06 -8.66
v -25.70 11.06 -27.35
v -22.44 13.13 -26.64
v -21.68 13.28 -28.57
v -82.19 -20.26 -9.75
v -81.81 -19.40 -10.20
v -18.49 13.65 -29.16
v -81.41 -21.03 -12.00
v -80.61 -18.94 -11.58
v -23.04 10.88 -29.77
v -20.41 10.92 -30.26
v -29.94 5.85 -28.60
v -24.34 9.64 -28.56
v -24.35 8.88 -30.29
v -83.58 -22.46 -11.44
v -30.00 4.32 -29.41
v -26.76 5.03 -31.06
v -21.68 8.69 -30.68
v -82.64 -23.80 -14.39
v -81.32 -22.51 -14.39
v -82.74 -25.17 -14.77
v -28.96 3.55 -30.23
v -82.76 -26.18 -15.50
v -81.57 -24.88 -15.76
v -82.09 -25.25 -15.08
v -24.97 4.92 -32.96
v -83.45 -27.51 -15.14
v -82.20 -26.28 -16.22
v -81.54 -25.74 -16.64
v -27.11 3.08 -31.44
v -18.30 7.16 -36.24
v -25.81 3.10 -34.50
v -18.70 6.80 -37.53
v -82.87 -28.81 -17.44
v -82.56 -29.62 -18.79
v -17.95 5.39 -37.67
v -81.04 -27.81 -18.98
v -15.61 5.62 -41.36
v -82.91 -30.84 -19.09
v -18.39 3.50 -40.39
v -16.31 4.92 -39.67
v -82.26 -32.47 -21.02
v -82.04 -32.56 -21.98
v -80.55 -30.77 -23.00
v -19.85 1.47 -41.50
v -80.78 -33.44 -23.80
v -81.78 -33.69 -23.13
v -80.14 -32.67 -24.43
v -20.75 -0.81 -42.54
v -20.03 -0.05 -42.47
v -18.51 0.71 -42.29
v -27.17 -4.45 -41.39
v -19.86 -1.44 -43.53
v -19.34 -0.87 -43.18
v -15.58 0.76 -44.44
v -80.97 -34.29 -24.98
v -74.55 -30.33 -28.98
v -31.01 -7.47 -41.55
v -25.31 -6.39 -41.80
v -22.18 -2.24 -42.06
v -21.35 -2.20 -43.57
v -22.21 -4.13 -43.55
v -81.12 -36.75 -25.80
v -79.65 -34.62 -27.24
v -28.08 -7.74 -41.98
v -79.19 -36.37 -27.74
v -78.53 -36.51 -28.41
v -31.31 -10.05 -42.57
v -28.93 -10.37 -44.83
v -78.22 -37.00 -28.66
v -74.92 -35.37 -30.19
v -77.56 -37.46 -30.10
v -29.74 -12.65 -46.67
v -69.78 -33.12 -33.95
v -27.89 -11.95 -46.62
v -75.11 -37.67 -32.41
v -70.28 -34.34 -34.32
v -37.18 -19.31 -46.81
v -34.45 -14.55 -44.70
v -31.89 -13.17 -44.67
v -31.38 -14.03 -47.08
v -71.58 -36.50 -34.69
v -70.23 -35.15 -34.83
v -69.27 -34.87 -35.12
v -68.62 -34.39 -35.08
v -62.85 -31.11 -37.58
v -60.82 -30.64 -38.50
v -30.12 -14.36 -47.90
v -59.61 -30.76 -39.49
v -52.91 -27.06 -41.71
v -42.80 -21.19 -44.71
v -39.70 -19.67 -45.59
v -31.16 -14.74 -47.10
v -68.60 -35.52 -36.26
v -67.72 -34.44 -36.65
v -59.52 -31.50 -39.70
v -58.79 -30.40 -39.81
v -51.17 -26.18 -42.79
v -46.20 -24.42 -44.18
v -44.17 -23.28 -44.92
v -30.64 -15.33 -48.06
v -30.37 -15.54 -48.96
v -66.97 -35.43 -36.83
v -63.03 -34.10 -38.94
v -61.15 -32.68 -40.03
v -59.66 -31.75 -40.26
v -58.70 -31.46 -40.44
v -58.11 -30.93 -40.36
v -49.54 -26.70 -43.38
v -50.00 -25.15 -42.79
v -27.73 -14.57 -49.74
v -64.91 -35.15 -38.29
v -63.55 -34.51 -38.65
v -62.27 -34.29 -39.39
v -59.23 -32.61 -41.00
v -52.39 -29.91 -42.77
v -43.27 -23.76 -46.09
v -42.22 -22.98 -46.09
v -31.63 -15.32 -47.38
v -31.14 -17.40 -50.33
v -29.60 -18.12 -51.60
v -57.30 -33.04 -42.26
v -50.90 -30.63 -45.22
v -43.47 -26.12 -47.74
v -34.11 -19.26 -49.95
v -34.12 -21.38 -50.53
v -32.71 -20.89 -51.03
v -44.77 14.87 -4.00
v -44.06 15.66 -4.80
v -40.33 17.67 -5.89
v -49.01 12.50 -3.44
v -46.24 14.01 -4.28
v -45.40 14.44 -4.92
v -44.33 14.86 -7.17
v -50.30 11.51 -4.22
v -42.36 16.04 -6.71
v -37.33 17.73 -8.49
v -55.20 7.85 -2.53
v -53.00 9.56 -2.42
v -56.48 6.48 -4.31
v -40.52 15.67 -8.61
v -43.11 13.59 -7.70
v -40.13 14.64 -9.82
v -53.71 6.77 -5.38
v -44.70 12.90 -7.23
v -61.31 2.37 -3.93
v -47.27 10.36 -8.15
v -39.15 13.85 -10.76
v -50.87 8.80 -6.20
v -38.69 13.34 -10.98
v -63.99 -0.31 -4.85
v -43.16 10.95 -10.91
v -38.50 12.48 -11.70
v -39.32 12.67 -12.09
v -39.58 10.80 -13.26
v -75.17 -9.54 -5.18
v -59.19 1.45 -6.46
v -34.01 12.64 -16.15
v -78.81 -11.61 -2.63
v -67.31 -5.47 -6.20
v -81.02 -13.47 -1.88
v -72.82 -10.31 -7.85
v -33.56 11.34 -16.77
v -28.46 14.60 -19.71
v -27.78 13.34 -19.79
v -22.54 16.63 -22.80
v -19.76 17.89 -22.40
v -82.52 -16.01 -4.89
v -76.06 -11.95 -6.04
v -22.35 15.28 -22.47
v -19.94 16.82 -25.02
v -17.22 18.17 -24.45
v -83.47 -17.65 -3.66
v -22.28 14.96 -23.73
v -19.10 16.16 -26.49
v -15.44 17.94 -25.78
v -22.72 14.09 -25.15
v -19.58 15.24 -25.34
v -17.62 15.57 -27.73
v -17.20 15.13 -26.40
v -81.98 -19.00 -7.81
v -21.54 12.00 -27.92
v -16.54 13.01 -29.81
v -20.09 11.16 -28.70
v -27.33 6.61 -28.69
v -21.73 9.09 -29.16
v -84.43 -23.44 -9.60
v -28.19 4.04 -29.33
v -28.24 5.08 -28.85
v -24.45 5.97 -30.60
v -81.82 -24.55 -14.00
v -26.03 3.21 -29.50
v -25.47 4.84 -31.74
v -83.68 -27.95 -14.29
v -22.22 5.64 -33.68
v -82.22 -26.05 -15.28
v -24.28 3.53 -33.21
v -13.01 8.79 -36.26
v -83.72 -29.17 -15.31
v -84.46 -30.50 -15.03
v -18.21 5.63 -35.25
v -14.12 7.91 -38.58
v -83.22 -29.31 -16.68
v -82.73 -29.39 -16.80
v -15.48 6.25 -37.39
v -82.21 -29.12 -18.11
v -83.14 -30.21 -17.07
v -13.61 6.13 -39.19
v -83.14 -30.98 -17.92
v -81.96 -27.95 -17.04
v -82.67 -31.38 -18.79
v -82.17 -30.69 -19.31
v -82.34 -32.89 -20.41
v -81.30 -29.56 -20.08
v -13.59 4.80 -40.92
v -83.43 -32.77 -19.65
v -14.48 3.91 -43.20
v -9.46 6.34 -42.51
v -82.69 -33.31 -20.86
v -81.58 -32.91 -22.30
v -82.62 -34.37 -21.84
v -12.80 3.29 -42.35
v -81.77 -34.10 -22.45
v -14.33 1.86 -42.74
v -82.54 -35.37 -22.73
v -80.50 -33.96 -24.49
v -82.45 -36.53 -22.84
v -81.94 -36.20 -23.85
v -80.02 -33.97 -25.18
v -17.57 -0.94 -42.85
v -81.77 -37.07 -24.38
v -79.09 -34.05 -25.92
v -17.75 -1.91 -44.28
v -78.51 -36.09 -27.32
v -25.57 -6.51 -43.25
v -79.51 -37.06 -27.53
v -77.32 -36.11 -28.39
v -29.38 -10.05 -42.78
v -78.83 -37.61 -28.33
v -77.94 -37.18 -28.48
v -24.54 -9.33 -44.01
v -79.44 -38.96 -28.44
v -27.98 -11.11 -43.59
v -26.87 -10.83 -45.31
v -25.97 -11.81 -47.13
v -70.09 -34.88 -34.29
v -71.24 -34.60 -33.07
v -69.13 -35.31 -34.88
v -62.73 -32.59 -37.79
v -23.56 -11.63 -48.71
v -66.87 -35.34 -36.32
v -66.73 -36.13 -36.72
v -65.99 -35.07 -36.93
v -30.06 -15.10 -47.66
v -27.24 -14.75 -48.28
v -25.00 -13.23 -49.71
v -72.03 -41.03 -35.10
v -66.91 -36.46 -37.25
v -65.88 -36.15 -37.41
v -65.56 -35.63 -37.47
v -64.13 -34.67 -37.66
v -63.38 -34.60 -38.41
v -62.37 -33.90 -38.62
v -58.47 -32.06 -40.18
v -56.07 -30.36 -40.91
v -30.55 -16.42 -48.48
v -65.41 -36.71 -38.30
v -63.45 -35.33 -39.03
v -62.38 -34.98 -38.99
v -61.77 -34.49 -39.09
v -24.72 -15.23 -51.74
v -61.99 -35.46 -39.95
v -43.54 -24.87 -45.91
v -42.41 -24.27 -46.69
v -41.68 -23.73 -46.86
v -33.23 -20.40 -49.58
v -20.08 -12.21 -52.19
v -40.07 -23.12 -47.16
v -35.85 -21.64 -48.71
v -25.54 -16.23 -50.42
v -46.45 -29.76 -47.04
v -33.57 -21.37 -50.15
v -33.67 -22.09 -50.44
v -32.72 -21.38 -50.64
v -29.97 -19.47 -52.11
v -57.16 -34.45 -42.51
v -33.40 -22.24 -50.86
v -32.51 -22.09 -51.48
v -24.79 -17.13 -52.97
v -34.01 -24.07 -51.64
v -28.12 -20.88 -53.27
v -46.06 14.45 -2.55
v -32.42 21.78 -6.76
v -45.42 14.22 -3.72
v -36.01 19.51 -6.64
v -28.24 23.15 -9.10
v -50.90 10.69 -2.07
v -49.61 11.50 -2.45
v -45.25 13.89 -4.91
v -44.25 14.48 -3.92
v -44.23 14.45 -4.98
v -42.71 15.05 -4.94
v -39.17 16.53 -6.29
v -46.90 12.41 -3.62
v -49.80 10.64 -2.71
v -37.26 18.50 -7.45
v -34.17 18.87 -9.01
v -25.92 22.89 -10.76
v -46.65 12.24 -5.30
v -40.95 14.45 -7.80
v -37.69 16.52 -7.51
v -28.84 21.41 -10.68
v -59.92 4.02 -0.35
v -50.84 9.65 -2.77
v -35.93 16.32 -8.49
v -34.07 17.41 -10.24
v -58.00 3.41 -3.78
v -33.08 16.00 -11.43
v -28.10 19.75 -12.17
v -65.85 -1.00 -1.50
v -39.53 13.01 -10.38
v -38.12 12.99 -11.51
v -36.77 13.97 -11.46
v -39.19 12.74 -11.23
v -38.21 13.14 -10.67
v -39.27 11.88 -11.73
v -38.49 11.33 -12.43
v -36.52 12.29 -14.28
v -73.60 -9.51 -3.08
v -28.66 14.23 -18.08
v -82.18 -14.99 -1.05
v -76.92 -11.87 -2.43
v -30.48 12.17 -17.70
v -21.98 17.03 -20.74
v -80.05 -15.02 -4.72
v -21.63 15.67 -20.70
v -14.95 19.42 -23.59
v -80.45 -15.21 -2.43
v -13.26 19.27 -25.02
v -19.39 16.29 -23.16
v -16.25 16.89 -24.46
v -83.12 -22.36 -7.23
v -17.32 13.13 -27.92
v -14.22 13.84 -29.48
v -82.30 -21.76 -9.98
v -17.95 10.69 -28.87
v -14.41 11.64 -30.11
v -84.47 -26.37 -10.49
v -22.39 7.49 -29.15
v -17.67 10.56 -30.42
v -84.38 -27.05 -11.34
v -26.00 5.19 -28.70
v -22.35 5.32 -30.54
v -84.94 -28.84 -12.17
v -84.20 -28.26 -13.40
v -24.57 3.31 -31.94
v -15.13 8.07 -34.66
v -84.07 -29.32 -14.17
v -83.31 -28.19 -14.21
v -83.49 -29.72 -14.87
v -83.34 -28.90 -15.16
v -82.56 -27.10 -14.34
v -10.97 9.00 -37.92
v -12.21 7.12 -37.42
v -82.99 -30.14 -16.23
v -10.02 8.27 -40.02
v -10.79 6.83 -39.14
v -10.51 7.46 -41.03
v -82.85 -32.20 -17.88
v -83.96 -33.96 -18.35
v -9.37 5.93 -40.91
v -82.21 -34.75 -21.34
v -83.52 -34.82 -19.71
v -82.33 -33.94 -21.29
v -83.37 -36.44 -21.67
v -9.82 2.54 -43.18
v -12.65 2.57 -44.34
v -81.79 -35.97 -23.05
v -82.17 -36.60 -22.66
v -81.95 -37.21 -23.24
v -81.09 -35.24 -23.56
v -22.29 -5.32 -42.00
v -20.21 -1.45 -42.74
v -18.78 -1.20 -42.83
v -82.27 -37.38 -23.60
v -81.48 -36.92 -24.11
v -80.66 -37.30 -24.75
v -17.52 -3.96 -42.68
v -13.40 -0.88 -44.96
v -22.08 -6.55 -43.23
v -17.24 -3.16 -44.29
v -82.64 -38.61 -23.97
v -78.95 -37.05 -27.33
v -27.11 -9.91 -42.72
v -26.35 -8.66 -43.73
v -78.49 -37.92 -27.66
v -81.15 -40.35 -26.62
v -24.81 -10.48 -45.27
v -76.60 -37.40 -29.29
v -27.99 -12.78 -45.40
v -25.13 -11.91 -44.45
v -22.18 -10.33 -46.84
v -78.17 -41.21 -30.24
v -70.25 -36.58 -34.06
v -25.03 -13.16 -47.28
v -19.68 -10.73 -50.55
v -23.56 -13.06 -48.38
v -14.23 -8.84 -51.79
v -19.25 -11.98 -50.19
v -63.37 -35.76 -38.20
v -24.44 -14.55 -49.60
v -19.82 -13.11 -51.38
v -17.51 -10.70 -51.89
v -59.77 -33.03 -39.53
v -67.79 -38.74 -37.43
v -14.36 -10.94 -53.98
v -52.97 -32.55 -42.86
v -25.34 -17.35 -51.23
v -17.72 -13.91 -52.94
v -15.52 -12.22 -54.46
v -61.82 -37.32 -40.46
v -31.82 -21.48 -50.66
v -29.45 -19.62 -50.85
v -14.98 -14.07 -55.80
v -19.85 -14.13 -53.68
v -40.22 -26.19 -47.88
v -34.35 -22.72 -49.84
v -18.67 -16.13 -55.08
v -50.43 -34.55 -45.65
v -39.99 -26.80 -49.60
v -30.71 -22.70 -52.79
v -24.63 -19.52 -54.03
v -44.05 -30.84 -48.20
v -35.64 -26.29 -51.49
v -27.03 -22.47 -53.74
v -30.91 23.00 -4.70
v -32.01 21.94 -4.29
v -29.69 23.18 -5.62
v -45.55 14.71 -1.22
v -42.74 16.72 -2.89
v -38.66 18.78 -4.37
v -36.21 19.75 -3.83
v -34.93 20.34 -4.54
v -33.48 20.99 -4.58
v -32.68 21.61 -5.13
v -28.07 23.93 -6.95
v -28.64 23.37 -6.02
v -30.76 22.84 -6.33
v -50.31 11.00 -1.08
v -49.50 11.46 -1.50
v -45.06 13.75 -2.92
v -38.01 17.50 -4.54
v -26.69 23.83 -8.98
v -50.17 10.49 -1.51
v -48.97 11.25 -2.44
v -45.66 13.70 -4.09
v -36.78 17.71 -6.01
v -32.00 20.33 -7.22
v -22.86 24.88 -10.26
v -34.72 17.62 -7.99
v -22.65 23.02 -12.33
v -56.71 4.64 -0.41
v -29.33 20.09 -9.74
v -32.73 16.87 -9.71
v -38.20 14.31 -9.37
v -22.88 21.06 -13.49
v -35.76 14.71 -9.62
v -73.95 -7.38 0.04
v -34.85 14.05 -11.91
v -31.50 15.85 -12.01
v -76.71 -9.46 0.22
v -63.39 -1.59 -4.80
v -36.82 12.47 -11.02
v -37.19 12.85 -12.58
v -79.66 -11.91 0.15
v -67.85 -4.66 -2.35
v -31.61 12.54 -14.08
v -34.46 11.01 -13.12
v -33.08 10.88 -13.93
v -30.06 13.30 -16.15
v -77.92 -12.28 0.58
v -35.62 10.86 -15.33
v -22.13 16.73 -18.81
v -16.17 19.64 -20.56
v -16.28 19.43 -22.17
v -21.62 15.51 -19.31
v -11.71 20.87 -22.94
v -81.51 -17.06 -4.51
v -17.68 17.25 -22.19
v -10.79 20.60 -24.17
v -83.88 -18.43 -1.15
v -10.16 19.64 -25.36
v -11.90 17.82 -27.23
v -9.89 18.70 -26.52
v -14.17 15.10 -27.13
v -85.26 -23.66 -5.44
v -10.69 15.14 -29.06
v -15.29 12.48 -28.30
v -12.87 12.87 -29.70
v -16.14 10.49 -28.69
v -83.44 -25.63 -10.16
v -17.62 9.10 -28.93
v -85.37 -26.85 -8.64
v -84.76 -27.24 -9.96
v -84.33 -27.09 -9.93
v -26.01 3.65 -28.80
v -15.93 9.01 -30.05
v -84.23 -28.14 -11.08
v -84.30 -27.59 -11.29
v -83.80 -26.59 -10.77
v -83.59 -28.32 -12.63
v -20.13 5.65 -31.84
v -83.61 -29.18 -13.93
v -19.84 4.61 -32.72
v -13.60 6.99 -36.08
v -4.79 9.03 -40.65
v -83.90 -31.73 -17.77
v -7.57 7.81 -38.84
v -85.02 -35.40 -17.13
v -84.35 -34.49 -17.59
v -84.15 -35.77 -18.51
v -83.22 -34.23 -18.86
v -83.93 -34.81 -17.74
v -6.34 5.55 -41.89
v -8.70 4.87 -43.79
v -84.23 -36.35 -19.42
v -83.56 -35.78 -19.86
v -82.80 -35.97 -20.52
v -12.40 0.73 -43.44
v -10.29 1.73 -44.94
v -84.48 -38.40 -20.63
v -12.65 -0.52 -43.54
v -8.34 0.62 -45.23
v -23.16 -8.45 -41.67
v -82.78 -41.32 -24.30
v -25.35 -9.56 -42.24
v -23.49 -8.62 -43.41
v -19.63 -7.18 -42.89
v -17.10 -4.74 -43.85
v -25.40 -11.08 -43.12
v -23.03 -9.60 -44.23
v -78.11 -40.70 -28.20
v -21.93 -9.82 -44.82
v -79.73 -43.17 -28.55
v -73.97 -38.07 -31.57
v -23.97 -12.16 -45.42
v -20.63 -11.33 -47.22
v -16.78 -8.68 -49.24
v -15.74 -9.94 -49.57
v -10.18 -7.76 -52.23
v -75.40 -44.30 -32.93
v -75.21 -42.21 -32.97
v -67.46 -36.83 -35.93
v -17.97 -12.44 -51.55
v -65.41 -37.12 -37.13
v -14.61 -11.39 -52.48
v -60.10 -35.62 -39.64
v -21.59 -15.22 -51.95
v -12.55 -11.89 -53.85
v -9.06 -9.49 -54.90
v -24.48 -18.73 -52.24
v -67.12 -41.70 -38.00
v -56.84 -36.79 -42.78
v -46.92 -29.00 -45.18
v -42.90 -30.63 -47.17
v -18.38 -15.97 -53.65
v -32.99 -22.77 -50.52
v -24.41 -20.64 -52.85
v -19.03 -18.52 -55.46
v -25.19 -21.48 -54.14
v -13.90 -15.37 -56.65
v -46.41 -33.59 -47.12
v -38.72 -29.15 -50.19
v -26.66 -23.96 -53.75
v -25.96 -22.74 -53.65
v -22.20 -21.49 -55.01
v -33.62 -28.23 -52.30
v -29.92 23.32 -3.18
v -29.25 23.50 -4.74
v -42.93 15.93 -0.20
v -37.28 19.21 -1.60
v -35.67 19.90 -2.89
v -34.23 20.51 -3.18
v -32.94 21.12 -4.00
v -31.73 22.03 -3.41
v -28.28 23.86 -5.22
v -25.15 25.40 -5.65
v -23.94 25.35 -6.20
v -35.56 19.35 -3.61
v -34.92 19.69 -3.10
v -32.59 21.09 -5.17
v -31.69 21.81 -4.86
v -29.55 22.64 -5.85
v -29.76 22.74 -4.85
v -28.66 23.15 -4.75
v -28.16 23.32 -5.51
v -25.31 25.18 -7.62
v -23.09 25.68 -7.38
v -20.80 26.78 -8.01
v -48.98 12.07 -0.33
v -43.59 14.04 -0.63
v -41.68 15.54 -2.13
v -37.40 17.88 -3.68
v -35.00 19.77 -4.21
v -34.24 20.13 -3.61
v -33.70 20.27 -4.72
v -27.06 23.26 -6.55
v -19.37 26.81 -9.45
v -53.34 8.94 0.49
v -48.90 11.04 -1.39
v -22.34 25.51 -9.54
v -50.45 9.71 -0.96
v -53.21 7.42 -0.96
v -27.57 21.90 -8.90
v -23.67 24.16 -8.50
v -61.27 2.89 1.27
v -26.59 21.14 -10.22
v -27.96 19.21 -10.95
v -22.69 22.67 -10.88
v -18.61 24.43 -12.60
v -19.18 22.77 -13.53
v -73.22 -7.12 2.98
v -71.52 -5.11 2.75
v -63.62 -1.14 -2.06
v -73.86 -7.56 2.10
v -32.14 15.18 -10.44
v -26.31 18.61 -13.36
v -21.39 19.44 -14.26
v -74.84 -8.09 2.62
v -35.06 12.83 -10.84
v -29.19 14.75 -12.78
v -25.78 17.26 -13.66
v -73.89 -9.05 0.36
v -33.14 13.08 -12.59
v -79.61 -13.96 1.04
v -16.80 19.05 -18.78
v -13.78 20.02 -20.00
v -81.03 -16.01 0.21
v -30.89 10.94 -14.31
v -28.91 11.73 -15.61
v -26.16 12.93 -16.62
v -13.44 20.24 -20.77
v -11.79 21.05 -22.01
v -21.11 15.32 -18.12
v -15.68 18.27 -20.78
v -14.22 18.39 -22.91
v -9.06 19.24 -25.86
v -12.02 18.05 -25.04
v -9.60 19.26 -25.23
v -85.01 -21.82 -1.59
v -10.09 18.70 -25.68
v -8.69 18.54 -27.01
v -83.56 -22.60 -4.54
v -11.51 16.83 -26.43
v -9.35 18.44 -26.11
v -5.96 18.92 -27.58
v -10.44 16.81 -28.26
v -11.01 15.16 -27.50
v -9.33 14.43 -29.22
v -86.06 -30.22 -9.53
v -84.11 -27.06 -8.97
v -20.34 6.71 -28.85
v -84.28 -28.91 -10.38
v -19.87 7.29 -30.42
v -24.00 2.62 -28.40
v -20.69 5.28 -30.51
v -83.62 -30.53 -13.94
v -20.58 3.48 -30.53
v -8.97 9.75 -35.00
v -13.35 7.01 -34.74
v -7.82 9.96 -37.11
v -85.32 -32.89 -12.88
v -6.57 8.66 -36.96
v -8.07 8.37 -35.25
v -7.40 9.58 -38.70
v -85.47 -34.15 -13.62
v -4.83 8.79 -38.19
v -85.02 -32.59 -15.09
v -4.47 8.28 -39.38
v -83.65 -34.23 -16.88
v -83.87 -35.51 -17.33
v -1.96 8.07 -40.42
v -6.17 4.26 -42.75
v -85.49 -38.32 -18.07
v -4.44 4.24 -44.65
v -83.61 -36.59 -18.80
v -82.11 -37.56 -22.38
v -5.58 1.96 -45.26
v -84.44 -41.38 -21.21
v -11.84 -1.83 -43.45
v -20.47 -6.82 -41.74
v -11.45 -2.45 -44.81
v -22.65 -10.34 -41.43
v -19.83 -8.91 -42.66
v -17.32 -6.56 -42.83
v -20.11 -9.47 -45.39
v -22.42 -11.72 -44.29
v -17.16 -8.51 -47.16
v -16.15 -9.68 -47.24
v -13.32 -7.64 -49.80
v -12.80 -8.86 -49.19
v -7.19 -6.93 -52.20
v -77.88 -43.55 -30.63
v -73.35 -42.05 -32.63
v -14.57 -10.42 -51.35
v -10.54 -8.84 -51.30
v -6.62 -7.85 -53.31
v -69.16 -40.96 -35.23
v -6.33 -8.53 -54.36
v -72.75 -45.59 -34.68
v -10.69 -12.29 -54.86
v -6.65 -10.79 -56.63
v -18.90 -17.99 -53.96
v -13.29 -14.69 -55.12
v -10.14 -12.40 -56.68
v -61.41 -40.37 -40.71
v -46.54 -32.62 -45.61
v -37.77 -27.62 -49.05
v -59.53 -44.31 -41.12
v -54.83 -39.74 -43.46
v -27.03 -23.55 -52.90
v -26.28 -22.80 -53.02
v -25.48 -22.99 -53.35
v -49.93 -36.86 -45.67
v -33.57 -26.49 -50.83
v -25.90 -23.96 -53.75
v -25.47 -23.58 -53.55
v -12.31 -16.31 -57.24
v -42.04 -33.10 -48.88
v -29.13 -25.01 -53.69
v -24.27 -23.73 -54.38
v -32.34 21.36 -2.37
v -32.33 21.46 -1.52
v -27.56 24.41 -4.46
v -24.65 25.49 -4.75
v -32.93 21.08 -3.45
v -32.87 20.84 -3.06
v -32.00 21.08 -2.40
v -31.27 21.87 -3.71
v -31.20 21.65 -2.86
v -23.15 25.45 -6.00
v -22.55 25.91 -6.41
v -21.15 26.75 -5.83
v -49.70 10.84 1.80
v -37.28 17.69 -1.72
v -23.98 24.80 -5.94
v -23.74 25.17 -6.83
v -22.99 25.18 -7.21
v -22.49 25.37 -6.50
v -50.59 9.03 0.49
v -21.60 25.03 -8.11
v -15.44 27.70 -10.53
v -56.29 6.14 2.87
v -19.53 24.15 -10.66
v -18.26 25.68 -9.21
v -17.20 26.28 -11.34
v -66.55 -1.44 5.15
v -61.80 0.62 1.80
v -14.46 25.81 -12.60
v -61.64 0.77 -0.09
v -72.84 -6.45 2.68
v -71.01 -4.66 4.26
v -22.59 21.06 -12.01
v -16.09 23.08 -13.69
v -74.61 -7.63 4.43
v -73.86 -7.83 3.18
v -25.87 18.43 -12.06
v -18.99 21.31 -14.08
v -74.08 -8.40 2.71
v -72.74 -7.44 3.04
v -72.80 -7.42 2.15
v -26.00 17.02 -12.15
v -78.90 -10.89 5.17
v -75.02 -9.56 3.68
v -73.64 -8.16 2.00
v -71.11 -6.62 1.41
v -21.35 19.58 -12.73
v -32.26 12.44 -11.13
v -31.12 13.42 -12.62
v -23.80 16.66 -13.85
v -34.70 11.62 -11.87
v -28.74 13.10 -13.03
v -25.64 14.32 -12.87
v -82.51 -15.67 0.62
v -82.65 -16.16 4.23
v -27.34 13.09 -14.80
v -26.00 14.34 -16.35
v -13.14 20.23 -19.61
v -12.33 20.58 -20.14
v -10.58 21.75 -20.92
v -6.55 23.47 -21.41
v -21.19 14.72 -17.04
v -15.20 18.37 -19.46
v -13.64 19.44 -19.80
v -13.56 19.53 -20.69
v -12.77 20.16 -20.79
v -12.32 20.09 -20.36
v -8.93 20.58 -22.68
v -11.54 19.88 -21.67
v -7.96 22.12 -23.49
v -7.21 20.92 -23.41
v -7.23 21.39 -25.12
v -8.69 19.68 -24.49
v -84.45 -20.36 1.13
v -5.31 20.64 -26.49
v -8.54 18.63 -25.80
v -6.47 20.22 -24.72
v -3.91 19.64 -27.44
v -6.32 17.77 -26.59
v -6.56 16.84 -28.50
v -7.56 15.58 -27.34
v -9.70 13.57 -27.78
v -85.96 -26.69 -4.43
v -11.80 12.91 -28.18
v -11.51 11.48 -29.54
v -15.58 8.45 -28.24
v -23.92 2.93 -27.88
v -18.30 5.60 -29.91
v -23.73 3.01 -30.01
v -10.76 7.38 -33.56
v -3.66 11.09 -35.55
v -3.88 10.76 -37.66
v -86.04 -33.59 -11.37
v -84.71 -33.14 -13.17
v -85.24 -33.43 -12.46
v -84.12 -32.12 -13.25
v -3.72 10.10 -39.31
v -85.70 -34.21 -12.75
v -84.94 -34.69 -13.51
v -85.21 -33.65 -13.54
v -1.30 10.21 -40.03
v -1.94 9.25 -38.77
v -86.50 -36.51 -13.07
v -1.60 8.02 -42.50
v -86.10 -38.87 -15.86
v -1.51 6.55 -43.67
v 0.52 5.22 -44.64
v -5.05 2.85 -43.43
v -7.77 0.53 -43.75
v -11.86 -3.17 -43.04
v -4.84 0.92 -45.21
v -17.75 -8.42 -41.79
v -9.80 -3.97 -43.88
v -81.55 -42.15 -23.66
v -20.97 -9.49 -43.07
v -18.34 -9.29 -43.79
v -79.84 -41.68 -26.17
v -22.41 -11.69 -42.62
v -20.15 -11.29 -43.78
v -11.27 -6.83 -48.32
v -13.92 -9.05 -47.13
v -6.85 -5.95 -49.65
v -80.34 -47.65 -26.85
v -8.52 -6.55 -50.60
v -76.13 -42.13 -30.32
v -9.39 -8.01 -49.74
v -75.85 -45.07 -30.46
v -5.58 -7.42 -53.27
v -6.25 -8.15 -52.98
v -6.53 -8.60 -53.58
v -5.53 -8.16 -53.75
v -7.82 -9.47 -53.52
v -5.16 -8.65 -54.92
v -3.35 -9.18 -56.21
v -70.96 -46.15 -35.51
v -69.14 -45.14 -36.63
v -61.31 -40.07 -39.20
v -4.62 -11.67 -57.55
v -49.95 -34.25 -44.31
v -9.00 -13.89 -56.05
v -8.39 -13.52 -57.58
v -24.38 -22.54 -53.15
v -17.89 -19.32 -54.33
v -3.88 -13.02 -58.16
v -37.66 -30.36 -48.97
v -32.49 -28.16 -51.17
v -26.30 -24.40 -53.06
v -17.63 -20.08 -55.80
v -10.31 -16.63 -57.62
v -6.09 -14.88 -58.18
v -44.80 -35.72 -47.41
v -36.39 -31.32 -50.76
v -24.26 -25.13 -54.31
v -13.76 -19.81 -56.44
v -31.88 -30.84 -52.12
v -28.56 -27.69 -53.58
v -33.37 20.57 -0.41
v -28.72 23.39 -2.05
v -39.00 17.89 -0.17
v -23.06 25.91 -5.34
v -41.38 15.45 1.74
v -32.84 20.10 -1.89
v -27.59 21.96 -1.72
v -26.54 23.51 -4.89
v -26.55 22.90 -2.86
v -17.75 28.04 -7.44
v -40.47 14.90 0.78
v -46.08 11.97 0.47
v -20.15 25.70 -6.74
v -15.36 28.60 -9.15
v -61.64 1.85 5.11
v -15.49 26.92 -9.16
v -58.92 2.65 2.40
v -17.22 25.13 -10.45
v -18.28 23.03 -11.85
v -72.99 -6.34 5.79
v -66.74 -3.23 0.91
v -71.55 -6.77 2.62
v -17.22 22.27 -12.26
v -79.84 -12.09 6.92
v -73.59 -8.20 3.66
v -17.96 20.52 -14.19
v -19.95 19.38 -12.69
v -81.39 -13.73 4.22
v -31.03 13.42 -10.92
v -29.58 14.32 -11.14
v -23.51 16.58 -12.46
v -32.42 12.78 -12.98
v -27.31 13.71 -12.84
v -81.03 -16.19 3.10
v -28.21 12.66 -13.70
v -13.31 19.79 -17.14
v -13.34 20.12 -18.03
v -5.12 24.22 -19.14
v -24.07 13.39 -14.65
v -26.07 11.64 -14.81
v -12.63 19.86 -19.78
v -11.30 20.10 -20.26
v -8.11 21.32 -21.14
v -82.56 -19.07 -1.05
v -3.23 23.44 -23.75
v -5.33 22.06 -22.24
v -3.36 21.67 -23.68
v -83.51 -22.15 -1.17
v -1.14 22.49 -25.35
v -4.79 19.52 -25.66
v -85.31 -24.48 -0.60
v -84.39 -26.55 -2.89
v -2.26 18.44 -27.94
v -85.90 -27.08 -2.56
v -8.72 12.49 -27.47
v -12.56 10.47 -28.08
v -23.09 4.10 -27.91
v -18.86 4.98 -27.39
v -17.09 6.52 -29.40
v -16.29 5.52 -29.00
v -86.41 -31.13 -7.89
v -85.01 -32.01 -8.93
v -22.05 2.12 -28.27
v -17.47 5.56 -30.29
v -4.85 10.47 -33.76
v -86.17 -33.63 -9.50
v -17.29 4.34 -31.03
v -86.13 -34.14 -10.22
v -84.77 -32.92 -11.78
v -1.62 11.49 -37.03
v -86.40 -35.28 -10.97
v -1.89 9.91 -36.88
v 0.89 11.50 -39.04
v -85.18 -34.15 -12.59
v -0.23 7.04 -41.83
v -84.58 -34.94 -14.58
v -83.76 -39.66 -19.15
v -0.71 5.63 -42.71
v 0.85 4.95 -43.20
v -85.77 -41.82 -17.06
v -84.13 -41.65 -17.76
v -0.76 3.03 -45.02
v -7.44 -2.03 -43.25
v -17.62 -7.99 -41.22
v -8.22 -2.10 -44.73
v -5.85 -2.37 -44.28
v -21.00 -11.36 -40.49
v -20.94 -9.81 -40.84
v -23.40 -11.12 -42.15
v -18.68 -8.54 -42.32
v -21.71 -11.49 -41.22
v -15.72 -8.17 -45.95
v -78.13 -44.33 -28.01
v -11.20 -8.64 -46.23
v -6.76 -5.97 -47.89
v -3.82 -5.46 -50.25
v -82.63 -44.55 -24.26
v -6.33 -7.21 -48.80
v -4.86 -6.01 -51.57
v -5.59 -8.07 -52.69
v -3.93 -6.83 -53.48
v -73.57 -46.32 -32.35
v -77.25 -46.76 -30.90
v -5.65 -8.85 -53.94
v -74.66 -47.75 -33.19
v -68.31 -44.62 -35.73
v -4.93 -8.78 -53.81
v -70.19 -47.24 -35.43
v -69.22 -46.26 -36.02
v -56.53 -37.30 -41.37
v -66.80 -44.68 -37.92
v -5.61 -11.96 -56.06
v -52.46 -36.74 -43.10
v -48.80 -36.80 -44.53
v -12.58 -16.53 -55.74
v -51.00 -40.15 -44.62
v -18.26 -22.18 -53.96
v -16.98 -20.45 -54.44
v -30.81 -29.80 -51.24
v -28.05 -27.51 -52.22
v -24.27 -24.52 -53.09
v -6.42 -17.08 -57.97
v -23.54 -26.57 -54.03
v -18.04 -22.72 -55.18
v -37.69 -34.64 -49.62
v -34.13 -33.37 -50.63
v -32.18 19.36 -0.16
v -21.89 25.99 -4.02
v -18.73 27.41 -5.23
v -13.87 29.75 -6.01
v -10.76 30.79 -7.41
v -36.79 17.40 -0.47
v -23.37 24.71 -5.11
v -20.68 25.44 -5.19
v -12.60 29.86 -8.68
v -48.22 10.85 3.10
v -50.63 7.86 2.95
v -14.09 27.14 -9.50
v -13.19 28.22 -8.02
v -57.25 4.64 4.96
v -11.55 28.90 -10.61
v -60.84 0.80 4.45
v -14.83 25.74 -10.80
v -73.32 -6.90 7.50
v -11.90 26.01 -11.10
v -77.89 -10.11 6.89
v -67.17 -3.65 3.90
v -12.60 24.10 -11.74
v -11.57 25.62 -12.88
v -17.13 20.87 -12.46
v -14.12 21.12 -13.59
v -80.67 -14.05 8.62
v -80.00 -14.55 4.76
v -20.20 16.82 -12.07
v -17.15 19.57 -13.97
v -28.14 12.01 -10.77
v -26.67 13.58 -11.07
v -20.91 16.80 -13.78
v -19.98 16.23 -13.32
v -32.27 11.42 -11.70
v -29.73 11.61 -11.06
v -7.82 23.06 -19.03
v -26.77 12.69 -13.04
v -30.49 10.65 -12.28
v -21.10 16.39 -17.10
v -14.15 17.82 -17.26
v -13.12 19.08 -18.70
v -10.58 20.18 -19.11
v -6.86 21.93 -19.21
v -4.34 23.85 -22.50
v -82.81 -17.53 5.66
v -27.83 10.58 -13.37
v -3.95 23.05 -19.95
v -2.71 22.84 -22.00
v -84.57 -22.56 2.14
v -0.59 18.91 -25.94
v -0.87 20.63 -25.04
v -85.80 -28.80 -1.95
v -5.48 15.32 -27.13
v -7.39 13.39 -28.86
v -6.61 12.00 -28.22
v -84.77 -28.79 -6.11
v -11.60 8.82 -26.93
v -15.44 5.72 -28.21
v -21.37 1.33 -26.54
v -15.53 5.31 -29.22
v -86.61 -34.19 -6.78
v -19.19 2.24 -28.37
v -16.08 3.15 -28.93
v -13.18 8.11 -33.09
v -86.25 -34.10 -8.69
v -14.21 6.26 -32.93
v -5.12 8.68 -33.42
v -86.27 -35.41 -9.48
v -85.59 -33.74 -9.53
v -85.77 -34.09 -8.80
v -86.10 -34.81 -9.18
v -2.73 9.73 -35.43
v -86.02 -35.19 -9.98
v -85.51 -34.36 -10.57
v 3.47 12.43 -38.96
v -86.35 -36.30 -10.22
v 0.40 10.00 -38.70
v 3.40 10.79 -38.89
v 4.40 11.51 -40.83
v 8.41 11.76 -41.54
v 4.26 9.85 -40.58
v 5.87 10.45 -42.36
v -86.60 -39.78 -12.95
v 5.70 9.75 -41.12
v 6.88 9.63 -43.24
v 5.27 7.92 -42.34
v 3.87 5.69 -44.71
v -1.07 3.02 -43.58
v -4.29 0.73 -43.60
v -15.97 -6.71 -41.27
v -82.89 -42.17 -21.20
v -18.01 -8.91 -40.97
v -17.09 -9.37 -41.23
v -16.19 -8.14 -40.79
v -16.58 -7.78 -41.64
v -84.45 -45.05 -20.15
v -18.33 -9.23 -42.44
v -18.91 -9.41 -43.08
v -15.97 -8.83 -43.83
v -82.57 -48.72 -23.06
v -19.00 -11.84 -41.96
v -9.05 -6.64 -46.44
v -1.89 -5.11 -49.81
v -4.17 -7.11 -51.05
v -0.13 -7.19 -54.92
v -76.01 -49.66 -31.65
v -0.96 -7.76 -53.30
v -70.77 -46.31 -34.33
v -1.22 -10.46 -55.87
v 0.95 -8.62 -56.60
v -69.09 -46.09 -35.61
v 1.01 -10.26 -57.75
v -74.15 -50.66 -33.08
v -71.57 -48.55 -34.94
v -69.20 -47.52 -35.66
v -68.38 -46.77 -35.91
v -64.38 -44.04 -37.59
v -68.16 -47.96 -36.38
v -64.85 -46.18 -37.53
v -66.12 -46.94 -37.55
v -65.18 -46.35 -37.94
v -64.55 -47.07 -38.06
v -56.37 -42.55 -40.97
v -3.18 -13.23 -56.89
v -64.82 -45.23 -38.69
v -54.72 -40.22 -41.95
v -49.48 -39.54 -43.79
v -44.81 -35.10 -46.01
v -41.84 -32.96 -47.46
v -13.38 -20.12 -54.94
v -10.49 -17.57 -56.00
v -6.30 -15.35 -56.76
v -51.02 -41.59 -44.05
v -53.72 -42.44 -43.36
v -47.89 -38.33 -46.06
v -41.35 -36.27 -48.22
v -34.41 -31.87 -49.69
v -20.08 -25.21 -53.00
v -19.69 -25.00 -54.45
v -29.45 -31.00 -52.30
v -35.52 18.01 1.85
v -26.69 23.70 -1.66
v -18.04 25.93 -2.39
v -16.78 27.79 -4.00
v -12.74 29.55 -3.86
v -10.38 31.01 -5.97
v -37.58 17.89 0.90
v -19.06 25.98 -3.67
v -18.17 26.82 -4.28
v -45.78 12.52 2.56
v -36.51 16.35 1.03
v -21.52 24.26 -3.20
v -18.73 26.13 -4.26
v -16.15 27.19 -6.07
v -45.47 11.18 2.24
v -11.15 29.18 -7.25
v -55.72 5.01 5.76
v -9.46 28.96 -8.82
v -11.83 27.80 -9.60
v -64.40 -0.77 7.19
v -69.17 -4.44 8.60
v -9.31 27.03 -10.61
v -10.71 27.65 -11.85
v -77.74 -10.53 9.27
v -69.95 -5.92 6.08
v -8.02 27.12 -12.21
v -79.32 -12.21 9.48
v -9.97 25.45 -12.73
v -76.41 -10.93 7.70
v -13.01 23.69 -13.45
v -77.88 -12.01 5.19
v -13.66 22.32 -12.02
v -11.19 22.79 -13.08
v -17.00 19.21 -12.28
v -15.48 18.81 -13.23
v -4.97 24.05 -17.74
v -29.14 10.47 -11.59
v -10.12 20.92 -16.44
v -4.05 24.54 -20.42
v -0.72 25.33 -20.53
v -9.09 20.25 -17.20
v -25.30 12.30 -13.36
v -20.01 14.10 -15.89
v -0.69 23.67 -21.28
v -0.10 24.73 -22.41
v -83.43 -19.58 4.93
v -81.68 -18.17 4.40
v -83.34 -22.86 0.92
v 4.06 24.18 -23.73
v -84.46 -24.79 1.95
v 0.02 19.89 -27.20
v -85.40 -26.99 -0.49
v -2.94 17.38 -26.66
v 1.42 18.65 -27.45
v -0.92 16.56 -26.30
v -4.04 16.35 -28.40
v -2.21 15.68 -28.02
v -86.35 -30.67 -4.51
v -5.01 13.92 -26.85
v -84.78 -30.09 -3.87
v -10.56 9.80 -28.71
v -19.97 1.36 -24.73
v -14.62 4.38 -27.96
v -13.42 6.08 -29.82
v -85.29 -32.99 -7.20
v -20.80 1.12 -26.88
v -9.84 5.90 -30.46
v 2.47 12.79 -35.86
v -86.47 -35.86 -8.37
v 2.98 12.75 -37.59
v -86.07 -35.57 -9.50
v -85.90 -35.82 -8.73
v -86.21 -36.43 -8.89
v 2.85 11.18 -37.42
v -85.84 -36.25 -10.31
v 5.85 11.70 -38.34
v 6.63 13.07 -39.33
v -86.80 -37.74 -10.28
v 9.63 9.27 -43.63
v 5.38 5.56 -43.21
v 6.33 8.40 -43.90
v -85.72 -43.82 -15.17
v 3.74 3.54 -44.91
v -1.11 1.05 -44.91
v -15.17 -8.50 -39.93
v -8.38 -3.43 -42.68
v -0.76 -0.27 -44.32
v -14.07 -9.44 -39.72
v -82.07 -44.96 -22.21
v -20.03 -12.06 -40.51
v -16.33 -9.54 -41.92
v -83.34 -49.23 -20.64
v -18.91 -12.36 -40.85
v -14.05 -9.94 -44.15
v -1.98 -5.20 -47.89
v -0.24 -6.61 -51.10
v 1.46 -7.07 -52.97
v 0.16 -6.04 -53.46
v -75.35 -48.53 -30.48
v 4.35 -7.98 -55.08
v 5.73 -6.24 -55.56
v -78.06 -49.56 -29.36
v -70.03 -46.84 -35.14
v -69.24 -48.01 -35.62
v -69.14 -48.75 -35.25
v -68.59 -47.60 -35.99
v 1.74 -11.33 -56.84
v -72.11 -49.98 -34.55
v -69.37 -48.98 -35.66
v -68.48 -48.71 -35.92
v -67.79 -48.23 -36.00
v -66.40 -47.82 -36.52
v -65.76 -46.63 -37.07
v -65.77 -47.59 -37.34
v -58.96 -43.97 -39.89
v -68.97 -50.17 -36.03
v -66.96 -49.67 -37.14
v -64.15 -47.01 -37.68
v 0.58 -13.14 -57.27
v 1.20 -11.94 -58.52
v -0.34 -14.07 -58.72
v -64.09 -47.58 -38.66
v -51.83 -41.99 -42.73
v -45.25 -38.41 -45.13
v -5.98 -17.25 -56.49
v -51.57 -42.85 -43.35
v -50.06 -42.22 -44.01
v -38.93 -34.29 -47.92
v -26.76 -29.42 -51.68
v -12.33 -21.02 -55.88
v -5.93 -18.56 -57.17
v -2.81 -16.62 -58.06
v -45.11 -39.57 -46.25
v -26.31 -28.99 -53.30
v -20.92 -27.88 -53.08
v -37.16 -36.96 -48.47
v -31.06 -33.75 -50.49
v -25.47 -30.91 -52.19
v -32.34 19.57 1.34
v -18.20 26.04 -3.02
v -8.86 31.16 -4.27
v -7.55 31.88 -6.91
v -42.31 12.46 4.39
v -32.16 17.05 2.21
v -31.12 19.17 0.38
v -25.79 21.51 -0.94
v -17.15 26.28 -3.48
v -17.59 26.57 -4.30
v -15.62 26.94 -4.22
v -12.32 28.64 -5.22
v -50.32 7.42 6.14
v -19.61 25.03 -3.43
v -7.32 29.90 -8.07
v -9.57 29.79 -6.48
v -8.04 31.01 -8.74
v -3.81 31.92 -8.60
v -63.77 -1.43 8.82
v -54.28 3.91 5.87
v -6.51 30.49 -9.91
v -58.28 1.84 5.76
v -6.77 29.21 -9.19
v -64.44 -2.32 6.37
v -5.05 28.74 -9.72
v -4.44 28.71 -11.37
v -71.16 -7.86 9.24
v -6.67 26.96 -10.55
v -9.54 24.98 -11.34
v -10.84 22.43 -11.29
v -7.72 24.46 -12.42
v -78.88 -13.26 7.38
v -13.82 20.66 -11.78
v -17.89 16.51 -12.70
v -27.60 10.03 -10.69
v -27.51 11.09 -10.29
v -25.22 12.49 -12.23
v -23.63 13.04 -11.69
v -9.06 19.85 -14.96
v -4.79 22.32 -17.27
v 2.23 25.63 -21.02
v -24.80 11.80 -12.17
v -24.14 11.05 -11.16
v -14.85 18.19 -15.81
v -11.86 17.84 -15.79
v -81.84 -20.36 5.13
v -22.13 11.91 -12.94
v -20.41 14.54 -14.69
v -16.04 14.85 -14.88
v -25.33 9.45 -12.06
v -23.93 10.58 -13.36
v -18.97 12.38 -14.17
v 1.17 24.25 -20.70
v 2.30 23.56 -22.25
v 3.49 22.79 -23.16
v 2.02 21.80 -25.93
v 2.09 19.48 -25.38
v 4.06 20.54 -26.33
v -4.00 13.20 -26.26
v -3.42 12.92 -27.52
v -86.15 -31.64 -3.38
v -14.27 5.58 -27.50
v -21.38 1.76 -26.20
v -15.17 3.87 -26.85
v -86.32 -34.24 -4.79
v -13.10 4.45 -27.86
v -5.25 9.15 -31.26
v -13.67 3.47 -28.75
v 3.84 12.80 -33.97
v -5.05 7.92 -31.67
v 1.36 10.80 -34.63
v 6.29 13.80 -36.20
v 8.39 13.65 -38.71
v 10.49 14.02 -38.15
v -85.75 -37.14 -9.76
v 8.74 12.46 -37.87
v -85.56 -37.86 -11.10
v 7.24 11.27 -39.65
v -86.78 -38.15 -9.03
v 11.88 11.07 -42.26
v -85.02 -40.11 -14.23
v 10.27 9.32 -41.81
v 8.16 7.30 -42.74
v 8.01 6.13 -44.70
v -1.16 1.08 -43.53
v -15.08 -9.19 -39.69
v -3.77 -1.83 -42.53
v -19.16 -11.50 -39.37
v -18.24 -10.14 -39.99
v -16.74 -10.16 -39.67
v -5.41 -4.36 -42.84
v -14.38 -9.81 -41.73
v -18.36 -12.75 -40.39
v -17.23 -12.85 -40.25
v -9.10 -8.02 -43.61
v -12.13 -11.10 -41.92
v -9.39 -9.73 -43.38
v -8.32 -8.91 -44.73
v -6.10 -7.73 -46.18
v -1.43 -6.47 -48.93
v 2.03 -5.05 -52.26
v 6.46 -4.26 -51.74
v -80.00 -51.90 -26.17
v 4.72 -5.57 -54.34
v -76.07 -50.51 -29.28
v 5.07 -6.31 -52.55
v 5.19 -7.13 -54.22
v 6.04 -8.80 -56.20
v 7.30 -9.32 -58.38
v -64.92 -47.62 -37.34
v -61.47 -46.21 -38.55
v -1.53 -15.08 -57.15
v 5.64 -11.02 -58.84
v -63.39 -49.20 -38.89
v -51.37 -42.39 -43.13
v -50.23 -41.53 -43.47
v -17.27 -23.84 -53.12
v -11.88 -20.96 -54.52
v -52.91 -44.26 -43.16
v -50.35 -42.95 -43.70
v -49.56 -42.24 -43.52
v -36.78 -35.19 -48.03
v -23.08 -27.72 -52.02
v -17.78 -25.54 -53.91
v -15.42 -23.60 -54.41
v -56.72 -46.53 -41.84
v -48.89 -43.60 -44.07
v -30.53 -31.76 -50.39
v -23.12 -29.08 -52.98
v -12.57 27.96 -1.83
v -34.67 16.45 3.24
v -20.46 24.64 -1.44
v -37.46 15.37 3.13
v -31.28 17.37 1.92
v -27.73 19.56 0.26
v -20.23 23.45 -2.04
v -17.99 25.67 -3.09
v -14.09 26.08 -2.70
v -12.54 27.70 -3.57
v -5.81 30.85 -6.50
v -4.05 32.66 -7.10
v -40.93 12.64 3.06
v -35.26 14.87 2.38
v -43.61 9.70 4.36
v -44.35 10.64 3.32
v -4.77 30.58 -7.81
v -60.31 0.68 8.33
v -1.80 30.92 -9.65
v -4.46 30.19 -10.44
v -72.98 -8.19 10.93
v -64.27 -3.04 7.97
v -76.38 -10.08 10.61
v -76.35 -11.51 9.90
v -5.52 26.32 -12.26
v -79.45 -13.71 11.18
v -77.92 -12.69 9.34
v -6.87 25.80 -10.82
v -79.11 -14.09 8.73
v -80.87 -15.55 9.57
v -80.67 -17.23 7.04
v -20.57 15.82 -11.62
v -8.28 20.51 -14.86
v -4.38 23.51 -16.05
v -26.12 10.97 -9.44
v -22.86 11.85 -10.34
v -18.75 14.75 -11.58
v -9.95 19.36 -15.03
v -3.51 23.11 -18.08
v -0.03 24.31 -18.81
v -82.00 -18.42 8.22
v -26.23 8.81 -9.70
v -18.86 12.95 -13.03
v -27.10 9.76 -11.84
v -26.03 8.82 -10.61
v -23.79 11.14 -12.05
v 3.67 24.98 -22.61
v 3.26 24.54 -20.43
v -83.75 -22.60 4.26
v 3.21 21.38 -24.30
v -84.29 -28.88 -1.76
v 4.02 19.09 -26.77
v -2.12 14.99 -26.36
v -84.87 -33.05 -4.29
v -6.89 11.56 -26.48
v -85.15 -32.23 -1.04
v -10.23 6.86 -26.31
v -20.11 2.69 -25.86
v -14.81 5.49 -25.75
v -18.55 -0.40 -22.85
v -7.60 5.35 -27.74
v -1.92 9.33 -30.50
v -16.72 0.47 -26.60
v -86.50 -37.02 -6.50
v 2.30 10.32 -32.73
v 6.01 12.02 -34.82
v 9.31 14.29 -36.27
v 7.58 12.55 -36.45
v 11.91 13.02 -40.09
v 10.37 12.07 -38.94
v 11.98 11.07 -40.24
v 14.72 10.70 -40.42
v 11.48 8.23 -42.28
v 12.71 9.16 -43.42
v -84.42 -43.17 -15.47
v 6.04 4.01 -43.29
v -83.01 -45.90 -19.37
v -0.95 -0.98 -42.46
v -15.29 -9.98 -39.31
v -14.94 -10.25 -38.39
v -12.74 -7.98 -39.40
v -84.66 -47.00 -16.76
v -17.81 -11.97 -38.23
v -14.69 -10.64 -39.64
v -14.47 -10.13 -39.28
v -13.48 -9.74 -39.24
v -18.17 -12.71 -38.75
v -13.10 -9.28 -42.50
v -15.34 -11.51 -41.59
v 1.87 -4.70 -49.05
v 5.17 -5.89 -48.78
v -81.73 -49.27 -24.36
v -79.00 -48.68 -26.01
v 3.62 -5.99 -50.31
v 7.71 -4.68 -53.57
v -73.91 -53.07 -30.86
v 7.32 -8.19 -57.72
v -77.06 -54.16 -29.43
v -67.96 -49.60 -35.30
v 6.68 -10.11 -57.07
v 9.08 -10.01 -58.85
v -65.10 -48.49 -36.87
v 3.22 -14.03 -57.52
v 4.26 -12.72 -59.00
v -65.34 -51.15 -37.50
v -51.56 -43.61 -42.39
v -4.37 -17.69 -56.25
v 1.09 -15.70 -57.03
v -47.19 -41.62 -43.74
v -18.42 -26.18 -52.14
v -13.55 -24.72 -53.12
v -1.55 -18.05 -57.09
v -0.59 -15.43 -58.54
v -42.09 -40.19 -46.37
v -36.58 -36.62 -47.26
v -55.73 -48.70 -41.64
v -50.55 -44.67 -43.51
v -9.14 30.16 -2.72
v -5.50 32.62 -5.11
v -30.48 18.55 2.35
v -16.24 25.72 -1.50
v -11.40 27.45 -2.71
v -8.91 29.59 -4.33
v -6.56 30.66 -4.94
v -40.76 11.62 5.36
v -32.29 16.44 2.55
v -30.73 16.54 2.22
v -21.30 22.25 -1.45
v -17.89 24.38 -2.26
v -2.62 31.48 -6.04
v -45.11 10.43 4.84
v -26.46 18.59 0.55
v -24.37 20.03 0.09
v -48.48 5.79 6.73
v -0.77 29.30 -8.81
v -69.58 -7.05 11.91
v -61.28 -1.52 8.21
v -75.54 -11.10 12.95
v -2.37 28.30 -11.38
v -74.92 -11.49 11.53
v -3.85 26.94 -10.22
v -3.53 25.57 -9.92
v -2.24 27.42 -11.44
v -79.16 -15.18 12.27
v -7.77 23.92 -10.79
v -8.41 22.72 -12.17
v -4.16 24.93 -11.54
v -79.86 -17.24 11.18
v -11.75 20.55 -12.60
v -16.07 18.02 -11.37
v -14.33 17.65 -11.98
v -5.22 21.32 -13.98
v -0.52 25.57 -17.39
v 3.41 26.57 -17.06
v -24.29 12.59 -9.78
v -8.35 18.88 -13.96
v 0.29 24.27 -17.07
v 3.18 26.26 -19.26
v 7.37 27.05 -18.15
v -26.58 9.66 -9.37
v -23.88 10.53 -10.35
v -12.09 18.81 -15.05
v -9.67 18.58 -14.22
v -8.38 19.46 -15.02
v -9.42 18.84 -14.94
v -6.50 20.93 -16.32
v 5.78 26.32 -20.12
v -9.73 17.90 -14.69
v 4.68 25.19 -19.01
v -24.46 7.13 -9.60
v -13.31 15.44 -14.39
v -23.30 8.18 -11.22
v -20.88 9.96 -12.39
v -16.22 13.26 -13.94
v 4.93 23.46 -24.41
v 8.40 22.24 -22.58
v 6.24 21.20 -23.79
v -83.43 -25.26 0.62
v 4.22 20.27 -24.66
v 6.06 19.05 -26.13
v 3.11 18.46 -25.36
v 1.52 17.15 -27.44
v 2.84 15.46 -26.42
v -6.56 10.19 -27.06
v -10.70 7.03 -24.72
v -8.18 7.68 -25.47
v -85.74 -34.40 -3.16
v -16.08 0.80 -24.38
v -19.06 -0.72 -23.70
v -14.87 3.18 -26.71
v 3.11 11.67 -32.01
v -85.32 -36.88 -3.71
v 8.95 14.13 -34.66
v -85.64 -37.30 -8.41
v 12.96 14.18 -37.80
v 11.89 12.90 -36.58
v 14.15 12.50 -39.71
v -86.35 -40.76 -8.30
v 13.28 12.00 -39.01
v 14.36 11.62 -40.79
v -86.32 -42.03 -11.44
v -85.80 -43.52 -9.99
v 15.61 7.66 -43.47
v 11.62 6.67 -44.26
v -83.28 -47.27 -15.81
v 8.45 4.22 -44.61
v 4.49 1.42 -44.36
v 8.30 2.30 -43.92
v -17.03 -13.22 -36.96
v -12.45 -9.75 -37.61
v -0.94 -2.50 -42.69
v -14.18 -11.12 -38.92
v -16.92 -13.72 -38.17
v -6.81 -8.78 -42.29
v -0.82 -6.66 -44.65
v -2.36 -6.08 -45.73
v -4.87 -9.55 -43.40
v -81.24 -48.22 -22.57
v 0.91 -6.68 -47.33
v 8.35 -5.45 -51.28
v 9.37 -5.52 -52.05
v 10.10 -6.54 -54.36
v 11.42 -4.53 -54.08
v 7.99 -6.61 -56.36
v 12.09 -6.81 -56.94
v 10.52 -8.31 -56.22
v -71.83 -52.25 -32.58
v -70.45 -49.31 -34.00
v 9.15 -10.45 -57.36
v -72.18 -54.53 -33.50
v -65.14 -50.72 -36.39
v 5.78 -12.01 -57.59
v -68.11 -52.92 -35.98
v -60.64 -52.11 -37.99
v -15.95 -24.75 -52.29
v 8.08 -12.93 -57.80
v 6.42 -13.52 -59.13
v -65.99 -52.61 -36.36
v -65.19 -52.17 -36.99
v -50.08 -43.02 -43.07
v -44.39 -40.65 -44.44
v -17.08 -27.20 -52.50
v -53.26 -45.06 -41.55
v -28.97 -32.94 -49.59
v -24.43 -29.88 -51.30
v -61.67 -50.98 -39.32
v -48.32 -45.01 -43.24
v -38.07 -39.24 -46.88
v -5.72 31.65 -2.61
v -3.47 32.84 -3.48
v -9.04 28.90 -1.46
v -1.63 33.36 -5.15
v -32.45 16.82 2.78
v -28.75 17.89 2.59
v -24.30 21.33 0.47
v -3.84 31.38 -5.22
v -33.53 15.38 3.70
v -31.51 16.21 2.53
v -30.87 16.68 2.76
v -24.63 20.09 0.89
v -18.84 22.02 -0.08
v -54.38 4.33 7.39
v -49.94 5.66 8.05
v -43.14 9.31 6.15
v -40.57 11.61 3.93
v -37.76 12.44 3.71
v -33.16 14.15 2.72
v -32.71 16.02 2.37
v -22.63 19.86 0.04
v -21.27 19.69 -0.46
v -18.76 21.39 -1.34
v 0.59 31.43 -8.68
v -53.08 3.17 7.25
v -41.27 9.21 5.05
v -36.83 10.41 4.81
v -1.16 30.74 -7.47
v -63.71 -3.82 11.43
v -56.95 1.26 7.62
v 0.51 30.00 -7.82
v -66.75 -4.50 10.51
v -0.79 29.65 -10.46
v -66.08 -6.23 10.72
v -77.58 -12.77 12.77
v -77.37 -11.68 11.95
v -2.68 28.06 -9.81
v -1.56 25.88 -10.79
v -79.24 -16.68 11.62
v -9.06 21.56 -10.01
v -11.99 19.67 -10.30
v -17.68 15.72 -9.92
v -15.27 17.26 -10.11
v -7.46 21.86 -11.32
v -0.04 25.15 -15.49
v -24.77 11.21 -8.05
v -21.63 13.37 -9.16
v -0.93 23.56 -13.71
v -80.76 -19.05 10.48
v -25.67 9.79 -7.43
v -25.96 8.98 -7.76
v -7.96 18.54 -13.13
v -1.76 22.16 -14.74
v 4.48 25.31 -16.07
v -24.27 9.38 -8.75
v -22.49 11.11 -8.98
v -9.92 17.58 -13.22
v -7.78 18.56 -14.13
v -23.98 9.02 -9.26
v -23.40 9.74 -10.53
v -14.36 15.81 -13.47
v -8.49 16.72 -13.71
v -20.10 10.68 -11.98
v -17.91 11.94 -12.34
v -22.00 8.61 -11.73
v -19.32 10.51 -12.81
v -16.26 11.44 -13.36
v 6.96 21.97 -25.12
v -82.79 -23.58 2.64
v -82.71 -27.52 1.78
v 8.45 21.34 -24.91
v 2.40 16.11 -25.28
v -7.56 8.44 -24.57
v -8.85 7.29 -24.23
v -8.53 8.05 -24.80
v -6.07 8.99 -25.63
v -84.67 -34.02 -0.93
v -17.38 1.85 -23.22
v -15.13 3.26 -25.85
v -84.03 -35.42 -2.11
v -84.95 -37.32 -5.24
v -15.62 1.14 -25.12
v -12.34 3.00 -26.75
v -19.26 -0.87 -24.43
v -11.20 2.93 -28.06
v -2.58 5.91 -28.89
v -3.71 7.37 -30.42
v 6.39 11.07 -32.29
v -85.48 -37.72 -4.28
v -14.66 -0.68 -26.02
v -13.53 1.59 -27.48
v 9.80 12.82 -35.08
v 14.54 13.64 -38.33
v 14.71 12.13 -38.67
v 15.47 12.52 -39.59
v -85.83 -41.48 -6.58
v 14.15 11.57 -39.96
v 14.92 11.98 -39.55
v 15.39 11.52 -40.69
v 14.85 11.37 -40.22
v -84.84 -42.82 -11.16
v 15.30 10.39 -42.06
v 14.51 8.41 -41.69
v -84.38 -44.41 -12.53
v 16.33 8.54 -43.01
v 10.46 6.21 -42.91
v -10.92 -8.41 -38.18
v -6.01 -4.50 -41.27
v -1.79 -3.32 -40.67
v 3.67 0.76 -42.79
v -12.61 -10.05 -37.91
v -13.19 -10.60 -37.90
v -10.81 -9.22 -38.96
v -81.93 -49.63 -19.64
v -5.07 -7.67 -43.86
v 2.60 -5.11 -47.12
v -0.39 -8.09 -44.72
v 7.47 -3.98 -49.83
v 10.15 -3.90 -52.10
v -78.84 -51.93 -25.08
v -78.76 -55.06 -26.94
v 14.49 -8.87 -57.05
v 13.93 -8.36 -58.29
v -67.23 -52.79 -34.90
v 9.56 -11.07 -59.20
v -65.04 -51.96 -36.58
v -13.30 -23.58 -52.65
v -9.54 -22.69 -52.66
v 0.39 -17.11 -56.24
v -67.50 -56.38 -35.47
v -66.12 -53.68 -36.40
v -65.16 -53.35 -36.55
v -64.46 -52.75 -36.78
v -57.08 -47.37 -40.04
v -20.96 -28.63 -51.02
v -11.42 -24.24 -53.08
v 3.47 -17.77 -57.40
v 4.69 -16.23 -58.36
v -63.79 -52.88 -37.53
v -48.77 -44.68 -42.65
v -47.07 -44.06 -42.98
v -45.39 -44.41 -42.84
v -43.79 -42.53 -43.61
v -40.34 -39.48 -45.43
v -23.22 -31.25 -49.97
v -19.04 -30.08 -50.74
v -63.21 -53.41 -37.85
v -48.29 -46.00 -42.93
v -46.47 -44.48 -43.64
v -58.51 -52.03 -40.27
v -2.04 33.34 -4.11
v -12.53 26.21 -0.70
v -7.23 29.46 -3.06
v -31.04 17.64 2.67
v -19.68 23.42 -0.52
v -37.55 11.59 5.40
v -31.57 15.98 3.19
v -24.48 18.91 0.62
v -24.10 19.92 0.44
v -22.91 20.70 0.43
v -16.62 23.00 -1.62
v -11.92 24.86 -1.74
v -0.26 32.93 -6.58
v -24.52 18.22 0.25
v -23.55 18.63 0.17
v -22.59 19.25 -0.03
v -20.30 19.89 -0.72
v 0.05 31.75 -5.19
v 1.97 31.58 -7.77
v -56.83 0.00 10.60
v -56.30 2.05 8.91
v -51.48 3.27 9.29
v -51.39 2.35 8.38
v -35.71 12.09 3.80
v -30.91 13.86 2.33
v -26.15 17.46 0.62
v -21.51 19.09 -0.28
v -60.50 -0.85 9.81
v -56.24 -0.24 9.39
v -69.71 -9.82 14.54
v -62.18 -4.43 10.85
v -59.68 -1.76 9.21
v -73.18 -10.42 13.51
v 0.75 29.10 -10.21
v -77.15 -14.07 13.66
v -68.82 -7.27 10.41
v -76.62 -14.41 13.66
v -0.92 26.90 -9.83
v -0.88 26.76 -10.44
v 0.35 27.13 -10.02
v -0.60 27.83 -10.69
v -78.98 -16.89 12.37
v -78.45 -16.32 11.83
v -79.44 -17.75 11.76
v -79.11 -16.85 11.09
v -79.38 -17.52 10.98
v -9.95 18.88 -10.17
v -79.63 -17.96 9.95
v -24.75 10.78 -6.66
v -22.85 12.16 -6.90
v -17.75 15.02 -8.24
v 3.45 25.19 -13.03
v 7.34 27.29 -16.26
v -15.35 15.69 -10.67
v -23.61 10.42 -9.31
v 4.53 25.39 -17.24
v -26.05 7.76 -6.33
v -9.81 16.11 -12.33
v 9.24 26.72 -19.24
v -25.72 7.25 -7.75
v -12.52 13.73 -12.05
v 6.60 24.49 -20.61
v -24.98 6.75 -8.61
v -21.09 9.57 -11.24
v -20.26 9.72 -11.82
v -19.16 10.05 -12.04
v -13.09 13.04 -13.33
v 10.12 25.46 -21.38
v -20.89 7.87 -11.55
v -20.22 8.93 -11.87
v -19.08 9.29 -11.73
v -18.85 9.36 -12.18
v -17.40 9.60 -12.76
v 7.40 23.35 -21.90
v 10.69 23.57 -21.00
v 10.11 22.80 -23.70
v 6.96 18.08 -24.02
v 10.76 19.25 -24.35
v -83.49 -30.41 2.22
v -82.83 -32.15 2.43
v -83.25 -33.70 1.77
v -6.04 9.91 -24.70
v -83.95 -33.77 -1.97
v -8.77 6.80 -22.80
v -7.88 7.14 -23.72
v -1.12 11.97 -25.81
v -83.20 -34.82 -0.61
v -10.45 6.12 -23.18
v -8.42 7.06 -24.36
v -6.60 7.67 -23.98
v -7.35 8.06 -24.86
v -14.24 3.76 -23.14
v -10.96 4.09 -23.37
v -9.25 5.87 -24.33
v -84.26 -35.49 -1.39
v -14.88 1.85 -23.78
v -18.41 -1.37 -22.51
v -15.61 -0.63 -22.17
v -84.18 -37.52 -2.43
v -18.32 -1.33 -23.63
v -3.93 3.70 -26.32
v 7.47 11.18 -30.40
v 8.82 13.55 -32.90
v 12.65 14.18 -33.05
v -84.81 -38.62 -3.63
v -84.81 -37.38 -3.91
v -17.28 -1.70 -24.15
v 12.02 14.56 -35.58
v -10.39 0.67 -27.02
v 15.65 14.41 -36.04
v -84.89 -40.32 -7.36
v 15.47 13.11 -34.75
v 17.09 13.54 -37.90
v 16.01 12.65 -36.88
v 17.20 12.17 -40.10
v 18.85 12.33 -39.11
v 15.58 11.18 -39.76
v 17.97 9.86 -41.93
v 15.91 7.11 -41.79
v 7.05 2.04 -42.52
v -13.20 -10.86 -36.67
v -11.10 -9.70 -36.32
v 4.68 -1.19 -41.34
v 5.74 0.08 -43.37
v -14.08 -10.95 -37.14
v -11.88 -10.37 -37.14
v -5.36 -6.12 -40.95
v -0.92 -4.44 -40.92
v -13.79 -11.87 -38.03
v -13.05 -11.43 -39.22
v -9.87 -11.11 -40.08
v -15.71 -13.48 -39.13
v -13.07 -12.45 -40.13
v -9.83 -12.82 -40.08
v 1.72 -5.94 -45.78
v 6.70 -5.19 -46.44
v 7.55 -5.44 -50.10
v 14.48 -3.41 -51.69
v -80.77 -54.19 -23.40
v -79.51 -55.97 -25.15
v -77.54 -53.77 -26.45
v 13.65 -6.64 -55.01
v -75.88 -55.89 -28.02
v -74.70 -56.79 -29.00
v -74.93 -55.26 -31.32
v 13.45 -10.37 -59.16
v -73.76 -58.56 -31.10
v -65.92 -53.22 -35.95
v -13.33 -25.59 -50.53
v -3.88 -20.07 -54.29
v 13.66 -11.79 -57.94
v 10.76 -12.42 -59.40
v -64.41 -53.90 -36.56
v -64.46 -53.36 -36.93
v -63.52 -52.93 -37.19
v -9.09 -24.69 -51.91
v -0.23 -20.41 -54.71
v 2.01 -19.16 -55.89
v 10.39 -14.43 -59.03
v -64.45 -54.43 -36.95
v -63.50 -54.11 -37.45
v -62.88 -53.61 -37.18
v -62.68 -52.17 -37.34
v -47.94 -44.85 -43.06
v -46.54 -44.53 -43.12
v -37.42 -38.87 -45.70
v -21.95 -32.03 -48.55
v -48.73 -45.86 -42.30
v -47.24 -46.24 -42.84
v -45.84 -45.56 -43.09
v -44.51 -45.27 -43.53
v -38.02 -41.71 -45.56
v -33.88 -40.90 -45.02
v -31.74 -39.25 -45.89
v -22.29 -30.88 -51.52
v -63.13 -55.39 -37.74
v -49.15 -47.14 -42.89
v -1.79 32.45 -1.65
v -4.22 31.00 -0.99
v -7.71 27.73 -1.90
v -3.99 29.89 -1.84
v -2.73 31.16 -2.71
v -1.06 31.92 -4.07
v 0.98 33.08 -5.06
v -13.95 25.04 -0.56
v -33.36 13.20 4.42
v -29.52 16.12 3.10
v -24.98 18.88 1.18
v 1.67 30.97 -6.03
v 3.67 31.89 -5.35
v -49.08 5.04 8.73
v -35.87 11.75 5.03
v -26.29 17.27 2.13
v -23.73 17.78 0.93
v -22.29 19.04 0.15
v -20.97 19.85 -0.06
v -56.31 -1.57 11.78
v -47.42 5.15 7.41
v -40.25 8.07 5.63
v -35.96 11.07 4.49
v -34.26 11.20 3.66
v -25.82 15.67 0.30
v -20.77 18.53 -0.35
v -20.10 19.16 -0.94
v -62.87 -5.24 12.87
v -20.80 18.55 -0.92
v 2.54 29.97 -8.63
v -66.59 -6.78 12.69
v -22.45 15.74 -1.67
v 0.59 28.93 -8.45
v -65.01 -7.27 11.98
v 2.94 28.66 -8.86
v -76.59 -13.27 14.21
v -74.56 -13.11 13.66
v -0.08 26.89 -9.54
v 0.05 27.48 -9.09
v -77.82 -15.14 13.47
v -77.21 -14.58 13.00
v -0.92 26.07 -9.52
v -77.94 -16.96 14.12
v -77.46 -15.27 13.18
v -5.60 23.30 -9.53
v -2.32 24.34 -8.54
v -79.00 -17.64 12.43
v -21.49 13.04 -5.84
v -12.83 17.95 -8.80
v -5.06 21.85 -9.89
v -78.92 -18.01 11.70
v -78.37 -17.63 12.38
v -24.47 11.05 -4.97
v -15.20 16.23 -7.51
v 4.36 26.48 -14.93
v 1.01 22.83 -11.83
v -25.77 9.34 -5.16
v -23.94 9.44 -5.67
v -21.60 11.27 -6.83
v -18.83 12.98 -8.89
v -15.56 14.82 -9.42
v -13.48 15.62 -8.57
v 1.42 24.16 -15.55
v 6.17 25.24 -14.29
v 9.24 27.49 -16.42
v -3.76 19.49 -12.05
v 9.49 26.00 -16.32
v -8.89 18.39 -14.29
v -4.30 18.89 -13.53
v 11.37 26.32 -19.66
v 9.87 25.64 -17.90
v -80.82 -21.11 7.45
v -19.46 8.39 -11.08
v -18.03 10.03 -11.71
v -14.15 10.56 -13.14
v -23.05 6.83 -10.27
v -17.74 7.54 -12.62
v -81.25 -25.52 8.46
v 13.07 22.33 -22.80
v 11.32 21.73 -21.96
v 11.56 21.29 -23.90
v 8.33 20.28 -23.51
v 7.73 20.45 -25.43
v -82.37 -31.74 2.78
v 6.95 17.21 -25.51
v -82.47 -31.27 1.61
v -1.68 12.43 -24.63
v 1.24 14.38 -24.81
v -6.94 8.54 -23.88
v -9.71 5.64 -21.13
v -7.42 7.90 -23.83
v -13.14 3.30 -20.74
v -83.26 -35.62 0.03
v -84.02 -35.95 -1.65
v -17.98 0.24 -22.23
v -15.35 0.31 -22.36
v -84.55 -37.12 -2.36
v -18.06 -2.37 -21.00
v -4.69 4.58 -26.82
v -84.75 -38.29 -4.20
v -3.68 4.04 -27.91
v 2.35 8.13 -29.96
v 10.67 12.43 -33.14
v -15.77 -2.01 -24.63
v -13.47 -1.70 -25.68
v -84.74 -41.00 -3.61
v 18.92 13.43 -36.93
v -84.36 -43.55 -8.92
v 10.77 3.87 -42.74
v 13.66 6.39 -42.48
v -10.13 -9.69 -35.80
v 7.27 0.50 -41.48
v -12.23 -10.05 -37.01
v -10.01 -9.29 -36.84
v -7.72 -7.62 -37.72
v 3.07 -1.91 -40.84
v -84.92 -46.70 -13.52
v -15.72 -14.31 -35.13
v -14.95 -12.83 -35.50
v -12.36 -11.07 -36.68
v -1.60 -6.52 -38.43
v 4.06 -2.14 -41.62
v 6.32 -0.88 -42.33
v -15.65 -15.46 -35.97
v -13.75 -14.83 -37.89
v -2.83 -9.08 -42.14
v -6.59 -10.89 -41.72
v -0.07 -9.90 -42.80
v 3.54 -7.18 -44.07
v -83.08 -51.05 -18.58
v 7.62 -6.72 -46.25
v 9.75 -5.79 -47.85
v 13.08 -5.04 -49.62
v 14.19 -3.76 -52.85
v 14.62 -5.11 -52.39
v 13.02 -5.73 -53.52
v 14.49 -5.40 -55.74
v 20.00 -5.93 -54.77
v 15.13 -7.80 -56.32
v 17.21 -7.07 -57.72
v 17.84 -8.78 -58.88
v -76.34 -58.98 -28.76
v 12.40 -10.57 -57.58
v 2.30 -18.37 -54.91
v -19.23 -29.09 -49.96
v -15.54 -27.82 -51.17
v -12.14 -26.72 -50.52
v 6.08 -15.80 -57.12
v 10.43 -14.42 -57.64
v 14.04 -13.49 -59.22
v -63.65 -54.25 -36.72
v -36.98 -40.79 -44.47
v -34.31 -39.36 -44.88
v -53.17 -47.96 -40.83
v -45.98 -45.80 -42.54
v -39.34 -42.81 -43.56
v -23.54 -34.12 -48.94
v -52.58 -48.96 -42.10
v -43.70 -45.99 -43.12
v -61.20 -56.16 -38.08
v -58.07 -55.08 -39.80
v -47.82 -50.83 -41.92
v -1.57 31.00 -1.88
v 0.69 33.04 -3.43
v -8.07 27.89 -0.50
v -4.85 28.11 -1.22
v -10.84 26.29 -1.85
v 1.42 31.55 -3.02
v 2.11 31.44 -3.66
v -40.84 8.61 6.80
v -35.77 11.12 4.88
v -20.18 19.54 -0.27
v -14.28 22.10 -1.54
v -50.30 2.02 10.12
v -47.02 4.26 7.91
v -41.38 6.66 6.27
v -36.50 9.63 4.96
v -35.41 9.85 4.59
v -35.04 10.57 4.66
v -27.39 14.33 2.44
v -17.47 20.55 -0.06
v -18.16 20.18 -1.45
v -59.14 -2.73 11.68
v -55.63 -1.41 10.29
v -48.66 1.90 8.83
v -44.82 3.69 7.90
v -29.39 12.23 1.51
v -22.73 15.99 0.20
v -18.06 18.65 -1.96
v -57.96 -2.52 10.34
v -26.71 13.17 -0.01
v -19.69 15.98 -1.48
v 2.76 29.27 -7.21
v 4.12 29.37 -7.00
v -68.57 -9.37 12.85
v -19.91 16.22 -2.76
v -17.82 17.08 -3.06
v -77.10 -15.26 14.47
v -73.91 -14.92 15.50
v -71.23 -12.48 14.38
v -22.33 14.18 -2.77
v -0.05 26.19 -9.20
v 1.31 27.24 -8.13
v 1.79 27.85 -9.76
v -76.49 -15.22 14.32
v -18.28 15.47 -4.69
v -0.52 25.70 -9.81
v 0.68 26.03 -9.31
v -24.72 11.41 -3.32
v -21.28 13.66 -4.50
v -7.63 21.11 -8.27
v -17.19 15.38 -6.12
v -12.14 17.89 -6.55
v -10.69 18.89 -7.59
v -4.36 21.41 -8.81
v -26.08 9.50 -3.09
v -22.29 11.01 -4.88
v -20.04 12.40 -5.51
v -9.19 18.45 -8.76
v 10.73 27.76 -14.29
v -15.98 14.17 -7.17
v 4.45 24.24 -13.48
v -78.92 -19.28 11.00
v -26.56 7.32 -3.93
v -81.53 -21.77 8.97
v 13.17 27.07 -17.98
v -24.36 8.65 -7.77
v -7.31 15.32 -11.69
v -7.18 17.19 -12.12
v -23.92 5.98 -6.33
v -9.86 13.43 -11.79
v -10.20 15.32 -13.49
v -15.39 11.09 -11.70
v 9.88 24.60 -20.09
v 13.08 25.23 -20.62
v -22.41 5.38 -9.77
v 11.26 24.03 -22.51
v 13.66 23.12 -20.26
v 10.93 20.24 -22.53
v -81.34 -30.86 6.32
v 9.18 17.82 -23.04
v -82.11 -31.85 3.76
v 6.41 16.37 -23.66
v -82.38 -32.71 2.94
v -82.33 -32.41 2.11
v -4.01 9.30 -21.89
v -1.73 11.22 -23.25
v 4.59 14.59 -25.14
v -6.21 7.96 -21.54
v -4.70 8.12 -23.55
v -82.47 -35.77 0.48
v -16.50 0.91 -21.10
v -10.42 3.69 -21.76
v -17.21 -0.35 -19.97
v -83.32 -37.11 -0.96
v -82.74 -36.44 0.31
v -15.36 -0.37 -21.01
v -83.93 -36.93 -1.22
v -83.64 -37.43 -1.90
v -83.99 -39.01 -2.29
v -14.76 -1.16 -23.78
v -83.58 -38.64 -1.71
v -17.02 -2.92 -22.79
v -11.43 0.13 -25.30
v -8.43 1.76 -25.98
v -15.29 -3.30 -24.03
v -1.98 2.74 -27.53
v -12.77 -3.17 -25.45
v 19.61 12.59 -37.59
v 18.36 12.11 -37.30
v 18.24 11.23 -38.76
v 19.48 11.81 -38.05
v 19.89 11.75 -38.61
v 19.83 11.31 -39.92
v 21.19 11.08 -38.92
v 18.24 8.95 -40.49
v 19.54 6.90 -40.77
v 16.93 5.45 -41.68
v -12.49 -11.25 -33.74
v -8.85 -9.37 -35.38
v -7.58 -8.50 -36.18
v 5.24 -2.15 -39.98
v 6.07 -1.10 -40.56
v 13.23 4.11 -43.88
v -10.21 -9.97 -36.39
v -9.81 -10.34 -35.46
v -8.58 -8.95 -36.92
v -7.91 -9.10 -36.61
v 4.75 -1.83 -41.07
v 5.43 -2.32 -40.23
v 10.71 -0.01 -41.59
v 14.25 2.75 -43.09
v -15.82 -15.40 -34.93
v -13.08 -12.93 -36.07
v -13.18 -11.16 -37.27
v -12.40 -11.95 -35.93
v -9.32 -9.43 -37.22
v 3.15 -3.97 -39.75
v 4.49 -2.41 -40.73
v 5.69 -1.81 -40.99
v -12.52 -13.77 -37.04
v -83.90 -49.33 -14.05
v -15.26 -15.07 -37.13
v -9.33 -13.05 -38.41
v -5.61 -10.51 -40.50
v 1.01 -7.84 -43.13
v -3.24 -10.99 -41.97
v 8.40 -6.21 -44.79
v 3.30 -8.25 -44.64
v 8.25 -4.19 -48.39
v -80.27 -53.41 -21.00
v -79.49 -53.25 -23.34
v 19.14 -5.07 -53.17
v 20.45 -4.59 -55.28
v -71.86 -56.25 -31.42
v -13.70 -27.26 -48.44
v -8.16 -23.16 -51.50
v 16.97 -9.81 -57.64
v -16.89 -29.00 -48.57
v 14.39 -13.24 -57.92
v 3.45 -17.47 -56.00
v 13.28 -14.92 -57.23
v 16.82 -11.32 -59.51
v -62.60 -55.09 -36.72
v -27.38 -34.45 -48.06
v -69.92 -58.86 -33.27
v -67.26 -58.64 -34.70
v -65.97 -58.75 -35.62
v -60.46 -54.87 -37.58
v -47.63 -46.44 -42.15
v -41.38 -45.56 -41.83
v -29.76 -40.09 -44.67
v -63.93 -58.77 -36.75
v -62.06 -56.62 -37.69
v -49.94 -48.83 -40.95
v -46.99 -48.70 -41.11
v -61.91 -57.68 -37.54
v -60.17 -56.54 -38.57
v -60.45 -56.94 -38.06
v -54.67 -55.23 -40.67
v -1.57 31.35 -0.46
v -4.98 28.06 0.26
v -2.44 30.28 0.05
v -1.44 30.46 -1.40
v 1.91 32.08 -2.40
v -7.25 26.33 0.15
v -12.91 23.62 -0.04
v -9.30 24.43 -1.57
v -36.33 10.12 5.43
v -47.13 4.55 9.18
v -43.68 5.31 8.58
v -35.21 9.78 5.22
v -33.46 10.59 4.71
v -29.64 11.82 3.15
v -14.43 20.72 -0.36
v 3.29 30.45 -4.94
v -61.84 -6.14 13.63
v -50.26 -0.05 9.68
v -40.61 5.48 6.32
v -36.85 8.26 4.98
v -12.52 20.90 -2.12
v 3.46 29.31 -6.99
v -63.98 -8.07 14.22
v -56.60 -3.15 10.89
v -54.18 -3.31 10.94
v -35.67 7.35 4.50
v -20.08 17.23 -0.65
v -12.37 20.23 -1.01
v -12.73 19.50 -2.92
v 3.29 28.86 -7.11
v 3.45 29.18 -7.86
v -71.94 -12.23 15.47
v -68.39 -11.10 14.32
v -62.53 -7.82 12.77
v -32.20 9.62 2.69
v -20.88 14.14 -2.14
v -13.62 18.33 -3.73
v -25.70 12.28 -1.28
v -25.26 12.64 0.30
v -15.96 16.65 -4.38
v -11.97 18.67 -4.16
v -76.83 -17.11 15.22
v -76.95 -15.65 14.04
v -24.21 11.72 -1.26
v -18.61 14.91 -2.89
v -12.56 17.95 -5.37
v -8.09 20.39 -5.90
v -1.91 23.83 -7.38
v 0.06 25.52 -8.11
v -1.26 24.37 -9.87
v -76.90 -18.23 14.87
v -28.01 9.27 -0.53
v -19.10 13.48 -4.43
v -15.37 16.33 -5.53
v -77.26 -18.05 13.68
v -76.58 -17.51 14.93
v -27.22 7.69 -2.23
v -22.88 11.60 -2.88
v -9.88 17.62 -7.44
v -23.84 9.93 -3.61
v -16.62 14.18 -5.57
v -15.74 14.63 -5.08
v -13.07 15.65 -6.89
v -24.52 8.38 -4.28
v 12.25 27.86 -15.88
v -78.33 -19.45 14.06
v -4.65 20.30 -14.61
v 15.84 26.78 -17.77
v -24.60 6.75 -5.13
v -80.28 -24.93 7.76
v -26.03 5.43 -5.46
v -2.79 17.43 -12.72
v 13.43 25.55 -17.49
v -8.39 13.38 -13.29
v -7.78 14.72 -13.25
v 13.82 24.21 -19.27
v -24.22 4.42 -7.65
v -21.92 7.11 -9.22
v -19.57 6.66 -10.35
v -17.45 7.19 -11.26
v -15.63 9.19 -11.53
v -8.76 10.85 -13.89
v -20.12 5.67 -11.24
v -17.61 5.67 -12.59
v -14.75 7.84 -13.30
v -12.11 9.67 -13.50
v 14.43 22.17 -20.42
v -20.76 4.26 -10.72
v -19.28 4.99 -11.21
v -18.07 4.95 -12.00
v -15.50 6.21 -13.50
v -81.09 -30.23 4.23
v 13.70 21.02 -22.90
v 12.89 19.81 -21.59
v -81.69 -32.15 4.86
v -82.00 -32.70 3.66
v -81.78 -31.82 3.28
v 5.18 14.74 -23.15
v -81.40 -32.63 3.63
v -10.09 4.75 -19.07
v -9.34 5.72 -19.37
v -5.40 8.17 -20.33
v -0.08 10.81 -21.22
v -11.55 3.86 -18.97
v -10.59 4.36 -19.43
v -3.45 7.62 -20.79
v -1.09 9.50 -22.77
v -0.89 10.63 -24.32
v -14.82 2.11 -18.00
v -14.38 2.24 -19.08
v -9.92 3.88 -20.66
v -7.25 5.93 -22.11
v -17.09 -0.50 -18.69
v -13.96 1.04 -21.11
v -17.82 -1.59 -19.93
v -82.96 -37.37 0.09
v -82.70 -37.16 -0.16
v -18.07 -4.56 -19.30
v -15.52 -1.36 -22.35
v -82.65 -39.71 -1.13
v -17.76 -2.79 -21.70
v -14.74 -2.47 -22.71
v 8.68 9.00 -28.11
v 11.46 12.82 -31.05
v -83.72 -39.88 -2.06
v -83.39 -40.09 -2.57
v -13.26 -1.20 -24.34
v -6.67 0.59 -25.59
v 3.24 5.83 -28.46
v 10.81 10.99 -30.94
v -83.20 -42.56 -1.68
v -10.86 -1.24 -24.93
v -9.62 -0.46 -26.71
v 19.78 14.00 -35.03
v -9.33 -1.86 -26.58
v 20.46 12.37 -37.40
v 19.59 12.06 -37.32
v 20.51 11.81 -37.25
v 20.81 11.78 -37.99
v 20.99 11.33 -38.13
v -82.42 -46.52 -6.47
v 19.97 11.07 -38.61
v -84.26 -45.99 -7.95
v 19.70 6.97 -42.46
v -10.65 -10.03 -33.68
v -7.11 -8.50 -34.58
v -6.01 -8.41 -35.28
v -13.78 -12.38 -34.19
v -5.03 -7.80 -35.74
v 0.36 -4.45 -38.13
v -11.49 -12.07 -34.41
v -8.24 -9.55 -35.57
v -5.91 -8.79 -35.49
v 5.91 -2.99 -39.33
v -83.22 -47.54 -12.61
v -13.03 -13.67 -35.84
v -11.91 -15.48 -36.14
v -14.98 -16.61 -35.63
v -12.97 -16.07 -37.24
v -9.27 -14.88 -37.38
v -9.51 -14.11 -39.20
v -1.67 -10.84 -40.61
v -3.48 -12.67 -40.92
v 4.85 -9.68 -43.37
v 9.47 -8.20 -44.04
v 18.77 -4.88 -48.80
v 15.73 -3.35 -49.42
v 17.35 -3.15 -50.69
v 16.20 -4.74 -51.21
v 18.45 -3.40 -52.77
v 18.48 -3.95 -54.15
v -76.51 -57.43 -26.47
v -75.28 -59.31 -27.29
v 20.60 -6.00 -56.99
v 21.77 -7.41 -58.09
v -77.54 -59.92 -26.33
v -73.19 -58.57 -29.62
v 20.36 -8.63 -57.15
v -10.66 -25.98 -48.80
v -9.80 -25.27 -49.34
v -7.70 -24.29 -49.14
v -1.89 -20.81 -52.93
v -0.71 -21.16 -51.91
v 0.20 -21.03 -52.70
v -13.95 -29.04 -48.62
v -10.85 -26.82 -49.36
v 1.04 -20.39 -53.15
v 19.46 -11.00 -57.98
v 20.30 -11.09 -59.49
v -23.76 -35.69 -45.26
v 0.31 -21.04 -53.57
v 8.04 -17.20 -55.97
v 18.42 -12.65 -59.46
v -66.15 -55.87 -34.69
v -22.66 -35.36 -47.24
v 6.59 -18.35 -56.71
v -67.43 -59.21 -33.99
v -61.72 -56.52 -37.10
v -44.27 -47.03 -41.53
v -66.70 -60.12 -34.64
v -61.54 -57.56 -37.21
v -60.77 -56.01 -37.55
v -56.68 -54.24 -38.79
v -51.73 -52.76 -39.99
v -39.49 -45.05 -43.31
v -60.16 -56.87 -37.75
v -58.72 -57.49 -39.12
v 0.16 31.96 -1.05
v -3.34 27.78 -0.85
v 0.08 30.06 -1.39
v 0.59 31.00 -2.17
v 2.03 31.35 -2.35
v 2.54 31.61 -3.07
v 2.69 32.09 -3.34
v 3.75 32.03 -4.36
v -9.97 24.27 -0.02
v -5.40 26.20 -1.24
v 2.92 30.83 -3.30
v -10.79 22.51 -0.31
v -9.00 23.15 -1.93
v 3.72 29.89 -4.57
v 4.64 30.85 -5.08
v -37.43 8.15 6.58
v 3.76 29.17 -6.70
v 4.51 30.00 -6.55
v -56.09 -3.11 12.42
v -32.36 10.55 4.35
v -31.28 8.56 3.57
v -9.07 21.42 -3.06
v 3.66 28.52 -6.60
v -61.84 -6.10 12.13
v -57.91 -5.50 12.01
v -44.86 1.77 8.31
v -26.99 12.92 1.72
v 2.78 26.67 -6.10
v 4.08 28.49 -7.24
v -60.18 -8.13 12.97
v -39.84 3.49 6.21
v -13.64 18.14 -2.02
v 1.74 26.53 -7.27
v -75.93 -15.59 16.28
v -72.69 -15.94 16.55
v -36.63 3.81 4.73
v -27.34 9.94 0.94
v -15.67 15.81 -3.38
v -4.53 22.14 -6.24
v 2.68 26.46 -8.70
v -76.04 -17.54 15.66
v -33.40 5.02 2.88
v -0.74 22.87 -7.65
v 0.84 24.51 -8.43
v -76.86 -18.96 15.32
v -6.77 19.44 -6.71
v -28.89 7.22 -0.34
v -11.34 16.89 -5.61
v -24.90 9.09 -2.30
v 6.65 24.99 -11.02
v 4.59 23.46 -12.38
v 10.43 25.45 -12.14
v 9.44 25.99 -14.47
v 15.66 27.81 -15.57
v 14.69 26.30 -15.53
v -3.44 17.66 -11.27
v -26.92 4.69 -3.55
v -3.31 16.10 -11.17
v -23.11 6.15 -7.58
v -4.48 15.19 -13.05
v -78.33 -27.09 10.03
v -20.82 5.11 -9.06
v -9.44 11.58 -12.00
v -6.09 12.89 -13.64
v 15.22 24.19 -20.78
v -19.11 5.08 -10.72
v -14.76 7.63 -11.91
v -22.63 3.39 -9.03
v -18.30 5.49 -11.20
v -19.13 4.05 -11.55
v -18.16 4.36 -11.81
v -17.56 4.89 -11.76
v -11.53 8.82 -12.47
v -12.16 7.58 -14.41
v -17.32 4.18 -13.16
v -20.38 2.76 -11.23
v -14.84 4.59 -14.85
v -10.84 6.71 -15.92
v -7.76 7.70 -16.88
v 10.98 18.53 -24.10
v 16.44 20.09 -21.37
v -14.84 3.26 -16.11
v -11.34 4.18 -18.04
v -10.52 4.80 -18.18
v -9.12 6.50 -17.89
v -4.54 8.67 -18.89
v 8.18 15.78 -22.31
v -0.86 10.20 -20.13
v 3.15 12.89 -22.42
v 5.63 13.92 -24.10
v -16.65 1.80 -15.43
v -16.24 1.07 -17.15
v -13.15 3.48 -17.68
v -10.45 3.86 -19.52
v -11.03 3.76 -18.37
v -9.74 4.50 -19.08
v -8.51 4.81 -19.92
v -17.86 -1.24 -16.70
v -11.55 2.73 -19.17
v -81.52 -36.02 2.25
v -18.08 -2.26 -17.53
v -15.80 -1.38 -19.62
v -14.65 0.13 -18.88
v -82.35 -36.41 1.67
v -18.23 -3.50 -18.56
v -82.84 -39.61 -0.68
v 2.60 5.83 -27.04
v -83.01 -40.45 -1.08
v -13.41 -2.61 -23.66
v 9.57 9.18 -29.53
v 17.90 14.48 -33.82
v -82.86 -41.08 -2.64
v -12.07 -3.50 -24.25
v -4.31 0.49 -27.19
v -15.05 -4.90 -23.58
v -7.77 -0.96 -25.39
v -84.59 -42.63 -4.29
v -13.33 -4.57 -24.98
v -10.10 -4.09 -26.26
v -7.88 -2.69 -26.97
v -11.56 -4.64 -25.52
v 22.09 11.71 -37.66
v 21.40 11.38 -37.72
v 22.11 10.86 -37.80
v 22.37 10.73 -38.66
v -82.96 -48.61 -6.31
v -82.94 -46.79 -5.25
v 21.67 10.54 -38.43
v 22.41 9.60 -40.13
v -9.28 -9.49 -31.84
v 21.33 8.93 -41.23
v -12.57 -11.47 -31.87
v -8.76 -9.43 -32.45
v -8.04 -9.05 -32.64
v -5.42 -8.10 -34.49
v 20.71 7.87 -41.94
v -4.51 -7.73 -34.94
v -1.29 -6.00 -35.45
v -3.28 -6.61 -36.39
v -81.67 -51.34 -14.24
v -9.15 -10.62 -34.02
v -5.83 -8.91 -34.47
v -5.06 -8.42 -35.76
v -4.49 -8.21 -34.99
v 2.98 -4.17 -37.69
v 4.82 -3.39 -38.37
v 5.89 -2.60 -38.92
v 14.97 3.19 -41.66
v 17.30 2.77 -42.31
v -4.43 -8.17 -37.08
v 1.61 -5.81 -37.26
v 4.04 -4.10 -38.23
v 6.31 -3.15 -38.55
v -83.63 -48.46 -9.61
v -15.84 -17.46 -32.59
v -14.45 -15.39 -31.86
v -12.99 -16.71 -34.41
v -12.74 -15.06 -35.52
v -5.29 -12.85 -38.96
v -14.43 -17.41 -35.66
v -8.76 -15.40 -38.82
v 4.60 -8.62 -42.69
v -3.45 -14.19 -40.45
v 11.56 -5.24 -46.15
v 14.96 -4.21 -47.18
v 10.23 -7.50 -45.18
v -79.70 -58.69 -20.10
v 24.00 -3.91 -53.72
v 24.46 -5.37 -55.96
v -79.30 -58.22 -23.46
v 20.28 -6.82 -55.80
v 25.49 -7.69 -57.84
v -12.05 -27.11 -46.89
v -9.97 -26.03 -48.07
v -8.89 -25.72 -48.47
v -8.94 -25.24 -48.76
v 24.31 -9.12 -58.69
v -75.59 -63.31 -26.43
v -10.09 -26.23 -48.93
v -9.17 -26.42 -48.00
v -8.80 -25.67 -49.21
v 1.22 -20.96 -52.03
v 2.12 -20.38 -52.59
v 19.92 -9.50 -59.20
v -74.31 -63.00 -28.04
v -19.26 -32.26 -46.15
v -8.95 -25.61 -50.03
v -1.63 -22.25 -52.73
v 0.38 -21.48 -52.39
v 1.02 -21.00 -53.10
v 1.86 -21.06 -52.45
v 19.59 -12.10 -58.03
v -74.08 -61.13 -29.54
v -68.34 -58.42 -32.72
v -25.51 -35.99 -45.92
v -68.29 -59.75 -33.24
v -67.93 -60.45 -32.86
v -67.32 -59.04 -33.50
v -23.26 -37.09 -45.26
v 14.23 -14.95 -58.55
v -68.12 -60.62 -33.24
v -67.32 -60.23 -33.75
v -66.61 -59.75 -33.65
v -39.95 -46.72 -40.73
v -36.74 -42.57 -43.27
v -32.27 -42.67 -43.01
v -38.72 -46.92 -41.64
v -60.73 -58.28 -38.06
v -58.27 -57.10 -38.19
v -53.79 -53.55 -39.57
v -52.07 -53.74 -41.22
v -59.81 -58.69 -38.20
v -58.75 -58.32 -38.61
v 0.54 30.86 -0.26
v 0.34 29.23 0.35
v 2.62 30.89 -0.94
v 2.61 31.24 -1.69
v -3.34 27.33 0.57
v 2.72 30.95 -2.34
v 3.49 31.25 -2.45
v -6.21 25.76 0.32
v -3.14 26.45 -1.02
v -0.18 27.46 -1.09
v 3.36 29.83 -2.68
v 4.24 31.28 -2.95
v -50.86 -0.19 11.19
v -7.15 22.18 -1.12
v 3.99 28.74 -5.09
v -61.71 -8.43 14.57
v -44.51 2.53 9.58
v -40.03 5.17 7.69
v -35.05 7.28 5.72
v -5.49 22.75 -3.01
v -67.98 -11.08 15.81
v 5.33 28.01 -6.05
v -74.32 -16.54 17.62
v -74.46 -14.57 16.57
v -57.22 -7.98 12.62
v -9.87 19.53 -2.57
v -7.46 21.03 -4.55
v -0.92 23.96 -4.36
v 0.35 24.77 -6.26
v 4.00 27.22 -7.67
v -68.29 -13.33 15.40
v -12.14 17.38 -3.53
v -8.35 19.10 -4.43
v 3.91 25.65 -6.11
v -75.25 -17.79 16.32
v -74.44 -17.22 16.66
v -26.27 9.36 -0.28
v -6.29 19.82 -4.92
v -2.07 21.78 -6.23
v -76.12 -19.25 15.43
v -75.54 -18.15 16.40
v -30.14 4.62 0.18
v 15.85 28.13 -13.83
v -28.66 4.27 -1.33
v 0.58 20.55 -10.59
v 4.13 22.23 -11.57
v 14.05 26.52 -14.23
v 2.51 19.02 -11.04
v -0.25 19.70 -12.30
v -25.40 6.49 -2.92
v -1.18 17.54 -12.34
v -5.41 13.81 -11.69
v -25.76 3.08 -5.26
v -6.20 11.19 -12.74
v -4.13 12.77 -13.95
v 17.18 23.63 -18.35
v -20.65 2.62 -8.98
v -23.01 1.95 -8.57
v -18.88 4.17 -10.97
v -5.06 10.97 -14.95
v -10.30 8.33 -13.21
v -16.88 4.40 -12.18
v -15.60 3.82 -13.21
v -11.24 5.96 -14.57
v -9.91 7.87 -15.35
v -4.56 9.98 -16.21
v 15.20 18.95 -20.06
v -79.44 -31.23 9.03
v -15.05 2.46 -14.72
v 11.44 17.11 -21.33
v 11.24 16.98 -23.29
v -19.00 0.95 -13.26
v -7.22 6.46 -16.69
v -2.27 9.81 -18.52
v 0.57 10.23 -19.13
v -10.18 4.89 -16.77
v -2.11 8.20 -19.08
v 1.70 10.75 -20.08
v 6.10 13.62 -21.18
v -81.74 -33.19 2.68
v -18.34 -0.17 -14.74
v -15.03 1.27 -15.82
v -10.54 4.21 -17.69
v -4.83 7.04 -18.57
v -0.04 9.20 -20.36
v 1.68 10.10 -20.10
v 1.42 10.10 -21.63
v 5.43 11.63 -21.31
v 5.81 12.96 -22.95
v -81.81 -34.34 3.82
v -80.76 -35.19 3.14
v -81.26 -35.84 3.35
v -16.01 -1.23 -17.41
v -14.34 0.81 -17.48
v -81.73 -36.37 2.26
v -81.11 -37.11 2.10
v -80.61 -36.36 3.21
v -15.90 -2.89 -20.12
v 12.66 10.85 -28.14
v -81.88 -40.49 -0.96
v -17.09 -4.67 -21.20
v -15.40 -4.18 -20.73
v 6.93 6.52 -27.00
v 4.40 7.94 -28.12
v 10.29 7.89 -26.96
v 14.50 10.84 -29.38
v -13.86 -4.91 -22.71
v 6.56 6.70 -28.55
v -16.12 -5.40 -22.30
v 24.30 13.35 -33.08
v -16.40 -7.50 -21.94
v -10.93 -3.46 -24.79
v -1.37 0.87 -27.45
v 20.38 12.59 -33.80
v -83.63 -42.62 -5.13
v -11.15 -4.55 -25.17
v -10.24 -4.61 -25.70
v -9.42 -4.02 -25.45
v -4.63 -1.74 -27.52
v -14.72 -7.58 -24.23
v -12.94 -6.04 -25.42
v -11.32 -5.71 -26.04
v -10.40 -5.28 -25.83
v -9.93 -5.30 -26.65
v 22.73 11.21 -36.17
v -12.55 -7.83 -26.78
v -8.67 -4.41 -27.14
v -7.30 -5.14 -28.19
v -8.99 -7.43 -29.37
v -12.41 -9.82 -28.84
v -11.27 -10.17 -31.21
v -9.87 -8.99 -30.56
v -7.66 -7.78 -30.83
v 24.21 7.73 -40.52
v -82.75 -47.32 -9.03
v -7.96 -8.80 -31.82
v -6.89 -8.29 -32.79
v -13.83 -12.50 -29.49
v -13.61 -12.98 -31.69
v -11.06 -12.06 -32.24
v -9.24 -10.08 -31.50
v -8.68 -9.48 -31.40
v -7.91 -9.48 -32.52
v -3.02 -6.76 -33.98
v 21.00 4.58 -40.31
v -8.77 -10.11 -32.60
v -5.67 -9.06 -33.76
v -7.00 -9.47 -32.97
v 3.12 -4.34 -36.88
v 4.11 -4.32 -36.52
v 5.06 -4.29 -36.75
v 6.66 -3.51 -36.40
v 7.29 -2.87 -37.66
v 9.19 -1.58 -38.22
v 19.26 5.41 -42.58
v -14.08 -14.56 -31.85
v -12.48 -13.79 -33.01
v -3.23 -8.25 -35.14
v 3.47 -4.98 -36.69
v 3.11 -4.70 -37.58
v 5.89 -3.69 -37.55
v 6.58 -3.53 -37.49
v 7.20 -3.18 -38.22
v 10.87 0.45 -40.44
v 15.83 1.49 -40.38
v 16.78 -0.01 -40.33
v -13.04 -14.89 -33.82
v -15.75 -17.74 -33.47
v -11.48 -17.18 -37.40
v -7.29 -16.57 -39.08
v 8.53 -8.02 -43.21
v -80.52 -53.85 -18.43
v 1.43 -11.24 -42.14
v 15.92 -5.67 -46.98
v -79.37 -59.86 -18.14
v 21.57 -4.65 -51.11
v 22.96 -5.05 -52.56
v 24.75 -5.74 -53.94
v -76.43 -60.05 -24.77
v 25.41 -7.14 -55.56
v -76.35 -64.04 -23.99
v -9.59 -25.77 -47.23
v -5.81 -23.82 -47.43
v -74.41 -60.66 -27.38
v -5.32 -23.32 -49.31
v -7.06 -25.59 -48.52
v 0.84 -22.44 -50.93
v 5.77 -19.61 -52.29
v -69.84 -59.32 -31.35
v 3.28 -21.30 -52.40
v 4.92 -19.18 -53.39
v 23.64 -10.97 -59.25
v 15.10 -15.91 -56.40
v -71.36 -64.36 -29.29
v -68.65 -60.29 -31.91
v -32.69 -40.92 -43.12
v 5.99 -19.49 -55.14
v -70.15 -61.70 -31.87
v -35.73 -43.10 -44.10
v 14.12 -16.24 -57.62
v -65.31 -59.90 -34.10
v -41.54 -46.80 -42.50
v -68.29 -63.26 -32.48
v -63.69 -61.38 -34.58
v -59.82 -57.87 -37.55
v -47.56 -51.40 -40.40
v -65.72 -62.05 -34.86
v -59.54 -59.11 -37.77
v -58.94 -58.23 -38.22
v -58.80 -59.51 -38.23
v -61.47 -61.99 -37.42
v -59.72 -59.67 -38.10
v -58.22 -59.62 -38.52
v -57.71 -60.01 -39.01
v -52.96 -58.36 -40.96
v -56.23 -58.53 -40.03
v 0.45 28.79 -1.11
v 2.29 28.90 -1.78
v 4.48 30.54 -2.06
v 5.41 29.61 -3.70
v -5.04 24.25 -0.13
v -4.60 24.48 -1.78
v 3.76 28.76 -3.43
v -2.58 23.91 -2.85
v -58.43 -5.92 13.65
v 2.90 26.71 -4.09
v 3.55 27.49 -5.27
v -54.13 -3.44 12.44
v -5.84 21.02 -2.83
v -4.03 22.65 -4.01
v 0.57 24.76 -4.58
v 4.95 26.86 -5.65
v -68.15 -13.38 16.83
v -65.40 -11.15 14.56
v -44.33 0.44 8.20
v -39.39 3.03 7.53
v -4.08 21.35 -3.36
v -74.74 -17.34 17.06
v -62.79 -11.91 14.65
v -52.38 -4.17 10.78
v -3.86 21.05 -4.67
v 1.87 23.81 -5.12
v 1.85 24.18 -6.89
v -74.94 -18.45 16.78
v -73.78 -17.86 17.17
v -29.71 7.12 2.09
v -75.85 -19.55 16.42
v -75.40 -18.99 16.18
v -75.96 -20.15 15.04
v 9.80 26.36 -11.27
v 6.03 22.96 -9.43
v 7.58 22.75 -10.26
v -76.95 -22.58 13.27
v 15.12 26.44 -11.95
v -77.19 -23.25 14.68
v 0.87 18.94 -10.03
v 1.60 17.53 -11.50
v -77.49 -25.12 14.00
v -2.53 14.95 -11.31
v -29.38 2.04 -1.17
v -1.55 15.49 -12.79
v -22.62 3.64 -6.97
v -1.90 13.80 -11.76
v -1.86 12.78 -14.17
v -79.30 -25.66 11.50
v 18.24 23.99 -19.58
v 16.99 21.98 -19.32
v 16.99 22.74 -20.80
v -18.95 1.28 -11.05
v 16.12 21.58 -21.52
v -21.85 -1.33 -10.59
v -17.36 2.42 -12.32
v -8.43 6.78 -15.29
v -5.37 9.52 -14.26
v -1.78 11.21 -15.81
v 14.70 20.66 -20.62
v -3.24 9.81 -17.29
v -4.45 8.11 -16.45
v 1.18 10.72 -18.19
v 16.31 18.26 -20.76
v -1.77 8.61 -17.70
v 1.27 10.35 -18.76
v 2.19 10.82 -19.23
v 4.28 12.24 -20.17
v 0.67 9.67 -18.77
v 0.87 10.07 -19.74
v 1.79 9.98 -18.61
v 2.21 10.32 -19.58
v 3.47 10.40 -20.14
v -20.24 -4.31 -14.28
v -16.98 -2.84 -16.59
v -80.80 -37.51 3.28
v -80.59 -36.95 3.24
v -80.00 -38.07 2.67
v -19.06 -4.73 -16.79
v -16.41 -3.13 -18.47
v -81.26 -39.02 2.44
v 19.44 13.47 -29.91
v -82.24 -39.16 0.92
v -18.28 -5.97 -18.71
v -14.73 -6.37 -21.64
v -0.78 2.82 -26.10
v 5.41 4.76 -26.70
v 0.75 1.43 -26.15
v -7.03 -1.63 -25.50
v -11.04 -5.52 -25.35
v -2.13 -0.99 -26.16
v -13.39 -9.41 -24.62
v -81.77 -46.75 -4.86
v -10.26 -5.77 -25.81
v -5.58 -3.44 -26.33
v -3.70 -3.14 -28.33
v -14.65 -10.51 -25.95
v -11.87 -9.23 -26.53
v -9.80 -7.00 -26.74
v 24.88 11.10 -37.70
v -9.66 -8.39 -28.08
v -3.79 -4.59 -29.37
v 23.66 9.77 -37.48
v -82.70 -47.88 -5.84
v -82.26 -47.24 -5.20
v -82.18 -47.99 -5.90
v -3.36 -5.65 -30.70
v -11.40 -11.12 -29.16
v -8.10 -8.76 -29.56
v -9.44 -9.87 -30.24
v 22.92 7.72 -39.35
v -83.00 -49.27 -7.03
v -14.21 -14.57 -30.57
v -4.89 -8.72 -32.02
v 4.46 -4.04 -35.00
v 6.61 -3.61 -35.75
v -2.44 -8.10 -33.83
v 10.81 -0.62 -39.06
v -14.42 -15.48 -31.01
v -13.29 -14.44 -31.34
v -13.73 -14.56 -31.02
v 7.39 -3.56 -36.54
v 18.78 2.58 -40.13
v 24.60 2.08 -39.35
v -14.92 -16.14 -31.07
v -13.78 -15.94 -31.92
v -13.45 -14.98 -32.15
v 9.53 -1.64 -40.18
v -15.94 -20.18 -33.05
v -14.40 -19.37 -35.04
v -11.55 -17.32 -35.71
v -8.47 -16.37 -37.19
v -2.26 -12.95 -39.51
v -14.25 -20.87 -35.25
v -12.02 -19.82 -36.56
v -10.71 -18.85 -37.64
v -0.37 -13.41 -39.81
v 4.36 -10.78 -41.21
v 10.54 -7.06 -44.10
v -12.76 -20.21 -36.14
v -11.35 -20.16 -36.98
v 5.46 -11.45 -42.50
v 8.67 -8.84 -43.60
v 12.57 -7.38 -43.93
v -10.60 -20.46 -37.89
v -0.21 -14.71 -41.27
v 10.89 -8.74 -43.81
v 13.29 -7.47 -45.19
v 21.44 -3.13 -51.75
v -78.42 -58.62 -19.21
v -10.79 -26.64 -45.21
v -6.58 -24.19 -45.94
v -15.50 -30.18 -44.71
v 22.99 -8.61 -57.01
v -7.44 -26.06 -47.09
v -1.74 -23.83 -48.40
v -0.00 -21.60 -49.60
v 4.49 -20.34 -50.34
v 27.82 -9.46 -56.59
v -19.63 -33.87 -43.53
v -12.82 -29.54 -46.35
v -18.48 -34.20 -45.14
v 2.32 -22.25 -50.42
v 11.78 -18.00 -54.38
v 25.27 -10.77 -57.50
v 27.25 -10.59 -58.73
v -19.55 -34.33 -46.18
v 7.63 -20.86 -52.13
v -29.66 -40.24 -42.70
v 14.77 -17.83 -56.08
v 19.84 -14.89 -58.66
v -69.27 -64.84 -30.82
v -29.11 -41.73 -42.59
v -44.10 -49.45 -40.58
v -43.02 -49.05 -41.90
v -47.67 -53.71 -40.04
v -43.91 -51.37 -41.36
v -61.48 -58.54 -36.54
v -58.85 -60.00 -38.20
v -58.00 -58.80 -38.39
v -53.06 -57.60 -39.50
v -47.99 -54.58 -41.42
v -59.01 -61.17 -38.40
v -58.20 -60.93 -38.06
v -57.60 -60.29 -38.58
v -57.43 -61.07 -39.28
v -50.45 -57.50 -41.29
v 2.85 29.99 -0.49
v -0.28 27.63 0.37
v -3.15 25.89 0.34
v 5.05 29.55 -2.30
v -0.83 25.85 -0.07
v -1.32 25.61 -1.55
v 1.28 26.60 -2.18
v 5.32 27.92 -3.64
v -1.07 24.46 -2.63
v 3.02 27.98 -2.61
v -2.53 23.56 -1.06
v 1.15 25.56 -3.17
v -1.55 22.74 -2.38
v -65.94 -11.50 16.15
v -45.34 0.65 10.01
v -72.80 -16.64 18.23
v -70.14 -13.58 16.76
v -52.24 -4.59 12.27
v -74.03 -18.02 17.66
v -70.14 -16.37 16.96
v -56.43 -9.16 12.71
v -43.68 -1.58 7.75
v -74.38 -18.84 17.56
v -51.49 -6.56 10.72
v -46.69 -4.47 8.84
v -38.60 0.34 5.27
v 15.34 27.96 -11.92
v -37.70 -1.81 4.06
v -33.72 2.03 2.49
v -27.94 5.82 0.22
v 5.91 21.02 -8.47
v -75.24 -22.38 15.49
v 17.47 26.93 -16.66
v -76.18 -23.65 14.97
v -75.80 -23.11 15.20
v -30.18 2.06 1.33
v 3.91 18.49 -8.96
v 19.01 26.73 -15.23
v 3.49 17.58 -10.99
v 18.89 25.96 -15.65
v 19.03 26.25 -16.11
v -26.61 5.68 -1.27
v -24.91 3.39 -4.04
v 0.33 16.46 -10.43
v 18.22 25.51 -16.11
v 19.59 25.82 -16.19
v 19.94 25.57 -16.92
v 19.40 25.14 -16.22
v 18.27 25.49 -18.27
v 1.85 14.33 -13.15
v -29.03 -1.73 -3.08
v -21.88 -0.56 -8.13
v -2.75 12.26 -12.68
v 1.55 12.94 -14.45
v 19.48 22.63 -19.57
v -79.96 -32.31 5.34
v -1.24 9.74 -15.79
v 3.34 11.57 -18.75
v 8.23 13.38 -17.98
v 11.02 15.51 -19.97
v 14.05 16.73 -21.16
v 0.13 9.48 -17.43
v -19.13 -2.74 -12.56
v -17.28 -0.23 -13.86
v -79.97 -34.71 6.40
v -21.97 -6.09 -12.92
v -78.93 -36.12 4.75
v -20.56 -5.96 -14.22
v -20.13 -6.06 -14.88
v -19.96 -6.81 -15.54
v -79.31 -40.54 1.97
v -19.58 -7.94 -17.27
v -17.07 -6.18 -17.77
v 13.49 9.07 -27.98
v 8.89 6.12 -28.08
v 10.85 7.48 -28.11
v 14.89 12.81 -32.96
v 6.83 3.60 -28.06
v -80.72 -44.63 0.62
v -81.20 -44.65 -2.21
v 3.42 2.76 -27.87
v 22.29 13.11 -35.76
v -13.24 -7.08 -23.74
v 1.34 -0.02 -28.05
v -17.11 -11.15 -22.55
v -4.25 -4.31 -27.24
v -0.01 -2.09 -28.67
v 24.34 11.35 -34.61
v -16.60 -12.17 -22.91
v -15.96 -12.27 -23.97
v -16.07 -11.65 -24.23
v -81.88 -47.70 -3.94
v 2.70 -2.41 -29.76
v -81.77 -48.19 -5.04
v -16.24 -12.85 -24.51
v -4.12 -6.43 -29.00
v 27.59 8.37 -38.31
v -13.82 -12.67 -26.42
v 24.34 8.34 -38.31
v -15.65 -13.73 -26.81
v -3.63 -7.29 -30.31
v -2.36 -6.19 -32.44
v 4.37 -4.01 -33.88
v -12.70 -13.22 -29.57
v -1.18 -7.38 -32.12
v 7.36 -3.42 -35.44
v 8.16 -3.10 -35.89
v 9.93 -2.13 -36.22
v -81.11 -51.20 -10.06
v -15.50 -16.63 -29.13
v -13.28 -14.34 -30.51
v 4.88 -5.05 -35.46
v 1.71 -6.57 -34.90
v 6.69 -4.00 -35.78
v 8.13 -3.64 -35.84
v 23.33 6.05 -41.15
v -15.20 -17.08 -30.21
v 18.34 1.30 -41.04
v -15.37 -17.63 -30.74
v -13.85 -15.55 -30.93
v -13.93 -17.59 -32.14
v -15.81 -18.53 -30.66
v -16.49 -19.36 -31.29
v -14.36 -19.27 -32.41
v -12.65 -18.96 -34.92
v -12.38 -20.03 -35.70
v -11.59 -19.48 -35.96
v -6.43 -16.74 -37.90
v 9.18 -8.85 -43.07
v 10.11 -8.08 -43.63
v -12.72 -21.11 -36.51
v -11.50 -20.74 -36.81
v -10.83 -20.21 -36.74
v 0.94 -13.28 -41.50
v 9.38 -9.55 -43.20
v 10.69 -9.27 -42.83
v 11.31 -8.45 -43.37
v -8.27 -19.27 -38.98
v -3.04 -17.15 -40.66
v 10.55 -9.17 -43.38
v 19.84 -5.97 -46.13
v -2.43 -17.86 -41.13
v 23.61 -5.08 -47.62
v 21.74 -3.06 -49.94
v -9.06 -21.70 -39.56
v 24.46 -4.58 -49.57
v 27.52 -3.27 -50.29
v -11.17 -24.14 -39.47
v 26.42 -4.76 -50.92
v 25.42 -3.55 -52.51
v 27.04 -4.78 -54.67
v 28.55 -6.02 -53.30
v -9.77 -25.66 -43.08
v -5.23 -23.43 -45.04
v 0.45 -21.56 -47.82
v 29.23 -8.05 -55.35
v -16.66 -31.49 -43.02
v -7.80 -26.42 -45.50
v -4.63 -24.93 -46.63
v 27.60 -6.98 -56.88
v 28.02 -9.86 -58.37
v -72.28 -62.68 -27.74
v -23.42 -36.83 -43.01
v -29.45 -40.91 -41.63
v 17.99 -17.17 -54.78
v 24.93 -12.46 -57.45
v -67.79 -61.33 -32.00
v -33.17 -43.81 -40.40
v 28.38 -12.34 -58.38
v -36.22 -45.45 -40.36
v 18.87 -16.62 -57.50
v -40.99 -50.09 -39.45
v -44.26 -52.55 -39.80
v -65.27 -64.83 -34.13
v -58.84 -60.52 -37.90
v -45.04 -53.39 -41.28
v -61.77 -66.58 -36.21
v -55.71 -60.13 -38.77
v -62.42 -62.78 -36.79
v -46.89 -59.12 -41.71
v -58.29 -63.47 -38.92
v -55.86 -65.91 -39.83
v -54.37 -63.69 -40.37
v 2.51 28.30 -0.30
v 4.28 29.36 -1.22
v 3.89 27.35 -1.45
v -0.28 24.34 -1.32
v 4.40 27.32 -2.08
v 2.45 24.84 -3.09
v 4.39 25.99 -4.52
v -0.23 22.77 -3.67
v -70.62 -16.52 18.42
v -57.75 -8.23 14.24
v -50.53 -5.98 11.84
v -43.14 0.24 9.22
v -73.31 -17.83 18.28
v -54.83 -9.21 12.20
v -45.04 -3.70 9.71
v -63.56 -14.26 15.79
v -36.23 2.94 6.02
v -73.55 -20.04 17.27
v -34.97 1.90 5.03
v -49.43 -7.83 9.71
v -43.55 -5.00 6.88
v -32.02 2.91 3.16
v 18.71 28.04 -11.67
v 10.78 24.38 -10.38
v -75.94 -23.05 15.89
v 7.36 21.34 -9.69
v 18.85 26.37 -13.52
v -76.09 -24.40 15.30
v -75.71 -24.53 14.99
v -75.28 -23.83 16.02
v 20.03 26.34 -15.16
v -76.17 -25.08 13.71
v -37.26 -4.51 2.58
v 2.92 17.21 -9.55
v 19.04 26.18 -14.88
v 19.93 25.91 -14.87
v 20.08 25.29 -15.51
v -33.14 -0.65 1.11
v -25.93 -2.10 -4.49
v 1.19 14.69 -11.15
v 0.10 15.11 -12.77
v -31.49 -5.17 -2.63
v 1.29 13.36 -12.06
v 20.80 22.64 -16.96
v -26.12 1.29 -2.87
v -0.92 11.29 -13.88
v 1.57 11.64 -16.37
v 17.91 19.54 -19.35
v -22.50 -3.89 -9.04
v 2.41 11.17 -14.63
v 16.46 18.57 -19.29
v 17.80 19.41 -19.99
v 18.75 19.52 -19.28
v 18.24 21.09 -20.41
v -24.07 -3.40 -8.99
v 5.72 12.53 -17.08
v 1.58 10.38 -15.84
v 3.84 10.40 -17.53
v 7.40 11.49 -17.66
v 10.76 13.34 -19.52
v 13.31 14.55 -19.10
v 10.17 14.12 -21.38
v -26.35 -7.45 -9.03
v -19.86 -5.83 -14.07
v -20.55 -6.61 -13.57
v -21.96 -8.01 -14.20
v -20.69 -6.65 -14.04
v -18.27 -5.45 -15.60
v -20.64 -7.15 -14.71
v -19.77 -7.05 -14.98
v -19.51 -6.38 -15.00
v 16.09 12.62 -29.20
v 21.51 12.57 -28.05
v 17.45 14.32 -32.54
v 23.14 13.64 -31.38
v -22.23 -11.13 -16.03
v 9.30 5.02 -26.38
v 11.50 5.99 -25.99
v 25.55 11.93 -30.14
v -79.51 -44.79 -0.23
v 26.12 11.67 -32.01
v -15.88 -10.68 -21.98
v 1.10 -1.81 -27.17
v 6.66 1.44 -28.58
v -19.04 -13.54 -20.77
v -18.24 -13.40 -21.82
v -17.10 -12.50 -22.89
v -15.91 -11.73 -23.12
v 4.72 -1.78 -29.61
v 27.19 9.67 -36.32
v -81.50 -47.36 -2.45
v -81.11 -48.06 -4.49
v -16.86 -13.08 -23.65
v -15.99 -12.86 -23.99
v -15.13 -13.02 -24.79
v 1.33 -3.89 -28.72
v 3.98 -2.57 -30.41
v 4.40 -2.45 -29.76
v 27.20 10.03 -37.06
v 27.88 9.91 -36.51
v -82.09 -48.49 -4.90
v 1.39 -5.22 -30.23
v 0.99 -4.40 -31.24
v 4.85 -2.69 -30.46
v 26.61 9.10 -36.87
v -18.41 -14.25 -22.48
v 2.35 -4.36 -32.09
v 4.77 -3.42 -32.38
v 25.68 9.30 -39.04
v -16.76 -16.13 -26.82
v -14.32 -15.29 -27.76
v 1.40 -5.96 -31.48
v 25.44 7.57 -40.10
v 2.47 -6.15 -33.14
v 12.18 -1.63 -35.94
v -80.96 -50.80 -7.25
v -17.44 -18.71 -27.89
v -16.21 -17.63 -28.38
v 6.99 -4.47 -34.34
v 11.21 -3.25 -36.34
v 15.89 0.30 -38.93
v 19.57 0.96 -38.41
v -15.06 -16.91 -29.09
v -16.24 -18.70 -29.72
v -14.18 -16.30 -29.80
v -17.06 -20.49 -29.96
v -15.52 -19.23 -30.43
v -14.74 -18.37 -31.28
v -16.81 -21.11 -30.91
v -16.88 -21.98 -31.40
v -16.17 -23.07 -33.67
v -13.85 -21.13 -33.79
v -12.19 -21.01 -35.94
v 3.06 -12.74 -40.42
v -80.64 -56.72 -15.59
v -11.55 -22.43 -36.62
v -7.58 -18.93 -37.69
v 0.38 -14.78 -39.97
v -1.67 -16.98 -39.67
v 12.56 -11.24 -43.16
v 13.13 -8.69 -44.18
v 22.89 -3.49 -47.93
v -79.02 -57.40 -15.57
v -13.80 -23.85 -36.89
v -10.03 -20.95 -37.22
v 1.29 -16.39 -42.05
v -15.25 -25.78 -36.28
v -14.15 -26.50 -38.38
v -1.56 -18.29 -40.23
v -7.23 -22.05 -40.82
v -1.78 -19.47 -42.45
v -10.25 -24.82 -40.87
v -6.51 -23.25 -42.66
v -13.53 -27.66 -40.54
v -0.31 -21.23 -45.65
v -10.92 -28.12 -42.54
v -16.15 -30.83 -41.19
v -12.87 -28.14 -42.92
v -8.78 -26.79 -43.60
v -4.31 -24.47 -44.80
v -74.63 -62.67 -25.38
v 0.29 -23.08 -47.27
v 4.65 -20.32 -48.39
v -19.58 -34.35 -40.84
v -15.57 -32.29 -44.09
v -10.64 -28.17 -45.62
v 10.63 -19.43 -50.26
v -73.18 -64.03 -25.76
v 6.15 -21.34 -50.96
v -73.94 -65.46 -25.95
v -26.46 -39.69 -40.75
v 16.00 -18.07 -53.58
v -70.30 -62.09 -29.60
v -23.89 -39.45 -41.79
v 12.43 -19.39 -54.44
v 19.01 -15.87 -56.54
v 20.59 -14.54 -57.38
v -38.95 -47.91 -39.66
v -33.15 -45.90 -40.06
v 18.30 -17.81 -56.08
v -38.73 -49.15 -40.46
v -61.96 -63.57 -35.07
v -59.62 -62.24 -36.75
v -43.55 -57.14 -41.11
v -50.68 -62.33 -41.44
v -65.38 -13.29 16.81
v -63.40 -13.58 16.50
v -56.39 -9.76 14.29
v -60.51 -13.09 15.72
v -72.46 -19.55 19.21
v -73.97 -18.64 17.21
v -71.20 -19.00 17.80
v -69.68 -19.06 17.76
v -65.04 -16.16 16.32
v -62.53 -13.63 15.34
v -59.83 -13.06 14.18
v -47.53 -7.22 10.40
v -61.08 -14.56 14.90
v -39.10 -1.73 6.65
v 14.21 25.21 -7.50
v 13.12 27.09 -10.74
v -54.53 -11.49 11.98
v -76.08 -21.32 16.47
v 19.08 27.77 -13.36
v -31.85 -0.69 1.69
v 6.41 19.67 -9.79
v 20.07 27.13 -14.26
v -75.05 -24.49 15.63
v 5.91 18.69 -10.08
v 22.99 26.27 -14.18
v -75.48 -24.87 16.14
v -43.18 -7.80 5.52
v 7.09 17.69 -10.14
v 22.41 25.18 -15.95
v 4.79 15.57 -11.97
v -75.45 -29.66 12.90
v 21.66 24.00 -17.57
v -38.45 -6.89 2.21
v -34.07 -7.31 -1.87
v 5.13 13.99 -13.59
v 19.82 21.63 -17.86
v 5.58 13.06 -15.25
v 8.47 13.36 -16.48
v 13.70 17.10 -19.77
v 17.83 18.69 -19.09
v 21.63 19.15 -18.23
v -30.26 -9.31 -6.86
v 4.89 10.89 -16.47
v 10.17 14.34 -18.56
v 14.83 16.63 -18.38
v -77.80 -35.87 6.20
v 9.43 12.27 -18.15
v -77.86 -37.15 7.47
v -21.17 -5.87 -11.93
v -27.97 -11.86 -10.52
v -26.13 -12.04 -12.41
v -26.09 -10.93 -11.99
v -22.58 -7.33 -11.18
v -78.10 -39.94 5.53
v -26.20 -12.44 -12.23
v -18.40 -8.30 -16.80
v -79.74 -38.04 4.70
v -26.30 -13.82 -13.53
v 17.27 9.31 -25.57
v 24.04 13.14 -28.72
v 18.18 10.04 -27.48
v 18.32 11.91 -30.09
v 27.68 13.17 -28.70
v -21.55 -14.39 -19.17
v 22.84 11.96 -29.71
v -18.17 -11.63 -19.32
v 6.48 3.31 -26.69
v 9.29 4.32 -27.89
v 7.41 1.99 -26.91
v 28.60 12.53 -33.00
v -19.70 -12.80 -20.05
v 4.40 0.87 -26.83
v 26.23 11.99 -35.64
v -81.14 -46.48 -1.01
v -79.95 -46.93 -2.08
v -18.50 -13.27 -20.76
v 8.83 0.96 -27.44
v -24.19 -15.40 -16.93
v -18.00 -13.98 -22.02
v -17.20 -12.59 -21.66
v 4.41 -1.12 -27.90
v 7.27 -0.05 -29.44
v 27.86 10.88 -33.28
v -18.67 -14.12 -21.20
v -17.19 -14.78 -22.90
v -16.44 -12.94 -23.26
v 3.76 -2.44 -28.85
v 5.16 -2.00 -29.14
v 6.52 -1.54 -30.31
v 27.97 9.62 -35.84
v -19.71 -15.71 -22.25
v 27.46 9.14 -37.28
v 28.31 9.01 -36.65
v -15.77 -15.37 -25.23
v 5.06 -4.46 -31.61
v 4.46 -3.33 -30.20
v 5.57 -2.87 -30.24
v 5.55 -2.28 -30.29
v 27.77 8.58 -37.05
v 28.24 8.66 -37.40
v -80.50 -51.34 -3.89
v 8.44 -2.22 -32.51
v 12.42 -1.71 -33.94
v 26.81 7.10 -37.81
v 28.12 6.67 -38.94
v 5.57 -4.73 -32.62
v 9.88 -2.24 -34.40
v -19.02 -19.34 -25.72
v 15.42 -0.94 -36.69
v 24.06 5.62 -39.29
v -18.96 -20.01 -25.78
v -18.33 -20.37 -26.62
v -15.53 -17.18 -27.47
v 13.76 -3.12 -34.49
v 23.06 3.84 -40.91
v -17.74 -21.09 -28.88
v -18.46 -20.87 -26.80
v 13.63 -1.86 -38.70
v -15.85 -18.49 -28.91
v -18.19 -22.35 -28.77
v -15.79 -20.11 -30.27
v -80.83 -54.39 -8.54
v -17.44 -22.27 -30.06
v -16.62 -21.12 -30.13
v -17.92 -23.19 -29.98
v -16.59 -21.93 -30.68
v -15.70 -22.05 -31.56
v -79.17 -59.45 -11.94
v 7.73 -12.05 -41.27
v 10.49 -10.12 -42.17
v 20.84 -5.24 -44.97
v -16.56 -26.18 -34.28
v 6.73 -12.66 -42.53
v 13.21 -9.97 -43.49
v 27.08 -4.16 -46.48
v -16.44 -26.97 -34.89
v -12.39 -23.89 -36.40
v 2.38 -15.93 -40.68
v 5.32 -14.91 -42.60
v -12.11 -26.53 -38.73
v -9.38 -23.33 -38.65
v 1.83 -18.12 -43.19
v 28.93 -3.61 -51.46
v -1.62 -19.90 -41.23
v 29.48 -5.05 -50.17
v -17.49 -30.27 -37.04
v -7.45 -23.57 -40.20
v -0.73 -20.05 -43.65
v 4.27 -18.54 -44.53
v 32.55 -4.11 -50.66
v -10.27 -26.51 -40.79
v -1.02 -21.26 -42.86
v 1.57 -20.21 -45.16
v -76.59 -61.34 -22.76
v -12.64 -28.67 -40.42
v -4.98 -23.91 -42.77
v -17.33 -31.56 -39.50
v -13.89 -30.83 -42.23
v -0.38 -22.36 -44.73
v 4.35 -19.97 -46.73
v 2.82 -22.14 -47.18
v 32.02 -7.01 -55.47
v -18.63 -35.38 -41.09
v 6.56 -21.39 -48.62
v -25.28 -39.47 -38.90
v -22.84 -37.31 -40.58
v 5.38 -21.65 -49.48
v 30.11 -8.98 -57.57
v 12.74 -20.55 -51.71
v 26.86 -14.00 -56.68
v 28.24 -11.27 -56.92
v -71.08 -67.30 -26.52
v -32.99 -45.74 -38.00
v -27.80 -42.17 -41.02
v -66.18 -63.35 -32.09
v -36.14 -47.57 -38.57
v 23.07 -16.99 -56.53
v 27.48 -14.99 -57.48
v 26.44 -13.57 -58.44
v -36.42 -50.85 -37.19
v -36.95 -50.32 -39.02
v -40.28 -51.66 -40.21
v -66.78 -67.20 -31.52
v -44.79 -55.15 -39.73
v -40.83 -53.79 -40.11
v -64.85 -67.64 -33.19
v -56.48 -66.61 -37.78
v -57.53 -61.81 -37.91
v -46.09 -57.70 -39.96
v -51.69 -61.41 -39.86
v -55.50 -63.02 -38.62
v -52.35 -62.71 -39.86
v -49.39 -57.70 -39.90
v -52.94 -63.67 -40.47
v -51.78 -63.59 -40.66
v -66.56 -15.89 17.93
v -63.13 -14.49 16.32
v -62.13 -13.75 15.90
v -72.22 -21.18 19.57
v -63.14 -15.22 16.04
v -62.16 -14.94 16.03
v -61.83 -14.29 15.71
v -53.87 -9.57 13.39
v -49.35 -6.89 11.34
v 16.55 26.16 -7.32
v 19.70 27.47 -7.85
v -74.38 -20.82 18.23
v -62.55 -16.07 15.70
v 10.34 20.56 -6.76
v -48.86 -8.75 9.19
v -41.00 -4.91 6.86
v 10.43 20.49 -8.35
v 20.96 26.49 -10.29
v 22.16 27.24 -12.91
v -74.46 -24.02 16.12
v -35.44 -1.68 4.11
v 6.89 19.05 -7.88
v -37.83 -6.72 3.53
v 20.92 25.57 -14.08
v -34.17 -4.11 1.99
v 6.87 14.96 -11.83
v 22.21 23.97 -15.14
v 6.31 14.47 -12.54
v -32.94 -7.13 -1.02
v 6.64 14.24 -12.19
v 5.54 13.91 -11.69
v 7.19 14.04 -12.94
v 21.15 21.47 -18.87
v -40.75 -10.62 2.14
v -28.95 -5.45 -3.48
v 18.64 18.84 -18.65
v 18.97 19.74 -18.41
v 5.49 11.89 -14.20
v 12.57 14.91 -16.91
v 18.16 18.30 -19.28
v 19.46 18.66 -18.72
v 6.86 11.52 -15.64
v -35.44 -9.47 -1.84
v -34.90 -12.49 -4.73
v -26.32 -11.88 -11.24
v -26.93 -12.23 -11.14
v -27.10 -12.58 -11.23
v -33.06 -15.26 -8.66
v -27.07 -13.13 -12.07
v -25.54 -7.18 -7.82
v 19.15 10.56 -26.60
v 20.40 11.36 -27.07
v -22.74 -11.89 -14.17
v -20.32 -10.05 -15.39
v 17.74 8.44 -26.23
v 28.68 13.02 -31.23
v -30.44 -17.11 -12.78
v 12.66 3.73 -27.29
v 27.40 11.80 -30.37
v -19.51 -13.31 -18.82
v 11.17 3.01 -26.39
v 10.16 3.05 -28.04
v -26.71 -17.23 -16.06
v 30.43 11.57 -33.84
v -27.30 -19.68 -16.92
v -19.02 -14.36 -20.35
v 8.63 -0.49 -28.30
v 11.71 0.28 -29.59
v 28.28 10.72 -35.95
v 9.46 -0.76 -30.62
v 6.34 -2.07 -29.21
v -20.78 -18.80 -23.20
v 6.61 -3.47 -30.98
v 29.30 7.90 -37.75
v -81.17 -49.25 -5.60
v 11.49 -1.35 -32.13
v -24.73 -19.11 -19.32
v -21.25 -20.72 -24.20
v 8.57 -3.48 -31.96
v 10.75 -3.30 -32.86
v -18.72 -20.03 -25.54
v 9.42 -3.82 -34.22
v 26.97 4.85 -39.62
v -19.21 -20.62 -25.62
v 23.50 3.47 -39.07
v -19.29 -21.20 -26.36
v -17.65 -18.54 -25.23
v 21.27 0.29 -38.92
v -18.30 -22.39 -27.30
v -16.67 -20.66 -28.75
v -17.72 -22.74 -29.21
v -18.27 -22.77 -28.51
v -18.54 -23.47 -28.92
v -17.03 -21.99 -29.90
v -20.15 -24.45 -28.18
v -17.75 -23.50 -29.47
v -15.58 -23.75 -32.44
v -18.00 -24.86 -31.61
v -16.82 -26.55 -32.93
v -16.14 -25.90 -33.31
v 14.64 -10.48 -41.91
v -17.16 -26.46 -33.25
v -16.70 -27.13 -33.56
v 11.35 -11.47 -41.67
v -17.20 -27.33 -33.95
v -16.06 -26.90 -34.45
v 29.38 -3.42 -49.30
v -15.07 -28.84 -36.56
v 8.86 -14.13 -43.10
v -18.36 -29.44 -34.59
v 3.69 -17.45 -41.78
v 7.69 -15.87 -43.58
v 7.36 -17.59 -44.67
v -77.08 -64.63 -18.43
v 3.95 -19.41 -43.38
v 33.03 -5.37 -53.09
v -20.69 -34.28 -36.13
v -22.85 -37.16 -36.64
v 7.64 -18.83 -46.28
v -74.74 -65.82 -20.58
v -17.01 -33.66 -40.47
v 8.60 -19.32 -47.67
v -76.59 -64.93 -21.69
v -73.83 -65.69 -22.94
v 8.36 -20.68 -46.88
v 9.39 -19.53 -49.02
v 32.36 -8.26 -56.48
v -20.45 -36.92 -41.92
v 10.46 -20.92 -49.26
v 10.48 -19.17 -52.00
v -30.04 -42.61 -39.49
v -27.70 -43.21 -38.83
v 31.36 -11.86 -56.27
v 31.95 -10.25 -57.64
v -70.01 -65.28 -27.38
v -30.82 -44.90 -39.65
v 27.94 -15.28 -55.82
v -35.56 -47.54 -40.01
v 21.53 -18.21 -55.08
v -67.65 -68.74 -29.21
v -65.03 -66.40 -31.34
v -63.32 -64.99 -33.54
v -40.57 -53.05 -38.54
v -44.13 -58.77 -39.92
v -44.84 -58.71 -41.55
v -52.54 -63.59 -40.22
v -52.39 -64.48 -40.42
v -48.64 -61.13 -41.88
v -59.63 -65.72 -37.91
v -52.94 -64.89 -40.79
v -51.47 -64.37 -41.23
v -63.77 -15.80 17.31
v -61.29 -15.74 16.42
v 10.42 22.22 -7.24
v -72.97 -22.47 19.30
v -71.22 -21.78 18.31
v -68.55 -21.86 18.24
v -58.86 -15.88 13.91
v -74.27 -23.83 18.12
v -57.60 -17.80 13.16
v -52.20 -12.92 10.43
v 7.64 17.67 -8.15
v -74.42 -26.05 15.60
v -48.19 -11.80 7.92
v -73.89 -28.40 15.74
v -41.79 -10.07 5.04
v 23.10 24.56 -14.20
v 23.80 24.89 -14.69
v 24.66 24.79 -14.02
v -45.78 -12.34 5.82
v 5.50 15.42 -10.12
v 7.73 14.86 -11.88
v 24.15 22.97 -14.87
v 24.05 24.02 -15.32
v 6.88 14.69 -10.76
v 8.71 14.78 -12.26
v 23.78 23.22 -16.64
v 7.30 14.44 -11.61
v -75.01 -30.61 15.36
v 7.70 13.71 -12.55
v 22.08 22.80 -18.04
v -39.23 -13.44 -0.88
v 6.99 13.28 -12.85
v 11.68 14.42 -15.70
v 18.63 17.00 -16.36
v -29.98 -9.68 -5.52
v 8.14 12.12 -14.98
v 18.78 17.22 -18.42
v -34.97 -9.19 -0.24
v 10.49 12.62 -14.95
v 15.52 15.56 -18.83
v -42.15 -14.15 1.42
v -26.47 -10.39 -9.46
v -32.41 -14.06 -6.58
v -75.59 -39.69 8.09
v -28.75 -12.13 -8.23
v -38.58 -19.22 -5.68
v -27.20 -12.89 -10.68
v -38.28 -20.19 -6.81
v -37.32 -18.48 -6.89
v -38.64 -21.73 -7.97
v -25.96 -12.83 -12.12
v -25.28 -12.20 -12.23
v 20.64 10.36 -25.67
v 21.54 11.20 -26.37
v -31.98 -19.54 -12.79
v -29.12 -16.99 -12.09
v 19.94 10.39 -26.63
v 21.16 10.62 -26.54
v -36.68 -20.54 -9.32
v -27.01 -14.27 -11.67
v 16.23 7.28 -26.12
v 19.67 10.29 -26.99
v 21.19 10.69 -27.34
v -24.43 -17.46 -16.54
v -23.46 -14.33 -14.96
v 10.92 1.88 -28.52
v 13.70 0.50 -28.76
v -25.58 -19.72 -16.74
v 29.74 9.82 -33.96
v -33.88 -22.59 -13.62
v -28.67 -22.56 -17.93
v 9.42 -1.71 -29.54
v -20.83 -20.74 -22.70
v -19.65 -17.93 -21.85
v 12.67 -0.96 -31.23
v 11.43 -2.45 -31.00
v 28.93 8.00 -36.39
v 28.72 6.49 -37.06
v 28.55 3.99 -37.15
v -26.45 -23.25 -20.45
v 29.59 4.20 -38.30
v -79.05 -54.90 -7.41
v -19.31 -20.87 -24.93
v -81.73 -51.35 -6.21
v -18.01 -21.29 -27.15
v 19.35 -1.09 -37.91
v -19.57 -24.32 -26.76
v -22.19 -26.28 -27.00
v -18.42 -23.77 -28.38
v -18.05 -27.15 -30.86
v -22.33 -29.63 -28.94
v 14.93 -12.36 -41.79
v 19.39 -7.92 -44.07
v 20.79 -6.97 -44.72
v -18.29 -26.65 -32.34
v -16.02 -27.67 -34.53
v 8.18 -14.22 -41.51
v 14.06 -12.63 -43.27
v 25.06 -6.65 -45.29
v 31.03 -3.87 -47.76
v -17.58 -31.88 -35.56
v 6.49 -15.74 -41.62
v 14.52 -13.71 -43.55
v 27.45 -4.90 -48.62
v -77.72 -63.21 -14.18
v 10.79 -17.28 -44.65
v 7.90 -17.27 -42.79
v 9.97 -17.06 -44.58
v 29.70 -5.55 -51.99
v -14.63 -30.47 -39.31
v 9.58 -17.84 -45.27
v 9.94 -18.24 -45.09
v 9.25 -18.70 -44.59
v 9.95 -18.62 -46.34
v 4.92 -20.56 -45.17
v 10.83 -18.78 -46.31
v -75.60 -67.20 -19.39
v 11.05 -20.40 -47.50
v -74.34 -68.37 -20.98
v -23.56 -38.08 -37.56
v -22.54 -39.09 -39.94
v 32.06 -10.48 -56.05
v -74.41 -67.11 -23.29
v -29.40 -43.31 -37.25
v 13.06 -20.73 -49.69
v 33.96 -10.52 -57.10
v 22.68 -16.48 -55.20
v -34.47 -48.98 -36.13
v -30.08 -45.78 -37.57
v 16.34 -19.73 -53.33
v -69.88 -66.48 -28.80
v -38.14 -54.39 -38.74
v -38.24 -52.69 -39.00
v -41.12 -55.15 -38.76
v -62.07 -67.78 -33.47
v -61.86 -69.31 -35.03
v -50.82 -63.72 -40.39
v -47.79 -60.95 -40.42
v -53.40 -64.42 -39.57
v -43.07 -62.99 -42.65
v -57.07 -68.53 -38.92
v -52.00 -64.98 -40.19
v -51.57 -66.55 -41.70
v -71.37 -19.31 19.36
v -68.80 -20.39 19.37
v -57.70 -14.79 14.98
v 16.33 25.23 -8.56
v 16.08 26.06 -10.19
v 22.85 27.69 -10.48
v -72.26 -22.40 17.99
v -54.75 -14.50 13.48
v 14.39 21.34 -6.79
v -65.88 -20.44 17.25
v -64.61 -20.70 16.70
v -50.30 -11.43 11.27
v -72.17 -25.93 17.85
v -48.97 -12.39 10.13
v 9.89 18.95 -8.74
v -44.07 -8.84 7.54
v 24.57 25.76 -13.60
v 9.10 17.06 -9.97
v 24.54 24.57 -13.44
v -74.48 -29.15 16.48
v -45.10 -12.80 6.82
v 23.73 24.56 -14.40
v 25.44 24.36 -14.27
v -49.92 -15.05 8.24
v 10.01 15.68 -11.13
v 24.44 23.55 -14.74
v 24.82 23.64 -15.08
v 25.14 22.62 -16.00
v -36.35 -11.56 -0.77
v 23.24 22.19 -15.62
v 8.55 13.58 -12.17
v 7.92 14.26 -12.69
v 10.43 14.21 -14.09
v -75.37 -33.37 10.93
v -48.26 -16.64 6.08
v -40.10 -14.78 0.72
v 9.29 12.74 -13.77
v 19.03 18.58 -17.75
v 20.45 17.36 -17.62
v -44.48 -17.86 1.59
v 12.33 13.12 -16.04
v -44.49 -19.02 1.46
v -43.70 -18.85 0.49
v -43.55 -19.42 0.14
v -43.12 -19.48 -1.02
v -40.88 -18.68 -3.17
v -36.58 -13.99 -2.07
v -38.18 -19.23 -5.38
v -38.98 -19.88 -5.07
v -75.79 -40.16 5.59
v -42.05 -22.35 -4.27
v -40.97 -21.74 -5.42
v -39.41 -19.84 -5.19
v -36.63 -18.69 -6.11
v -41.93 -22.92 -4.58
v -39.19 -20.44 -5.88
v -38.00 -20.09 -6.41
v -36.67 -20.45 -7.39
v -76.72 -42.91 3.15
v 16.23 6.23 -24.17
v 16.26 7.41 -24.56
v 25.57 12.52 -26.79
v -41.41 -24.43 -7.21
v 26.89 11.57 -28.18
v 13.16 5.76 -26.94
v -30.86 -19.29 -11.82
v -32.91 -22.19 -12.39
v -78.76 -45.21 2.40
v -36.73 -25.89 -12.76
v 12.25 0.67 -27.41
v -28.31 -22.41 -16.42
v 13.32 -0.03 -29.36
v -24.66 -22.76 -20.00
v 13.05 -0.16 -28.24
v -79.82 -48.32 -0.58
v 13.83 -1.75 -30.41
v 13.53 -0.73 -30.14
v 30.32 8.38 -35.14
v -33.64 -26.90 -16.13
v 14.37 -1.10 -30.62
v 31.58 6.62 -35.60
v -28.55 -27.18 -20.72
v 31.33 5.47 -35.92
v 13.87 -2.89 -32.65
v -78.11 -54.67 -5.39
v 25.29 0.49 -37.86
v -21.62 -24.97 -24.71
v -78.83 -57.69 -7.36
v -19.76 -29.60 -30.03
v -78.55 -57.37 -10.50
v 19.44 -8.33 -42.35
v 22.03 -6.52 -43.44
v 17.46 -9.99 -43.25
v -22.71 -33.50 -31.36
v 11.60 -16.06 -42.80
v 13.09 -15.80 -44.37
v 9.93 -17.63 -43.88
v 11.09 -17.45 -44.10
v 11.64 -17.82 -45.17
v 35.17 -5.14 -51.69
v -22.91 -36.46 -34.21
v 12.83 -17.84 -46.00
v 33.44 -6.73 -52.18
v 11.75 -18.28 -45.11
v 11.65 -18.55 -46.13
v -19.41 -35.71 -37.41
v 10.37 -19.33 -46.00
v 11.41 -19.14 -46.07
v 13.42 -18.91 -48.50
v -27.08 -41.60 -34.80
v -20.32 -37.11 -38.72
v 34.58 -8.58 -54.02
v 18.76 -18.66 -49.66
v 35.97 -9.77 -54.52
v 34.61 -9.58 -56.57
v -28.06 -42.44 -36.26
v 33.56 -9.83 -55.38
v 19.91 -18.18 -52.63
v -70.81 -68.72 -24.50
v -70.44 -66.16 -25.99
v -32.03 -46.74 -35.42
v 19.23 -20.22 -50.75
v 21.64 -19.69 -52.22
v 26.35 -15.84 -55.40
v 27.20 -15.93 -55.52
v 31.94 -12.89 -55.82
v 31.73 -11.68 -57.76
v -32.12 -47.64 -37.49
v 29.59 -13.85 -55.95
v -35.91 -49.74 -37.08
v 27.41 -15.85 -56.45
v -66.85 -66.64 -29.32
v -37.02 -51.79 -37.12
v -36.50 -52.25 -37.66
v -40.13 -56.44 -40.00
v -63.65 -70.01 -32.81
v -60.00 -67.57 -35.18
v -44.56 -61.23 -40.60
v -51.04 -65.80 -40.47
v -45.34 -64.96 -43.03
v -49.02 -64.79 -42.33
v -49.30 -67.12 -42.17
v -48.02 -67.04 -42.26
v 11.76 23.91 -7.65
v 19.92 27.90 -9.43
v -62.93 -17.54 17.32
v 13.27 21.29 -5.60
v 14.10 22.86 -7.53
v 14.68 24.33 -8.33
v -71.10 -23.11 20.01
v -72.14 -25.60 19.79
v -70.98 -24.38 18.49
v -66.79 -21.84 18.03
v -65.62 -21.35 17.64
v 11.06 19.03 -6.69
v 13.42 19.84 -7.18
v -61.64 -20.01 15.31
v -52.62 -16.21 11.80
v 25.91 25.48 -12.90
v -73.71 -26.32 18.41
v 11.90 18.27 -8.38
v -74.30 -27.99 17.23
v -54.29 -17.32 11.03
v 8.80 16.63 -8.47
v 10.87 16.79 -9.44
v 9.87 15.32 -9.50
v 11.42 16.72 -8.99
v -73.59 -29.62 15.96
v 11.52 15.95 -10.00
v 24.90 23.69 -14.12
v -44.70 -16.65 4.45
v 10.81 13.76 -11.46
v 24.54 21.20 -14.93
v -41.36 -15.52 1.63
v 12.19 13.26 -13.25
v 17.21 16.08 -15.60
v -46.01 -19.56 2.31
v 13.41 13.80 -17.34
v -47.52 -20.56 3.42
v -43.35 -18.47 1.33
v -44.25 -19.15 1.96
v -75.09 -34.55 12.97
v -47.29 -21.44 3.16
v -46.48 -21.24 2.21
v -46.26 -21.85 1.83
v -44.20 -19.63 0.96
v -43.54 -19.65 0.38
v -42.30 -20.13 -0.85
v -45.87 -22.02 1.26
v -45.10 -22.43 -0.24
v -45.15 -20.79 0.54
v -38.93 -18.33 -3.22
v -44.87 -23.31 -1.22
v -44.48 -23.16 -2.15
v -43.29 -21.59 -2.60
v -41.88 -22.06 -3.38
v -42.57 -22.58 -2.93
v -76.10 -37.88 6.83
v -45.27 -24.20 -1.78
v -42.81 -22.51 -3.23
v -40.58 -21.60 -4.15
v -42.58 -23.11 -3.74
v -41.92 -23.16 -4.34
v -39.01 -20.58 -5.10
v 24.07 11.56 -25.65
v -44.29 -25.32 -4.34
v -77.60 -45.13 3.40
v -34.33 -24.27 -12.20
v 12.47 4.05 -25.75
v 16.80 4.81 -25.59
v -43.85 -27.20 -6.15
v 16.07 3.09 -24.63
v 31.83 11.54 -28.76
v 13.13 2.16 -26.30
v -38.39 -25.23 -8.87
v 15.01 0.44 -28.69
v 31.54 10.41 -32.33
v -77.37 -49.70 -1.13
v 13.36 -0.62 -29.16
v 14.24 -0.10 -28.35
v 15.05 -0.41 -29.04
v 15.94 -0.24 -29.42
v 15.22 -0.87 -30.13
v 14.98 -1.45 -30.17
v 31.91 8.08 -36.65
v 15.70 -2.25 -30.80
v 30.56 6.08 -37.91
v -26.45 -27.51 -21.12
v -26.99 -24.32 -18.63
v -32.64 -29.39 -17.93
v 23.02 -0.11 -36.02
v 17.45 -2.94 -34.13
v 23.84 1.18 -37.40
v 30.48 3.27 -37.62
v 18.72 -2.24 -36.13
v 24.09 -1.11 -36.50
v -77.22 -59.41 -9.04
v -29.16 -30.63 -21.76
v -27.48 -33.50 -24.82
v -24.71 -30.23 -26.46
v 22.30 -8.55 -43.46
v 23.02 -11.29 -42.87
v -24.28 -34.55 -29.57
v 11.57 -14.46 -42.02
v 15.99 -13.43 -41.92
v -23.60 -35.97 -31.23
v 34.90 -4.38 -47.92
v -23.35 -35.97 -32.21
v -23.92 -37.31 -32.71
v 11.85 -17.12 -43.60
v 15.35 -16.35 -45.13
v 37.46 -7.04 -50.70
v -76.04 -66.08 -16.45
v -22.30 -38.36 -35.11
v -75.32 -65.36 -18.42
v 11.87 -19.60 -46.45
v 36.56 -7.61 -54.38
v -26.69 -40.92 -32.78
v -29.12 -43.97 -34.43
v 14.71 -20.22 -47.80
v -26.09 -42.42 -37.37
v 17.18 -18.79 -51.18
v 20.93 -18.39 -50.43
v 36.59 -10.64 -56.26
v -72.98 -68.86 -22.05
v 24.05 -17.67 -52.43
v -30.67 -47.82 -35.30
v 28.32 -15.94 -54.88
v 30.95 -14.92 -54.70
v 25.87 -17.55 -54.82
v 27.21 -16.23 -55.64
v 28.74 -15.77 -55.20
v 28.43 -15.76 -55.78
v -35.71 -51.26 -36.45
v -35.98 -51.31 -37.55
v -63.31 -69.19 -31.24
v -63.79 -71.32 -31.39
v -41.06 -57.74 -39.09
v -59.87 -69.49 -34.46
v -41.37 -59.79 -39.78
v -41.63 -59.67 -41.38
v -58.84 -69.35 -37.45
v -59.22 -71.11 -36.35
v -48.56 -65.95 -41.33
v -46.16 -63.06 -41.05
v -48.66 -67.98 -42.04
v -48.79 -67.08 -41.83
v -55.85 -72.38 -38.68
v -53.75 -70.66 -40.64
v -49.25 -68.44 -42.44
v -47.71 -67.84 -42.84
v -46.77 -65.83 -42.91
v -46.24 -68.05 -43.57
v -43.66 -69.05 -44.37
v 23.99 27.60 -6.76
v 21.40 24.17 -4.47
v 24.22 26.09 -6.67
v -70.50 -24.73 20.12
v -66.49 -21.56 18.52
v -65.66 -20.88 18.30
v 13.36 19.67 -5.62
v -67.82 -24.05 18.49
v -66.46 -22.63 18.01
v -65.60 -22.41 17.87
v -64.91 -21.82 17.81
v 27.59 26.26 -10.03
v -71.50 -28.27 19.62
v -66.95 -23.54 18.24
v -64.72 -22.45 16.88
v -56.91 -17.69 14.49
v 24.06 25.73 -11.16
v -66.44 -23.91 17.96
v -60.59 -21.52 14.58
v 11.27 17.75 -7.30
v 27.02 24.40 -12.44
v -72.99 -29.11 17.00
v 11.88 16.66 -8.43
v 13.21 17.01 -8.94
v 26.41 24.16 -12.19
v 27.01 23.90 -13.27
v -73.45 -29.30 17.16
v -47.67 -15.84 7.90
v 11.04 16.17 -9.08
v 12.33 16.28 -9.12
v -73.51 -30.37 16.83
v -73.10 -30.51 16.53
v -72.52 -30.06 17.37
v 11.88 14.99 -9.85
v 11.96 15.61 -9.53
v 12.38 15.87 -10.06
v -73.25 -31.24 15.44
v -51.83 -18.20 8.76
v 26.99 22.17 -15.01
v 13.52 14.46 -10.42
v 11.77 15.16 -11.91
v 25.27 21.20 -16.29
v -53.54 -21.08 9.45
v 14.36 14.00 -11.51
v 13.65 14.97 -13.35
v -49.15 -21.35 4.72
v 19.54 15.94 -14.63
v 20.49 16.50 -15.12
v 22.10 18.72 -15.85
v 19.60 16.19 -15.33
v 22.69 16.96 -15.80
v 18.09 14.81 -15.33
v 20.85 16.27 -15.78
v -74.24 -35.52 10.89
v -46.36 -20.96 2.95
v -47.13 -21.69 3.31
v -44.22 -19.90 1.31
v -49.84 -23.57 4.12
v -47.22 -22.43 2.34
v -46.34 -22.60 1.60
v -73.89 -37.90 11.79
v -46.20 -23.87 0.41
v -44.52 -20.88 1.14
v -46.33 -24.55 -0.59
v -45.14 -24.17 -1.10
v -44.09 -24.51 -2.07
v -43.38 -23.23 -2.12
v -47.25 -26.35 -1.25
v -41.19 -23.62 -5.03
v 20.64 7.69 -22.89
v 20.75 9.31 -24.05
v 20.74 7.37 -24.27
v 22.45 9.72 -25.53
v 18.23 5.98 -24.92
v -46.74 -30.85 -4.56
v 15.93 4.56 -24.25
v 18.96 3.83 -24.78
v 33.31 12.75 -30.14
v 16.03 3.77 -26.17
v -77.18 -45.51 1.53
v 33.59 11.16 -29.80
v 34.42 11.80 -31.83
v -33.16 -26.74 -14.58
v 15.55 0.21 -27.13
v -42.70 -30.74 -8.89
v -38.65 -29.25 -12.49
v 17.13 -0.56 -29.81
v -76.31 -49.28 2.06
v 15.22 -0.89 -29.20
v 34.12 7.26 -36.12
v 16.51 -1.26 -31.79
v -77.46 -53.08 -1.36
v -38.37 -31.87 -13.45
v 34.13 5.31 -36.47
v 16.20 -1.41 -34.46
v 26.76 0.49 -35.38
v 30.75 0.66 -35.62
v -31.83 -33.29 -19.93
v -24.32 -30.87 -25.15
v -76.91 -62.04 -13.08
v 19.50 -9.58 -41.78
v 25.65 -6.56 -43.61
v 33.37 -5.71 -44.01
v -22.07 -34.48 -30.56
v 18.65 -11.78 -43.13
v 26.78 -8.30 -43.68
v -76.87 -64.05 -11.97
v -23.17 -35.86 -30.22
v -24.20 -36.30 -30.42
v 36.31 -6.38 -46.11
v -76.72 -64.87 -15.00
v -25.31 -36.98 -29.70
v -24.39 -37.22 -31.06
v -23.23 -36.20 -31.12
v 16.71 -14.61 -44.10
v 33.10 -5.56 -48.93
v -23.77 -37.42 -31.79
v -23.34 -36.87 -32.02
v 35.76 -6.22 -49.55
v -26.18 -39.48 -31.11
v -21.81 -36.92 -33.65
v 17.16 -17.45 -44.40
v -25.67 -41.87 -32.44
v 13.42 -19.07 -45.64
v 16.95 -17.44 -46.47
v -74.58 -68.69 -17.81
v -73.33 -67.57 -20.22
v -24.77 -41.29 -36.49
v 16.48 -18.56 -48.24
v 37.41 -8.95 -55.19
v -27.80 -44.49 -35.56
v -70.31 -68.54 -23.10
v -72.30 -69.69 -20.92
v -70.45 -69.29 -22.69
v -68.92 -68.37 -24.79
v 36.03 -12.00 -56.60
v -69.98 -69.67 -23.41
v -32.92 -50.16 -35.85
v 27.79 -16.68 -54.92
v 30.44 -15.89 -55.45
v -35.81 -52.14 -35.99
v -35.04 -51.39 -36.72
v -66.05 -69.26 -27.58
v -36.48 -52.53 -36.41
v -36.01 -52.55 -36.70
v -35.19 -52.11 -36.25
v -67.92 -70.54 -26.26
v -37.78 -53.88 -36.84
v -64.57 -71.86 -28.54
v -65.80 -70.42 -29.45
v -37.77 -59.25 -37.96
v -37.74 -57.08 -38.93
v -37.67 -60.99 -38.80
v -39.30 -58.94 -40.37
v -61.72 -71.76 -33.55
v -38.82 -61.82 -41.56
v -57.05 -69.36 -36.77
v -40.68 -64.09 -42.96
v -58.11 -73.32 -36.23
v -53.89 -71.92 -38.42
v -53.93 -68.25 -39.07
v -49.47 -67.96 -41.34
v -47.19 -67.26 -41.99
v -41.32 -67.89 -44.43
v 18.44 24.28 -4.33
v 16.26 22.76 -4.64
v 24.85 27.62 -8.41
v 16.14 20.12 -4.27
v 20.14 22.02 -4.08
v 25.57 26.93 -10.76
v -69.74 -23.67 20.04
v -68.24 -23.28 19.51
v -66.33 -22.58 18.40
v -67.57 -24.13 18.85
v 24.63 26.04 -9.58
v -70.84 -26.57 18.34
v -69.14 -25.41 18.41
v -67.57 -24.82 18.32
v -66.65 -24.59 17.96
v -66.24 -23.77 18.25
v -62.30 -21.21 17.14
v -67.26 -26.20 17.65
v 27.89 24.04 -11.99
v -72.61 -28.39 18.94
v 14.34 16.45 -9.45
v 27.15 24.23 -11.95
v 29.01 23.48 -12.34
v -72.60 -29.93 18.14
v 27.37 23.33 -12.63
v 27.91 23.42 -12.99
v -72.81 -30.74 17.47
v 13.03 15.22 -9.30
v 26.53 23.23 -14.65
v -58.11 -23.17 12.58
v -52.57 -20.81 10.41
v -51.09 -18.40 10.02
v 15.54 15.71 -10.83
v 26.25 22.90 -13.29
v 28.42 21.84 -14.02
v -48.12 -18.68 7.02
v 15.51 13.79 -13.23
v 17.08 13.93 -11.34
v 15.37 15.32 -14.67
v 20.21 16.05 -13.83
v 21.16 16.82 -14.63
v -53.84 -23.56 8.64
v 17.07 14.04 -13.79
v 20.11 15.59 -14.44
v 19.45 15.72 -15.37
v 21.47 15.62 -14.33
v -47.47 -20.88 4.80
v -45.99 -24.51 0.32
v -48.21 -29.47 -2.13
v 19.12 5.25 -22.82
v 22.66 10.49 -26.58
v 31.33 11.57 -27.65
v 33.21 13.07 -28.69
v 19.01 3.44 -23.08
v -40.45 -28.19 -8.23
v 15.33 1.90 -25.70
v 16.12 2.36 -26.90
v 36.21 10.75 -29.66
v 17.04 1.09 -27.59
v 33.48 10.36 -34.12
v 34.21 7.90 -34.04
v 35.90 8.87 -34.53
v 21.06 -1.39 -30.57
v 33.84 6.42 -34.85
v -30.18 -30.35 -18.89
v 18.97 -2.78 -30.82
v 19.24 -1.47 -32.60
v 20.13 -3.00 -31.81
v 33.79 3.75 -34.79
v -38.97 -33.51 -12.82
v 27.96 2.26 -36.52
v -34.72 -32.82 -16.94
v -78.43 -56.26 -4.99
v -34.33 -34.69 -17.57
v -27.14 -31.59 -22.35
v -30.61 -35.52 -21.85
v -25.51 -33.31 -24.94
v -22.35 -32.83 -28.81
v 21.17 -11.46 -41.40
v 23.27 -8.51 -42.04
v 28.61 -6.35 -43.72
v -75.33 -64.89 -12.80
v -27.38 -36.98 -26.67
v -24.47 -37.15 -28.84
v 25.28 -10.01 -42.92
v 21.09 -12.40 -41.54
v 19.27 -13.27 -43.51
v 22.63 -14.61 -43.81
v -75.22 -65.44 -14.80
v 16.69 -15.18 -42.68
v -75.62 -65.87 -13.61
v -23.81 -37.14 -30.82
v 19.71 -15.22 -44.46
v -75.36 -66.49 -15.05
v 19.10 -16.25 -45.33
v 20.49 -15.68 -44.35
v -23.63 -38.90 -32.73
v 20.07 -16.80 -45.67
v 37.44 -7.82 -52.00
v 41.59 -7.26 -51.54
v -26.31 -42.93 -33.46
v 17.48 -19.29 -46.70
v 17.30 -18.11 -47.50
v 38.62 -7.48 -53.46
v 39.75 -9.31 -52.55
v 18.92 -19.80 -48.23
v 19.27 -20.13 -49.61
v 23.87 -18.07 -50.54
v 39.33 -10.12 -55.19
v -70.63 -69.33 -21.67
v -70.31 -69.67 -21.94
v -30.99 -46.60 -33.07
v -69.74 -69.35 -22.80
v -33.27 -49.54 -34.00
v 25.78 -18.86 -52.61
v 29.17 -17.93 -53.15
v -34.89 -53.67 -35.86
v -35.96 -54.50 -35.02
v -36.96 -56.74 -36.39
v -36.23 -55.94 -37.43
v -65.27 -71.37 -27.92
v -62.27 -72.09 -29.64
v -38.29 -56.20 -37.35
v -57.62 -72.13 -35.12
v -40.86 -64.31 -41.40
v -48.20 -68.59 -41.79
v -52.85 -73.80 -40.28
v -48.16 -70.33 -43.27
v -45.69 -72.63 -44.14
v 22.71 26.23 -4.20
v 21.51 24.85 -3.21
v 19.29 22.71 -2.96
v 18.44 21.65 -3.13
v 21.37 25.67 -6.68
v 25.28 26.20 -7.53
v -66.69 -24.70 18.54
v -64.33 -22.91 17.81
v 14.28 18.42 -5.69
v 29.55 25.33 -9.78
v -68.04 -25.21 19.43
v -58.95 -21.51 15.25
v 28.75 24.64 -10.97
v 29.26 24.56 -10.39
v -69.88 -28.13 18.13
v 29.39 23.82 -11.35
v -71.21 -29.43 17.84
v -55.75 -20.84 13.18
v 28.50 22.17 -12.01
v -64.30 -26.86 15.94
v 16.46 15.12 -8.14
v -72.11 -31.16 16.84
v 16.43 15.39 -12.19
v 27.25 19.86 -13.67
v 27.01 21.09 -13.39
v -58.00 -24.90 11.97
v 21.67 15.74 -11.19
v 24.83 19.34 -14.57
v 26.70 19.03 -14.01
v 28.09 20.32 -14.16
v -71.63 -35.58 14.58
v 25.14 18.88 -15.87
v 26.94 19.81 -14.92
v -73.07 -34.26 15.97
v 20.44 14.45 -12.88
v -55.36 -27.54 8.33
v -48.15 -23.42 4.29
v -53.54 -28.86 5.49
v -73.49 -40.15 7.79
v -46.00 -25.54 -0.20
v -72.22 -43.95 8.05
v -43.23 -27.37 -4.78
v 26.97 9.11 -22.47
v 22.22 6.36 -21.84
v 20.82 10.01 -26.02
v 31.49 11.14 -25.90
v 20.51 4.73 -23.86
v -74.23 -43.94 6.43
v -49.48 -34.30 -2.86
v -42.76 -30.31 -6.57
v 35.58 10.04 -31.26
v -74.51 -50.80 0.56
v -47.07 -35.17 -5.39
v -43.73 -32.81 -8.18
v 19.43 0.44 -26.98
v 39.05 9.19 -30.67
v 37.10 6.96 -33.16
v 36.79 6.08 -33.61
v 36.52 7.02 -35.23
v -74.35 -56.16 -2.03
v 35.89 4.96 -34.11
v 31.92 2.50 -34.93
v -31.99 -32.85 -17.76
v -29.63 -35.04 -20.71
v -75.04 -63.37 -9.27
v -28.68 -36.34 -24.60
v 26.82 -10.37 -41.28
v 26.14 -8.62 -42.04
v 29.72 -8.09 -42.09
v -75.47 -65.15 -9.55
v -29.68 -40.17 -24.51
v 22.26 -13.18 -41.83
v 25.19 -12.22 -42.89
v 34.95 -4.72 -46.22
v -27.23 -39.51 -28.63
v 19.37 -15.07 -42.91
v 38.55 -5.29 -49.68
v -75.14 -66.05 -14.36
v -74.42 -66.53 -14.54
v 19.91 -16.08 -44.41
v 20.81 -15.82 -43.96
v 21.38 -15.17 -44.21
v 38.77 -5.88 -50.98
v 19.63 -17.09 -44.82
v 21.35 -16.22 -44.98
v -73.82 -68.29 -12.49
v -28.31 -42.66 -30.18
v 20.84 -16.98 -45.04
v 41.11 -8.25 -50.64
v -73.41 -68.05 -17.66
v -28.86 -43.79 -32.05
v 20.82 -18.05 -45.69
v -30.27 -46.17 -30.36
v 21.06 -16.83 -45.70
v 21.11 -17.85 -47.95
v -71.18 -69.33 -20.62
v 37.70 -10.60 -54.25
v -70.56 -69.90 -19.94
v 22.90 -19.18 -47.67
v -71.22 -69.80 -20.80
v -70.18 -70.07 -21.20
v -69.72 -69.86 -22.12
v -32.48 -49.71 -31.93
v -29.50 -47.04 -33.97
v 28.30 -18.97 -50.51
v 28.87 -16.63 -52.98
v -68.14 -70.34 -21.64
v -33.84 -51.89 -32.94
v -32.44 -51.55 -33.95
v 37.68 -12.81 -54.52
v 39.09 -12.26 -55.66
v -68.07 -69.83 -23.26
v -34.00 -52.40 -35.37
v -65.49 -70.82 -26.17
v -33.64 -54.82 -34.01
v -65.58 -72.15 -26.44
v -64.74 -71.00 -27.92
v -64.90 -71.73 -27.06
v -63.98 -71.69 -28.16
v -64.13 -72.59 -27.84
v -63.63 -72.64 -29.44
v -61.68 -74.05 -29.91
v -37.61 -59.25 -39.69
v -61.55 -73.44 -31.93
v -55.27 -73.45 -36.72
v -39.14 -62.89 -40.45
v -54.79 -75.29 -38.10
v -50.12 -71.49 -40.81
v -41.77 -67.61 -42.69
v -43.76 -69.11 -42.89
v -49.33 -73.85 -42.44
v -50.96 -71.00 -42.07
v -43.76 -71.34 -44.28
v -42.61 -70.96 -44.61
v -40.46 -70.34 -45.16
v -44.19 -72.16 -44.31
v 25.28 27.03 -4.54
v 24.52 25.13 -4.11
v 29.90 25.23 -4.96
v 17.85 20.69 -5.14
v 16.56 18.89 -4.46
v 16.02 19.33 -6.37
v 16.93 18.13 -6.79
v 28.61 24.45 -10.32
v -70.13 -28.41 19.74
v -64.62 -25.91 17.86
v 28.40 24.02 -11.14
v 29.55 24.22 -9.57
v 29.62 24.10 -10.73
v -71.14 -30.53 19.20
v -69.54 -30.78 17.50
v -66.95 -29.40 16.92
v -54.47 -23.36 11.38
v 26.45 18.49 -13.29
v 27.38 19.74 -14.05
v -59.56 -29.09 11.71
v 26.61 17.31 -13.51
v -53.68 -31.17 4.41
v -71.22 -40.92 12.13
v -71.38 -42.86 7.55
v -53.50 -31.67 4.32
v -50.16 -31.18 1.69
v -53.35 -32.75 3.16
v -52.06 -33.33 0.69
v 29.72 11.49 -24.23
v 23.93 4.19 -21.19
v 25.93 6.56 -22.35
v 34.52 13.00 -27.12
v -47.83 -32.52 -1.84
v -53.64 -35.18 1.49
v 38.14 11.97 -29.48
v 20.31 1.79 -23.34
v -72.01 -46.57 4.59
v -43.75 -31.85 -5.95
v 19.68 0.60 -24.41
v 38.44 10.22 -32.06
v 39.21 8.21 -33.37
v 25.09 -1.06 -33.09
v 37.34 4.58 -35.01
v 28.41 -0.35 -33.70
v 31.22 0.82 -33.90
v 30.34 0.05 -34.26
v 29.32 0.00 -34.31
v 32.80 1.88 -35.85
v 35.11 3.53 -35.78
v 27.87 -0.96 -34.89
v -38.54 -39.79 -12.41
v -74.53 -62.02 -6.85
v -76.87 -59.23 -5.11
v -31.57 -39.32 -21.32
v -26.46 -37.73 -25.92
v 26.47 -10.86 -42.70
v 30.52 -9.70 -42.49
v 33.46 -7.08 -44.22
v 28.78 -5.74 -46.41
v 38.67 -4.92 -47.40
v -29.13 -42.58 -27.01
v 40.75 -5.52 -47.62
v -74.73 -66.67 -13.50
v 22.10 -15.16 -43.82
v 22.71 -14.76 -43.09
v 24.16 -14.57 -44.02
v -74.92 -66.80 -12.88
v 22.02 -15.84 -44.27
v 23.01 -15.82 -44.39
v 22.72 -16.21 -44.26
v 23.33 -15.13 -44.09
v -29.28 -44.09 -28.74
v 40.24 -7.34 -49.57
v -26.57 -42.45 -30.08
v 42.17 -8.68 -52.82
v -72.59 -70.46 -14.60
v -72.33 -70.60 -17.83
v -30.09 -49.21 -31.04
v -70.52 -71.10 -18.87
v -69.95 -70.24 -20.23
v -69.00 -70.38 -19.93
v -70.71 -70.44 -19.98
v -69.87 -70.76 -20.40
v -30.98 -50.53 -31.89
v -68.53 -71.19 -23.30
v 31.57 -18.31 -51.66
v 40.08 -14.36 -53.28
v -66.64 -72.65 -23.22
v -34.67 -54.37 -33.06
v -35.44 -56.24 -34.42
v -34.95 -56.07 -36.00
v -64.15 -72.45 -27.24
v -64.37 -73.08 -26.41
v -60.84 -73.77 -29.84
v -36.15 -59.95 -36.96
v -35.94 -59.31 -38.42
v -62.27 -73.60 -29.36
v -60.01 -71.96 -32.77
v -58.82 -74.24 -31.67
v -55.45 -75.06 -35.34
v -57.46 -76.25 -34.23
v -36.93 -64.70 -42.55
v -52.96 -73.94 -38.33
v -37.49 -66.80 -42.16
v -50.95 -73.76 -39.78
v -38.47 -68.72 -43.29
v -42.21 -70.41 -43.60
v -39.26 -68.38 -44.59
v -46.13 -71.79 -42.59
v -44.42 -72.05 -43.49
v -43.59 -71.18 -43.69
v -42.68 -71.38 -44.10
v -43.77 -72.71 -43.84
v -43.45 -72.63 -44.56
v -42.74 -71.98 -44.44
v -49.40 -75.79 -41.86
v 26.97 25.57 -4.37
v 29.70 26.63 -3.69
v 20.23 20.07 -2.31
v 19.11 23.54 -5.21
v 29.27 26.45 -8.00
v 28.83 25.36 -6.91
v 18.69 17.57 -4.39
v 29.88 23.06 -10.46
v 28.96 23.49 -11.23
v 30.71 22.82 -11.59
v -71.55 -32.39 18.54
v -62.12 -26.12 16.40
v 18.51 16.51 -8.10
v 30.10 22.01 -12.52
v -61.61 -28.42 15.46
v -56.38 -25.67 12.23
v 18.95 14.26 -9.36
v -70.68 -32.94 16.80
v -59.52 -25.64 14.77
v 27.37 18.78 -13.01
v -71.89 -32.48 18.34
v -67.53 -32.33 16.32
v -63.32 -30.27 14.36
v -57.60 -28.24 12.24
v 21.50 14.14 -9.59
v 19.58 14.07 -11.67
v 27.17 18.32 -13.46
v 28.01 18.54 -13.03
v -71.10 -37.49 15.59
v -70.93 -35.75 15.04
v -69.63 -33.66 16.58
v 26.09 15.80 -11.92
v -50.34 -22.23 7.55
v -72.14 -36.62 15.36
v -52.98 -29.23 6.74
v -70.48 -40.94 10.35
v -53.13 -31.61 4.70
v -53.90 -32.19 4.85
v -53.37 -32.86 4.04
v -52.68 -32.00 3.91
v -55.60 -32.71 5.68
v -54.06 -32.92 4.06
v -70.71 -44.70 6.59
v -51.96 -32.46 2.96
v 24.94 5.93 -22.41
v 28.42 8.65 -23.26
v 29.73 9.91 -24.24
v 32.46 10.49 -24.40
v -49.69 -35.45 -0.97
v 23.52 4.23 -22.79
v -55.23 -37.05 2.22
v 22.69 3.09 -21.92
v -46.41 -34.25 -3.77
v 19.80 1.85 -25.41
v 39.61 10.48 -30.52
v -73.20 -47.53 5.12
v -49.44 -38.52 -3.65
v -42.55 -33.20 -7.28
v -46.07 -36.48 -4.38
v 39.72 9.16 -31.71
v -72.23 -50.57 2.21
v -40.61 -36.27 -9.03
v 39.49 8.39 -31.18
v -73.95 -52.84 1.99
v -39.51 -34.06 -10.17
v -45.78 -38.23 -6.48
v 29.83 -0.50 -33.50
v -40.75 -35.83 -10.91
v -34.31 -35.03 -15.40
v 26.51 -2.77 -32.15
v 27.79 -2.02 -33.25
v 29.66 -1.07 -33.40
v 29.19 -0.48 -34.36
v 31.22 -0.54 -33.55
v 32.49 0.37 -34.50
v -75.38 -57.40 -1.84
v -32.97 -38.46 -16.86
v -34.89 -38.87 -16.68
v -74.12 -61.27 -3.26
v -33.48 -37.44 -18.52
v -28.14 -36.53 -23.02
v -74.82 -66.08 -13.03
v 25.72 -11.65 -41.24
v -26.55 -40.85 -27.84
v 30.66 -11.59 -42.33
v -27.49 -42.92 -27.75
v 24.74 -13.89 -42.10
v 40.51 -6.88 -46.22
v -73.79 -66.77 -12.63
v -29.60 -44.00 -26.09
v 26.46 -13.76 -43.57
v -29.49 -44.63 -26.83
v -29.80 -45.35 -26.97
v 24.73 -16.51 -46.04
v 23.95 -17.32 -44.95
v -72.15 -69.11 -16.48
v -28.24 -45.68 -31.92
v 22.76 -18.59 -46.50
v 42.53 -9.72 -51.47
v 26.58 -18.70 -47.52
v 26.69 -17.64 -48.96
v 40.55 -9.63 -54.48
v 29.17 -17.29 -50.44
v 32.97 -17.16 -50.22
v 27.49 -19.02 -49.21
v 40.78 -11.20 -55.01
v 39.05 -12.54 -54.15
v -32.73 -51.16 -30.56
v -32.85 -53.86 -32.93
v 34.52 -17.86 -52.23
v 33.12 -16.32 -54.33
v 40.09 -13.91 -54.95
v -63.64 -73.12 -25.31
v -65.03 -72.90 -25.04
v -64.07 -73.30 -25.28
v -61.89 -73.60 -28.43
v -35.45 -58.29 -35.09
v -61.65 -74.64 -28.35
v -61.54 -73.71 -29.49
v -61.11 -74.87 -29.37
v -36.07 -61.90 -40.28
v -36.54 -63.73 -39.95
v -35.10 -64.16 -41.43
v -52.61 -76.11 -37.26
v -38.04 -65.96 -43.44
v -51.97 -76.63 -39.64
v -42.73 -72.89 -43.98
v -45.41 -76.62 -43.92
v -41.83 -71.72 -44.00
v -41.41 -72.82 -45.58
v -42.70 -77.49 -45.12
v 23.09 22.68 -1.21
v 24.02 25.17 -2.49
v 24.88 22.64 -2.03
v 28.83 27.06 -5.98
v 18.73 19.17 -3.31
v 19.98 20.46 -4.19
v 31.26 24.65 -6.32
v 31.15 25.38 -8.05
v 31.26 24.01 -7.75
v 31.10 24.53 -9.58
v 16.63 16.44 -6.37
v -70.13 -31.23 19.09
v -68.27 -29.68 18.98
v -66.01 -29.63 17.87
v 21.39 15.98 -8.21
v 30.40 20.23 -11.14
v -70.11 -34.15 18.06
v 27.90 19.62 -12.48
v 30.62 20.42 -11.57
v 26.91 17.34 -11.03
v 27.63 18.50 -12.00
v 27.88 17.10 -12.25
v -70.38 -35.83 17.04
v -67.41 -34.61 15.42
v -68.99 -35.35 15.63
v -68.03 -35.64 15.60
v -66.10 -35.25 14.70
v -69.42 -37.17 14.49
v -61.23 -31.73 12.08
v -55.17 -29.63 9.17
v -64.58 -35.24 13.20
v -69.63 -39.84 11.97
v -58.36 -32.87 8.71
v -54.12 -32.69 5.58
v -60.73 -36.06 9.25
v -52.75 -33.50 3.36
v -52.30 -35.23 1.95
v 32.45 10.58 -22.05
v -69.47 -44.49 7.30
v -70.29 -44.16 9.40
v 29.11 7.28 -22.02
v -58.43 -39.72 3.95
v 38.53 12.29 -27.41
v -57.39 -41.20 2.07
v 22.03 3.09 -23.72
v -71.28 -46.24 7.03
v -69.93 -48.49 4.34
v -51.26 -38.85 -0.41
v 23.68 2.23 -23.59
v -51.33 -36.98 -1.86
v 39.44 9.87 -29.19
v 40.62 9.88 -30.31
v -71.66 -49.23 5.06
v -51.81 -40.71 -2.07
v 39.95 9.50 -30.38
v 40.59 9.01 -30.42
v 40.94 8.70 -31.29
v 19.76 -0.82 -26.00
v 39.92 8.92 -31.16
v 20.87 -0.96 -29.00
v 41.14 7.45 -32.46
v 40.32 7.71 -31.19
v 23.21 -2.43 -27.54
v 26.22 -1.54 -30.13
v 38.44 4.12 -32.84
v -37.04 -38.85 -12.16
v 25.74 -3.11 -30.93
v 30.05 -0.88 -31.57
v 36.36 1.68 -34.29
v -33.91 -39.96 -17.30
v -33.10 -40.43 -17.70
v -33.23 -40.71 -18.34
v -74.30 -64.17 -6.27
v -31.74 -43.15 -21.65
v 30.37 -9.98 -40.99
v 40.91 -5.71 -44.38
v -74.55 -66.42 -9.70
v 27.72 -12.49 -42.89
v -30.13 -44.54 -25.27
v -28.61 -43.54 -25.65
v -74.53 -67.22 -11.37
v 27.77 -13.59 -41.80
v 41.38 -7.01 -46.99
v -72.38 -68.65 -14.21
v -30.49 -46.16 -26.08
v -29.95 -45.43 -26.05
v -28.94 -44.32 -26.40
v -29.45 -44.78 -25.55
v 23.87 -15.92 -43.69
v 28.12 -14.43 -43.74
v -28.96 -45.05 -27.06
v 27.20 -16.94 -44.78
v 27.42 -15.24 -44.54
v 28.10 -15.08 -43.87
v -30.83 -47.43 -27.50
v 27.27 -16.03 -45.61
v 28.15 -15.91 -44.82
v 26.74 -17.31 -47.82
v -32.08 -50.49 -27.86
v -29.19 -47.46 -29.57
v 30.00 -17.21 -48.30
v 30.53 -18.53 -47.42
v -69.08 -71.87 -18.27
v -31.59 -52.57 -30.65
v 41.40 -11.93 -53.21
v -65.69 -71.75 -22.52
v -67.16 -72.69 -20.30
v 31.99 -13.71 -56.82
v 42.55 -13.42 -54.44
v -34.16 -55.85 -31.52
v -34.13 -57.35 -31.95
v -64.39 -72.74 -24.86
v -64.22 -73.12 -24.01
v -64.29 -73.59 -23.85
v -64.19 -72.33 -26.60
v -34.39 -58.19 -35.86
v -62.53 -73.11 -27.50
v -61.18 -74.62 -28.00
v -34.14 -60.74 -37.43
v -60.84 -74.67 -28.88
v -60.07 -75.71 -30.68
v -33.84 -63.91 -37.82
v -33.57 -62.49 -38.53
v -56.74 -77.87 -32.73
v -35.78 -66.77 -41.75
v -34.06 -68.57 -44.14
v -54.93 -76.80 -36.76
v -52.25 -77.92 -38.41
v -47.94 -77.12 -40.27
v -48.71 -78.97 -40.67
v -47.99 -74.71 -41.21
v -38.44 -71.29 -44.34
v -47.69 -77.68 -42.15
v -41.92 -75.12 -44.09
v -39.50 -73.55 -44.76
v -44.43 -73.90 -44.68
v -38.89 -76.20 -46.78
v -38.21 -73.91 -46.55
v 29.24 24.35 -2.53
v 29.75 24.94 -3.57
v 22.01 20.21 -3.28
v 32.11 25.15 -6.19
v 19.69 19.32 -4.77
v 32.62 24.30 -7.41
v 18.02 17.44 -7.00
v 32.53 23.00 -9.76
v 21.61 17.21 -5.87
v 33.32 22.25 -9.27
v 21.56 15.35 -5.91
v 31.37 20.40 -10.45
v 31.64 20.27 -10.53
v 32.51 21.16 -9.86
v 21.95 15.72 -9.71
v 25.56 16.25 -9.44
v 29.61 19.22 -11.05
v -67.42 -32.77 17.69
v 29.43 19.64 -13.01
v 22.54 14.34 -11.00
v -67.68 -36.44 15.54
v -67.71 -35.44 16.01
v -66.70 -35.07 15.38
v -62.83 -31.73 15.07
v -67.91 -36.76 14.72
v -66.66 -36.67 14.06
v -65.81 -35.80 14.63
v -65.11 -34.07 15.47
v -59.07 -31.35 12.24
v -65.38 -35.92 13.53
v -56.89 -32.57 9.44
v -70.01 -39.61 14.25
v -67.76 -40.12 11.38
v -69.30 -45.49 8.31
v -68.34 -44.57 7.19
v -66.38 -44.19 6.58
v -54.38 -35.52 4.30
v 35.44 11.62 -22.89
v -62.08 -37.52 9.43
v -60.29 -40.97 4.71
v -69.91 -46.69 7.29
v -61.37 -42.81 4.12
v 38.93 10.45 -23.88
v -63.74 -44.36 4.76
v 37.56 10.96 -26.87
v -67.45 -46.04 5.69
v -52.92 -37.85 1.40
v -54.44 -39.85 0.11
v 42.55 9.37 -29.87
v -56.40 -42.92 0.56
v 25.10 0.51 -24.53
v -71.23 -52.11 3.86
v -70.46 -52.11 2.30
v 25.77 -0.50 -25.75
v 41.25 8.12 -30.15
v 42.70 7.46 -31.49
v -50.16 -42.38 -3.20
v 40.15 5.78 -31.95
v 24.98 -3.21 -29.61
v 39.87 3.57 -33.61
v 30.27 -0.25 -32.92
v 35.31 2.02 -33.30
v -72.55 -56.68 -0.91
v -42.43 -40.55 -8.75
v 29.98 -2.31 -31.82
v -73.21 -58.88 -0.80
v -34.86 -39.49 -14.58
v -73.43 -60.49 -4.10
v -35.46 -40.63 -15.77
v -33.47 -39.94 -16.81
v -34.03 -40.90 -16.82
v -33.80 -41.59 -17.56
v -33.03 -41.27 -17.52
v -32.37 -40.39 -18.09
v -30.66 -39.55 -20.13
v -28.98 -41.16 -23.24
v 37.21 -7.46 -41.43
v 35.34 -8.18 -42.66
v -31.53 -44.75 -22.31
v 29.92 -12.05 -40.91
v -72.66 -68.23 -9.39
v 43.84 -6.44 -48.27
v -29.30 -44.74 -24.86
v 27.79 -15.27 -43.40
v 28.61 -15.07 -43.06
v 29.94 -15.14 -44.18
v -70.96 -69.31 -12.78
v -31.14 -47.15 -24.91
v -29.40 -45.87 -26.74
v 27.77 -16.06 -44.27
v 29.16 -15.41 -44.19
v 44.48 -7.99 -47.03
v -31.72 -49.06 -23.98
v -29.23 -47.05 -27.99
v -29.68 -47.90 -26.25
v 29.11 -17.06 -44.87
v 28.86 -16.19 -44.45
v 29.09 -16.05 -45.12
v -70.81 -69.80 -16.19
v 29.42 -17.89 -45.99
v -70.75 -71.21 -13.80
v -68.41 -70.48 -14.86
v 31.69 -17.08 -47.43
v 43.85 -11.67 -53.78
v -66.36 -71.52 -18.64
v 41.75 -10.77 -52.69
v 43.46 -13.69 -52.51
v 32.58 -18.73 -49.83
v -33.55 -54.33 -29.93
v -63.95 -74.36 -22.70
v -63.63 -73.56 -24.28
v -62.45 -75.06 -26.43
v -34.24 -59.78 -33.71
v -60.31 -75.64 -27.87
v -34.77 -61.09 -36.09
v -60.99 -75.50 -28.11
v -34.75 -65.33 -40.24
v -54.30 -76.79 -34.79
v -33.40 -66.58 -42.04
v -32.47 -66.80 -41.41
v -33.41 -67.39 -42.66
v -50.41 -76.31 -38.93
v -36.11 -71.56 -44.61
v -36.56 -70.09 -45.36
v -43.66 -77.62 -42.83
v -36.09 -72.79 -46.52
v -43.82 -75.96 -43.19
v -40.73 -77.47 -46.08
v 25.64 23.15 -0.64
v 22.03 21.00 -1.44
v 26.94 23.66 -2.13
v 31.34 26.22 -5.27
v 25.66 20.62 -1.64
v 32.10 24.50 -6.03
v 32.85 24.53 -6.13
v 22.16 19.22 -1.76
v 32.00 24.55 -7.06
v 32.66 24.23 -6.01
v 32.18 23.82 -7.37
v 32.82 23.89 -6.43
v 33.03 22.24 -7.35
v 25.32 16.21 -6.94
v 32.18 21.03 -9.53
v 31.93 21.85 -10.63
v 31.77 19.85 -9.75
v 22.84 14.63 -7.18
v 29.18 17.59 -9.12
v 30.60 19.37 -10.78
v 30.77 18.98 -11.07
v 31.94 19.47 -10.05
v 23.80 15.00 -12.11
v -69.33 -36.36 16.68
v -66.76 -36.56 14.92
v -63.49 -35.28 13.89
v -61.61 -35.39 12.32
v -67.37 -38.28 14.60
v -59.63 -35.84 10.11
v -68.69 -39.91 13.78
v -62.65 -37.50 11.60
v -58.74 -40.48 5.47
v 30.85 9.30 -21.10
v -57.39 -39.78 4.79
v 34.41 12.75 -25.75
v -67.89 -45.37 8.04
v -65.73 -43.46 8.44
v 27.51 4.47 -20.15
v 40.72 11.87 -24.17
v -61.89 -42.64 6.26
v -64.27 -44.49 6.70
v -58.79 -43.19 3.73
v 41.90 10.75 -28.37
v -70.31 -49.18 5.51
v -68.24 -48.29 5.93
v -55.27 -40.91 2.24
v 24.30 1.19 -22.46
v 26.08 0.53 -24.03
v -67.28 -49.19 5.12
v -67.13 -48.14 4.14
v 40.88 9.27 -28.97
v -68.70 -48.84 4.15
v -63.79 -48.23 2.58
v -50.54 -40.25 -1.20
v 23.28 -0.73 -24.50
v 26.32 -0.57 -25.07
v -57.12 -44.95 0.31
v -68.80 -52.47 2.31
v -66.61 -51.23 2.37
v -52.46 -44.21 -1.86
v -44.82 -38.92 -5.30
v 26.23 -2.04 -25.98
v 25.34 -1.38 -28.47
v 27.12 -3.03 -28.54
v 30.04 -1.42 -29.51
v 40.08 6.14 -33.67
v 34.52 0.03 -31.42
v 35.38 -0.46 -32.71
v -40.06 -41.88 -10.69
v -37.44 -43.10 -13.37
v -71.25 -61.63 -3.08
v -33.80 -40.61 -16.42
v -33.67 -41.61 -16.23
v -72.59 -65.77 -8.48
v 37.65 -10.36 -39.40
v 38.71 -6.57 -42.45
v -32.58 -45.30 -20.35
v -29.87 -44.54 -22.84
v -31.83 -45.81 -21.17
v 30.90 -12.90 -40.90
v 38.83 -8.03 -42.66
v 43.99 -6.04 -45.57
v -31.45 -46.83 -22.27
v -31.28 -47.70 -23.17
v 30.80 -14.08 -43.25
v 45.72 -8.08 -44.99
v -31.31 -48.29 -23.99
v 29.62 -16.23 -43.81
v 45.61 -7.81 -49.28
v 45.63 -9.39 -51.39
v -30.66 -51.08 -28.50
v 45.29 -12.61 -51.60
v -32.96 -53.20 -27.30
v 34.11 -16.64 -51.76
v 35.32 -16.01 -52.63
v 46.11 -12.41 -53.04
v -68.30 -72.21 -16.64
v -33.47 -55.70 -28.42
v -32.44 -55.24 -31.11
v 45.26 -15.16 -51.38
v -66.20 -73.18 -18.30
v -63.99 -72.66 -19.55
v -64.17 -72.85 -22.87
v -62.77 -73.68 -23.52
v -63.43 -74.38 -24.49
v -61.66 -74.22 -24.87
v -60.55 -75.20 -27.01
v -60.50 -75.90 -27.01
v -59.91 -75.75 -26.33
v -59.80 -76.05 -27.76
v -32.77 -62.95 -34.14
v -32.48 -62.42 -36.42
v -59.48 -75.41 -28.65
v -56.00 -76.91 -31.75
v -56.66 -78.49 -31.41
v -52.64 -78.33 -34.79
v -33.43 -66.83 -41.30
v -32.67 -66.90 -40.87
v -33.45 -67.39 -41.94
v -32.30 -67.76 -41.52
v -31.61 -67.15 -41.66
v -32.95 -68.07 -42.13
v -32.45 -67.92 -42.75
v -52.38 -80.04 -35.87
v -32.34 -70.20 -43.26
v -49.37 -80.32 -38.84
v -31.98 -71.22 -45.76
v -45.86 -80.23 -41.99
v -34.13 -73.76 -45.66
v -32.62 -73.54 -47.30
v -34.52 -75.18 -47.73
v -34.32 -72.12 -46.34
v -37.11 -79.28 -47.63
v 29.12 25.87 -2.43
v 31.53 25.34 -2.23
v 27.14 21.98 -1.32
v 22.67 21.40 -2.77
v 33.24 25.09 -4.82
v 33.51 24.51 -5.74
v 24.40 18.41 -3.42
v 33.57 22.09 -5.76
v 23.65 16.73 -5.87
v 33.02 20.76 -7.85
v 33.00 20.13 -9.22
v 31.13 18.07 -10.27
v 24.30 14.39 -8.47
v 29.97 17.01 -10.29
v 27.95 7.23 -20.78
v 40.98 11.43 -21.89
v 26.42 5.28 -20.47
v 40.48 11.57 -27.81
v 27.91 2.66 -20.58
v 41.74 10.04 -24.16
v 41.52 9.88 -26.18
v 43.78 9.99 -27.50
v 27.76 0.63 -23.84
v 26.39 0.04 -23.17
v 26.84 0.23 -24.06
v -63.02 -47.49 4.13
v -57.31 -45.36 1.87
v 24.99 -0.33 -23.96
v 25.79 -0.27 -24.44
v 26.55 -0.12 -23.85
v 27.02 -0.37 -24.87
v 43.81 7.52 -28.28
v -54.58 -42.60 1.13
v 25.95 -0.98 -24.94
v 26.76 -0.88 -24.71
v -64.07 -50.61 1.66
v -61.33 -48.19 1.33
v -54.36 -44.38 -1.00
v -67.75 -51.64 4.06
v -59.99 -49.05 0.54
v -50.74 -44.30 -2.43
v -70.50 -54.55 2.91
v -53.60 -46.86 -1.53
v -51.40 -44.74 -2.05
v -48.48 -41.22 -2.70
v 26.63 -2.73 -27.34
v -49.56 -44.84 -3.20
v -68.79 -56.17 0.75
v 36.44 0.89 -31.68
v 40.58 2.59 -31.14
v 42.81 4.21 -32.23
v -70.38 -56.20 0.49
v -70.73 -57.53 1.45
v 34.26 -1.56 -31.60
v -71.26 -59.92 -0.07
v -70.60 -59.80 -1.57
v -41.08 -44.62 -9.66
v -71.64 -62.62 -2.13
v -71.73 -63.86 -5.32
v -32.11 -42.54 -18.22
v -72.11 -64.90 -4.40
v -71.20 -65.61 -6.71
v -34.61 -43.56 -16.93
v -32.60 -44.71 -17.67
v -31.62 -44.59 -19.47
v -32.95 -47.16 -20.03
v -31.44 -45.75 -20.86
v 35.62 -11.02 -39.66
v 35.57 -10.25 -41.27
v -71.09 -68.25 -10.39
v -32.17 -46.62 -20.70
v -31.09 -46.27 -21.71
v -31.73 -47.09 -21.32
v -31.30 -46.93 -21.76
v 30.80 -12.54 -42.48
v 42.59 -7.56 -43.88
v 45.59 -6.72 -46.31
v -31.68 -48.08 -22.42
v -30.16 -46.82 -23.65
v 46.33 -7.41 -46.49
v -32.39 -48.93 -21.98
v -31.85 -49.09 -23.15
v -30.81 -47.91 -23.51
v -31.20 -48.18 -22.75
v 32.94 -14.15 -42.66
v -71.39 -70.25 -11.19
v -30.71 -48.70 -24.31
v 45.25 -8.41 -47.74
v 46.92 -8.13 -47.72
v -30.74 -50.17 -25.15
v -32.54 -51.01 -24.15
v -30.55 -50.66 -26.75
v -68.89 -71.61 -13.35
v -66.95 -71.09 -16.58
v 46.43 -10.58 -49.73
v 46.71 -11.32 -52.28
v 41.45 -17.27 -50.06
v -33.03 -57.70 -32.91
v -33.28 -60.52 -31.33
v -59.46 -76.16 -26.79
v -58.61 -76.25 -26.89
v -60.03 -76.42 -26.40
v -59.48 -76.78 -27.03
v -58.02 -75.91 -29.71
v -30.76 -66.01 -39.55
v -32.87 -64.20 -36.63
v -32.03 -66.02 -40.84
v -48.90 -78.98 -38.18
v -45.27 -78.76 -41.28
v -33.27 -71.99 -44.64
v -43.27 -80.60 -43.71
v -39.80 -77.93 -44.91
v -35.83 -74.68 -45.80
v -41.64 -79.48 -45.22
v -37.90 -76.17 -45.62
v -38.63 -80.71 -46.70
v -34.52 -78.02 -48.52
v 24.94 21.58 -0.36
v 28.99 24.03 -0.66
v 30.64 24.57 -1.13
v 28.94 22.90 -1.46
v 32.70 25.23 -3.30
v 25.05 20.15 -0.45
v 30.90 24.38 -3.18
v 32.59 23.24 -3.15
v 24.25 18.28 -1.56
v 23.74 19.57 -2.82
v 33.07 23.27 -4.29
v 34.04 23.28 -7.26
v 25.49 15.28 -5.15
v 32.35 20.07 -9.11
v 27.69 16.63 -8.12
v 33.22 18.85 -8.61
v 25.64 14.72 -7.48
v 27.87 15.15 -8.27
v 33.77 6.55 -18.48
v 34.16 6.56 -19.87
v 33.00 8.42 -21.38
v 32.88 9.64 -22.69
v 37.83 10.06 -22.49
v 32.10 4.72 -20.36
v 31.63 6.11 -20.69
v 27.35 3.65 -21.81
v 44.81 8.79 -25.12
v 27.17 0.46 -22.42
v 44.36 8.46 -26.63
v 27.75 -1.23 -24.34
v 44.59 6.33 -28.57
v -63.45 -49.83 3.24
v -52.63 -44.51 -0.43
v 42.65 6.32 -30.09
v -57.81 -47.87 1.29
v -54.88 -46.10 0.44
v -51.22 -44.75 -1.75
v -50.34 -44.14 -2.10
v -69.61 -51.59 4.30
v -58.94 -50.05 0.28
v -57.87 -49.78 -0.12
v -55.61 -48.29 -1.06
v -51.70 -46.47 -2.01
v -51.14 -45.50 -2.22
v -50.27 -45.28 -2.47
v -49.88 -44.73 -2.61
v -49.69 -42.90 -2.05
v 42.65 5.73 -32.23
v -67.05 -54.78 1.14
v -60.39 -51.09 0.25
v -59.29 -50.79 0.32
v -52.43 -46.92 -1.69
v -50.40 -46.33 -2.80
v -48.25 -45.34 -3.85
v -46.92 -45.02 -5.09
v 42.71 3.69 -30.45
v -63.66 -53.99 0.39
v -47.58 -45.67 -4.20
v 31.96 -2.99 -27.17
v 41.85 1.40 -29.70
v -40.02 -41.95 -8.72
v 38.09 0.13 -32.10
v -44.52 -44.27 -6.88
v -36.94 -42.67 -11.68
v -38.37 -45.33 -12.38
v -33.67 -43.70 -15.92
v -70.16 -64.47 -4.88
v -70.79 -67.13 -5.77
v -72.41 -66.53 -6.55
v 36.41 -12.75 -39.27
v 45.37 -7.04 -42.49
v -33.47 -48.57 -18.97
v -33.00 -48.63 -19.89
v -31.79 -46.55 -20.36
v -31.56 -48.69 -21.38
v -71.12 -68.56 -7.95
v -32.86 -49.21 -20.67
v -31.08 -47.52 -22.08
v 47.07 -7.98 -46.40
v -70.89 -70.44 -11.01
v -32.97 -50.03 -20.95
v -31.30 -48.89 -22.87
v 31.14 -14.71 -41.75
v 46.35 -8.01 -46.36
v 46.26 -7.99 -47.33
v 47.35 -8.01 -46.92
v 31.31 -15.93 -44.99
v 46.50 -8.76 -47.74
v -31.15 -49.54 -23.83
v 32.79 -16.98 -43.49
v 47.22 -8.65 -47.04
v 35.60 -17.33 -46.08
v -64.37 -72.23 -17.68
v 33.02 -18.04 -45.17
v -67.07 -72.02 -13.59
v 33.51 -18.48 -46.21
v 32.52 -18.69 -48.24
v 32.81 -17.36 -48.66
v 45.46 -11.84 -51.21
v -33.39 -55.48 -26.32
v -64.96 -73.37 -16.51
v -33.12 -56.91 -26.34
v 46.09 -14.49 -51.25
v -33.41 -57.25 -28.51
v -32.25 -56.50 -29.33
v 42.87 -15.99 -51.49
v 46.23 -14.57 -52.93
v -60.85 -74.53 -21.96
v 42.39 -18.06 -51.05
v 44.52 -16.11 -52.57
v -64.06 -74.28 -19.45
v -63.56 -74.72 -21.72
v -32.65 -59.32 -32.45
v -32.60 -60.77 -34.04
v -59.88 -76.93 -24.60
v -57.15 -76.95 -27.47
v -59.45 -76.76 -28.70
v -55.85 -79.46 -29.68
v -29.98 -66.03 -38.27
v -31.97 -64.65 -35.58
v -30.47 -67.49 -38.45
v -51.94 -79.68 -33.12
v -31.04 -69.08 -41.70
v -30.40 -69.78 -44.08
v -29.85 -71.26 -43.77
v -29.79 -71.10 -44.62
v -29.07 -70.82 -43.89
v -47.76 -81.86 -38.65
v -30.90 -72.08 -44.52
v -29.44 -71.92 -45.10
v -42.91 -79.71 -42.43
v -44.26 -82.40 -41.60
v -39.58 -79.87 -44.57
v -32.50 -76.07 -46.94
v -34.06 -77.88 -47.13
v -36.30 -79.11 -46.45
v -31.95 -76.86 -48.89
v -40.33 -82.31 -44.98
v 27.65 21.67 0.33
v 31.01 23.13 -1.90
v 33.58 23.61 -1.79
v 26.48 19.32 -2.04
v 34.62 23.28 -5.14
v 25.00 17.13 -2.35
v 34.77 21.27 -7.46
v 27.15 16.99 -4.98
v 28.61 17.08 -5.51
v 33.24 19.88 -6.59
v 34.52 20.22 -8.05
v 31.52 18.51 -7.62
v 32.65 17.84 -8.25
v 30.30 16.32 -8.54
v 39.11 10.36 -20.36
v 42.03 10.67 -20.28
v 30.34 5.69 -19.44
v 44.16 10.69 -24.99
v 45.13 9.14 -26.32
v 29.39 1.30 -22.87
v 45.11 8.64 -27.28
v 45.59 8.16 -27.28
v 45.11 7.94 -28.84
v 28.84 -0.59 -25.40
v 31.11 -1.86 -23.97
v -51.22 -45.84 -1.73
v 30.11 -1.32 -26.86
v 45.30 4.76 -30.74
v -58.69 -49.90 0.81
v -57.78 -50.23 0.40
v -52.26 -47.01 -1.41
v -51.42 -46.37 -1.74
v -49.17 -45.20 -2.81
v 30.09 -1.49 -28.09
v -59.63 -50.75 1.03
v -58.50 -51.23 0.06
v -57.73 -50.68 -0.21
v -56.29 -51.01 -1.13
v -52.32 -47.76 -2.00
v -50.97 -46.86 -2.18
v -48.79 -45.70 -3.31
v -48.59 -46.27 -3.26
v -47.85 -45.20 -3.60
v -45.87 -44.37 -4.33
v -62.00 -52.81 1.61
v -59.59 -52.48 0.02
v -51.35 -47.47 -2.32
v -48.67 -46.54 -3.66
v -47.76 -46.30 -3.90
v -47.06 -45.74 -3.93
v 43.90 2.26 -31.05
v -69.28 -56.80 2.04
v -67.85 -57.70 1.57
v -62.26 -54.97 0.07
v -60.22 -53.69 -0.16
v -58.07 -52.08 -0.44
v -48.43 -47.56 -4.23
v -43.34 -42.71 -6.06
v -63.45 -56.33 -0.43
v -62.58 -55.68 -0.06
v -61.26 -54.68 -0.12
v -47.01 -46.70 -5.04
v -68.01 -58.52 -0.43
v -69.60 -61.50 -2.25
v -42.69 -48.00 -8.30
v -35.61 -43.93 -13.25
v -70.63 -64.83 -3.33
v -68.97 -65.18 -5.20
v -36.45 -46.24 -14.66
v -67.23 -67.55 -7.82
v -35.31 -48.57 -16.50
v 39.79 -8.08 -40.70
v -69.48 -67.46 -7.93
v -34.70 -49.42 -17.01
v -34.28 -49.55 -17.76
v -32.94 -48.29 -18.90
v -33.58 -49.27 -18.60
v -32.62 -46.85 -18.28
v 39.39 -9.93 -40.63
v -34.14 -50.29 -18.04
v 34.72 -12.18 -41.35
v 40.27 -10.65 -40.16
v 40.37 -9.35 -40.96
v 44.74 -8.74 -42.12
v 46.04 -6.70 -44.20
v -67.11 -68.67 -9.47
v -33.86 -50.14 -18.97
v -32.48 -48.97 -20.20
v 47.37 -7.36 -45.48
v -69.58 -69.25 -11.29
v -33.22 -50.17 -19.73
v -32.72 -50.04 -20.39
v -32.01 -50.19 -21.23
v 47.09 -8.43 -45.31
v 49.36 -8.43 -47.03
v -68.99 -70.66 -10.56
v -33.31 -53.33 -23.78
v -31.53 -51.42 -22.96
v 48.13 -8.56 -48.25
v 47.79 -8.92 -46.44
v 47.61 -9.28 -49.82
v 50.07 -11.48 -48.00
v -33.50 -55.88 -25.14
v -31.58 -53.98 -27.08
v 36.93 -17.78 -47.34
v 41.23 -17.89 -48.22
v 49.12 -12.33 -51.40
v -32.99 -57.56 -27.74
v -32.23 -56.30 -26.25
v -32.34 -57.46 -28.11
v 38.76 -19.27 -48.54
v 48.19 -13.34 -52.11
v -33.07 -58.96 -28.63
v -32.34 -58.88 -29.27
v 42.38 -18.88 -49.71
v -32.86 -59.75 -28.09
v -33.08 -60.39 -28.65
v -61.31 -75.74 -20.44
v -61.36 -76.05 -22.36
v -59.99 -74.77 -21.00
v -31.75 -62.03 -33.25
v -31.15 -63.47 -35.34
v -57.96 -78.25 -26.25
v -28.85 -68.31 -41.15
v -52.04 -81.10 -34.18
v -29.26 -70.00 -41.39
v -29.41 -68.75 -42.42
v -48.92 -82.16 -36.59
v -28.88 -71.16 -43.25
v -45.16 -81.96 -38.49
v -29.65 -72.17 -44.63
v -28.41 -71.96 -43.88
v -28.46 -71.48 -44.14
v -45.90 -80.27 -39.67
v -28.80 -72.45 -44.60
v -28.45 -72.12 -45.02
v -29.84 -72.53 -46.17
v -41.79 -81.34 -42.30
v -30.77 -73.61 -47.33
v -41.73 -83.31 -43.17
v -31.68 -78.26 -47.98
v -38.09 -82.92 -46.42
v -36.76 -81.56 -45.90
v -30.82 -75.90 -48.65
v -36.63 -81.59 -47.81
v -32.50 -81.91 -50.05
v -32.21 -81.12 -50.07
v 28.53 20.42 0.33
v 29.70 22.17 0.32
v 29.48 21.68 -1.13
v 26.81 20.34 -1.41
v 32.52 22.40 -2.47
v 26.14 19.48 -0.40
v 34.60 23.28 -3.18
v 27.07 17.99 -3.22
v 33.39 22.05 -3.59
v 35.18 21.31 -5.32
v 33.61 20.91 -6.55
v 33.58 20.23 -5.39
v 30.12 17.51 -6.10
v 32.73 18.99 -5.68
v 34.23 18.75 -7.18
v 26.85 14.90 -6.53
v 28.50 15.41 -5.46
v 30.51 16.08 -6.78
v 32.63 17.33 -7.05
v 36.89 9.01 -19.39
v 43.60 11.11 -23.05
v 45.34 10.06 -24.79
v 30.27 2.59 -21.44
v 45.88 8.80 -25.94
v 45.26 8.65 -26.00
v 44.96 8.36 -26.79
v 45.86 8.31 -25.77
v 45.94 8.11 -26.56
v 46.42 8.14 -26.55
v 45.34 7.70 -27.26
v 45.70 6.62 -29.59
v -52.87 -47.29 -0.80
v 34.41 -1.43 -27.06
v -58.77 -51.41 0.43
v -57.69 -51.61 0.12
v -55.88 -50.69 -0.03
v -51.41 -47.59 -1.78
v 45.08 2.16 -28.86
v 45.85 2.02 -30.08
v -60.43 -53.53 0.38
v -59.17 -52.24 0.27
v -49.06 -47.43 -2.65
v -47.54 -46.79 -3.60
v -65.87 -54.98 2.21
v -62.88 -55.65 0.59
v -61.97 -54.73 0.62
v -60.33 -54.86 0.06
v -59.77 -54.19 -0.09
v -58.39 -53.86 -0.87
v -57.81 -52.75 -0.44
v -54.97 -51.85 -1.53
v -50.65 -48.96 -3.09
v -45.42 -46.64 -4.61
v -43.03 -46.37 -6.17
v -62.21 -57.75 -0.15
v -62.20 -56.13 0.05
v -61.94 -56.16 -0.52
v -61.14 -55.19 -0.10
v -59.54 -54.27 -0.64
v -56.34 -53.00 -1.52
v -55.32 -52.60 -1.51
v -53.88 -51.62 -1.89
v -52.23 -49.88 -2.49
v -50.89 -49.91 -2.70
v -49.70 -49.96 -3.36
v -61.28 -56.83 -1.32
v -49.30 -49.49 -3.89
v -69.09 -59.76 0.67
v -66.89 -59.37 0.57
v -67.57 -61.72 -0.62
v -66.16 -59.57 -1.33
v -40.45 -45.58 -8.16
v -37.95 -45.50 -10.57
v -69.83 -62.14 -0.96
v -68.01 -64.24 -2.37
v -67.49 -62.65 -2.94
v -36.37 -48.90 -12.83
v -65.23 -64.24 -4.69
v -69.37 -65.69 -3.72
v -34.82 -46.82 -14.57
v -38.50 -49.30 -12.64
v -34.48 -47.79 -15.37
v -66.70 -66.22 -6.28
v -34.23 -49.16 -16.83
v -34.65 -49.85 -16.57
v 38.67 -9.38 -39.76
v 41.97 -8.68 -40.40
v -35.22 -50.04 -16.77
v -33.93 -49.70 -17.80
v 40.50 -10.26 -39.99
v 40.64 -9.75 -40.24
v 41.61 -9.94 -40.20
v -69.32 -68.31 -6.61
v -34.76 -50.77 -17.51
v 34.48 -13.66 -40.08
v 42.42 -9.89 -40.74
v -69.76 -69.35 -8.21
v -67.77 -69.79 -8.64
v -34.80 -51.80 -17.61
v -34.08 -52.03 -18.91
v -33.28 -50.74 -19.07
v 35.37 -15.12 -40.64
v 36.16 -13.22 -41.17
v 44.90 -8.30 -42.97
v 47.31 -8.77 -43.47
v -32.58 -53.44 -21.56
v -34.07 -52.58 -19.83
v -65.20 -71.27 -11.15
v -34.28 -53.89 -20.52
v 34.72 -16.29 -44.30
v -65.10 -71.05 -14.23
v -64.99 -72.55 -13.80
v -31.33 -52.14 -24.62
v -34.11 -55.96 -23.01
v -32.71 -57.55 -24.33
v 41.71 -17.93 -45.32
v 50.10 -11.52 -50.39
v -61.91 -72.76 -16.65
v -33.41 -57.42 -25.20
v 38.05 -19.03 -45.11
v 49.03 -12.21 -49.34
v -62.20 -73.72 -15.32
v 47.89 -13.14 -50.33
v -33.24 -58.91 -25.79
v -32.67 -57.08 -26.43
v -32.83 -57.43 -25.48
v 43.82 -17.09 -49.88
v 47.27 -15.50 -50.14
v -59.55 -74.20 -18.53
v -32.92 -58.58 -25.51
v 49.92 -15.29 -50.63
v -62.41 -74.74 -18.38
v -33.03 -59.84 -27.07
v -32.66 -57.93 -28.01
v -32.26 -60.28 -27.82
v -32.76 -61.88 -29.78
v -32.08 -63.56 -31.56
v -59.06 -77.41 -23.58
v -55.99 -77.64 -26.11
v -57.70 -78.25 -23.91
v -31.24 -65.14 -32.84
v -29.18 -66.46 -37.46
v -55.14 -78.23 -29.39
v -54.68 -80.24 -28.30
v -51.85 -79.98 -31.73
v -29.93 -67.48 -37.13
v -51.67 -81.69 -32.80
v -49.02 -82.45 -35.35
v -49.07 -80.52 -36.12
v -27.94 -70.33 -43.20
v -27.87 -71.12 -43.93
v -28.03 -74.08 -45.42
v -27.07 -77.04 -47.89
v -29.42 -75.55 -46.86
v -34.47 -81.09 -47.38
v -29.96 -77.39 -47.94
v -29.14 -78.69 -50.22
v -27.65 -77.46 -49.78
v -36.92 -84.97 -46.56
v -29.48 -81.08 -51.05
v 32.11 23.93 -0.92
v 29.19 19.91 -1.56
v 31.17 19.58 -2.04
v 32.65 20.67 -2.38
v 28.09 18.27 -0.94
v 35.17 20.92 -4.41
v 26.64 16.40 -3.00
v 31.15 18.67 -3.01
v 31.56 18.32 -3.85
v 32.08 18.21 -3.52
v 33.02 19.29 -3.75
v 32.87 18.62 -3.90
v 29.48 16.50 -3.44
v 29.78 17.72 -4.17
v 32.52 18.18 -4.08
v 32.37 18.57 -4.54
v 35.00 19.92 -6.82
v 34.23 18.54 -5.47
v 30.71 16.35 -4.71
v 32.73 17.31 -5.45
v 36.27 7.45 -18.24
v 33.94 3.83 -18.00
v 40.63 8.85 -20.00
v 42.95 9.48 -21.16
v 31.29 3.87 -19.08
v 32.94 3.51 -20.22
v 28.74 1.48 -21.03
v 32.57 2.53 -19.05
v 47.00 8.37 -25.26
v 46.96 7.78 -26.15
v 31.91 0.32 -23.09
v 46.79 7.71 -25.82
v 47.56 7.42 -26.32
v 34.66 -0.53 -23.16
v 35.29 -1.20 -24.41
v 46.04 5.39 -28.02
v 30.57 -2.64 -25.82
v 34.03 -1.30 -25.68
v 46.76 4.90 -29.65
v 34.73 -2.80 -24.89
v 44.04 4.71 -29.66
v 34.75 -2.99 -26.49
v 34.80 -1.14 -28.68
v 40.46 -0.18 -28.51
v -50.42 -48.73 -2.14
v 35.82 -2.83 -27.70
v 39.50 -1.86 -28.63
v -58.39 -53.90 -0.41
v -56.90 -52.74 -0.37
v -55.51 -52.52 -1.01
v -54.79 -51.77 -1.00
v -53.90 -51.89 -1.35
v -50.84 -50.17 -2.44
v -49.97 -49.53 -2.72
v -61.34 -55.78 -0.07
v -54.64 -53.08 -1.59
v -54.70 -53.11 -1.87
v -53.79 -52.49 -2.01
v -49.86 -50.59 -3.17
v -49.27 -50.04 -3.13
v -48.03 -49.12 -3.32
v -57.52 -55.66 -0.82
v -54.17 -53.86 -2.25
v -53.19 -53.59 -2.61
v -50.91 -50.95 -3.07
v -49.53 -50.89 -3.86
v -54.52 -54.56 -2.47
v -49.63 -52.11 -4.20
v -59.48 -56.84 -2.05
v -46.85 -52.76 -6.06
v -45.29 -49.44 -6.48
v -61.18 -59.93 -3.05
v -42.79 -50.43 -8.53
v -63.84 -61.48 -1.48
v -63.47 -62.59 -4.02
v -40.75 -50.70 -10.46
v -67.04 -66.79 -4.92
v -39.89 -52.70 -11.99
v -35.16 -50.27 -15.09
v 40.13 -10.19 -39.59
v 40.80 -9.45 -40.04
v -67.64 -68.51 -6.78
v -34.41 -50.51 -17.26
v -34.81 -52.23 -16.96
v 40.68 -11.88 -38.73
v 41.42 -10.74 -39.35
v 41.46 -10.38 -39.84
v 42.42 -9.80 -39.81
v 48.25 -7.65 -42.83
v -36.10 -53.14 -16.86
v -35.19 -52.66 -17.38
v -34.27 -51.42 -17.82
v 49.09 -7.72 -44.48
v -35.20 -53.82 -18.29
v 37.11 -14.72 -41.66
v 50.13 -9.80 -43.76
v -33.85 -53.07 -19.88
v -34.58 -54.01 -18.88
v 50.27 -8.26 -44.96
v -34.87 -54.46 -19.62
v -34.01 -53.92 -19.85
v -33.35 -53.14 -20.28
v 51.38 -10.61 -45.51
v 50.14 -9.82 -44.94
v 51.53 -9.47 -46.61
v -33.34 -54.36 -20.61
v -35.11 -56.44 -20.92
v 36.66 -18.24 -43.60
v 51.04 -10.67 -48.91
v -34.50 -58.54 -23.38
v 52.32 -12.24 -49.10
v 50.39 -12.94 -48.81
v 50.94 -13.03 -50.51
v -32.69 -59.50 -26.13
v 45.82 -16.33 -50.11
v 49.60 -15.05 -49.05
v 51.23 -14.06 -50.22
v -33.66 -60.17 -25.68
v 42.48 -19.30 -48.20
v 45.17 -18.26 -49.98
v -60.65 -74.72 -16.70
v -32.49 -59.26 -28.56
v -32.31 -59.27 -30.39
v -33.13 -61.89 -27.59
v -31.43 -61.85 -30.41
v -30.62 -63.68 -32.11
v -31.79 -64.53 -30.05
v -53.49 -79.12 -27.42
v -29.23 -67.86 -35.17
v -27.48 -68.67 -39.42
v -49.42 -81.17 -34.08
v -48.53 -82.13 -33.90
v -28.17 -70.01 -39.66
v -49.50 -82.63 -33.66
v -48.12 -82.17 -34.84
v -47.70 -83.17 -35.28
v -26.46 -70.50 -41.95
v -46.38 -83.72 -37.08
v -26.78 -73.39 -43.98
v -43.80 -84.26 -39.68
v -26.69 -73.20 -46.04
v -24.25 -77.20 -47.61
v -23.86 -76.44 -48.80
v -38.68 -81.70 -44.46
v -39.45 -84.48 -44.34
v -27.98 -75.87 -48.74
v -35.74 -83.35 -46.05
v -33.24 -83.12 -47.98
v -33.00 -81.16 -48.19
v -23.75 -79.05 -51.18
v -28.61 -79.11 -49.01
v -34.84 -84.34 -48.41
v -26.96 -81.52 -50.45
v -26.38 -80.39 -51.66
v -24.30 -80.43 -52.05
v -32.92 -83.93 -49.75
v 30.97 21.40 0.15
v 33.09 22.53 -0.76
v 31.98 20.76 -0.25
v 34.01 21.20 -1.32
v 34.12 22.71 -1.79
v 30.55 19.16 -0.45
v 32.07 20.37 -1.97
v 34.67 20.57 -2.82
v 29.23 17.43 -1.91
v 32.54 18.60 -3.29
v 31.51 17.95 -1.94
v 31.87 17.63 -3.11
v 32.40 17.65 -4.29
v 32.93 18.39 -3.20
v 33.33 18.34 -4.19
v 34.86 19.36 -5.35
v 37.96 7.39 -19.20
v 45.79 10.26 -19.92
v 33.17 5.26 -18.31
v 38.74 6.14 -17.95
v 34.99 4.47 -19.22
v 34.53 2.15 -20.28
v 47.39 9.27 -23.66
v 32.66 0.74 -20.22
v 47.03 7.86 -24.98
v 47.80 7.88 -25.00
v 48.39 7.93 -24.83
v 47.68 7.54 -24.74
v 32.19 -0.95 -22.22
v 34.14 1.07 -21.34
v 47.21 6.84 -26.31
v 47.88 6.64 -27.53
v 34.86 -1.70 -22.29
v 49.13 4.39 -27.99
v 47.06 3.41 -27.81
v 42.68 0.05 -29.91
v -53.05 -50.13 -0.96
v -51.48 -50.69 -1.83
v -49.52 -51.04 -3.01
v -45.72 -48.75 -4.48
v -54.81 -54.41 -1.73
v -54.01 -53.62 -1.82
v -53.09 -53.91 -2.36
v -51.86 -53.09 -2.17
v -48.72 -51.96 -3.45
v -54.07 -55.05 -2.28
v -53.82 -55.01 -2.92
v -53.00 -54.42 -2.93
v -51.74 -54.82 -3.57
v -48.90 -52.90 -4.58
v -42.35 -49.94 -7.09
v -54.94 -57.86 -4.05
v -52.09 -55.53 -3.77
v -50.64 -54.55 -3.94
v -49.66 -53.90 -4.24
v -48.33 -53.06 -4.67
v -47.41 -53.36 -5.36
v -62.98 -59.14 -0.49
v -38.24 -50.65 -11.07
v -38.62 -48.51 -10.15
v -62.69 -67.45 -6.37
v -35.73 -52.61 -14.96
v 38.42 -12.96 -38.74
v 46.86 -8.22 -41.08
v -61.44 -67.19 -8.23
v 39.96 -12.63 -40.02
v 42.04 -10.83 -40.18
v 46.64 -10.38 -40.68
v -37.59 -54.90 -15.60
v -36.50 -55.15 -17.24
v 39.35 -13.47 -40.34
v 47.54 -9.34 -42.24
v -37.28 -55.76 -15.83
v -36.42 -55.79 -16.91
v -34.83 -53.33 -17.54
v 38.01 -15.12 -39.81
v -36.64 -56.36 -17.36
v -34.38 -54.65 -18.76
v 37.16 -16.59 -41.30
v -62.85 -70.45 -9.71
v -36.39 -57.22 -18.81
v -34.16 -56.64 -20.06
v -59.66 -72.33 -12.23
v 38.84 -16.80 -43.43
v 51.68 -12.31 -47.41
v -63.91 -70.35 -12.24
v -60.42 -70.69 -12.47
v -35.71 -58.20 -20.00
v -35.34 -58.28 -20.71
v -35.22 -59.06 -21.33
v -60.18 -73.58 -14.26
v -59.52 -72.54 -15.18
v -34.76 -59.58 -22.86
v -32.79 -59.61 -24.68
v 50.55 -13.76 -48.75
v 52.76 -13.23 -48.96
v -34.31 -60.31 -23.35
v -34.02 -60.57 -24.04
v 41.29 -19.53 -46.25
v 47.07 -17.31 -47.71
v -58.31 -74.03 -17.43
v -33.89 -61.44 -24.36
v -32.34 -61.03 -25.87
v 46.73 -16.71 -51.32
v -33.73 -62.61 -25.42
v -57.04 -76.71 -23.48
v -58.44 -76.92 -20.47
v -55.78 -78.37 -21.62
v -55.55 -79.18 -24.00
v -53.62 -80.49 -26.19
v -51.17 -80.44 -30.16
v -49.03 -81.60 -32.43
v -27.79 -69.92 -38.01
v -47.83 -82.56 -33.12
v -48.61 -82.65 -33.89
v -48.42 -82.58 -34.68
v -47.66 -82.84 -34.53
v -47.23 -82.05 -35.75
v -25.78 -73.01 -42.44
v -25.03 -72.55 -44.26
v -23.36 -73.21 -43.90
v -23.62 -74.64 -43.45
v -22.17 -75.10 -46.48
v -43.74 -81.90 -40.04
v -23.45 -75.87 -45.70
v -22.87 -75.86 -47.93
v -40.83 -84.87 -42.46
v -40.23 -82.72 -42.52
v -24.41 -77.26 -49.69
v -34.72 -85.26 -46.22
v -25.34 -80.55 -50.36
v -30.31 -80.73 -49.16
v -29.92 -83.30 -49.76
v -34.77 -86.28 -47.71
v 32.75 19.63 -1.06
v 33.81 20.26 -1.56
v 33.99 19.03 -2.96
v 42.63 9.76 -18.40
v 36.54 4.59 -16.79
v 46.00 8.78 -20.44
v 35.56 3.45 -19.10
v 46.46 8.68 -21.42
v 49.43 8.15 -23.45
v 35.88 0.17 -21.17
v 47.85 6.94 -25.38
v 36.58 -0.70 -21.43
v 39.45 -3.40 -24.28
v 43.47 0.07 -27.98
v -53.12 -54.61 -2.54
v -52.24 -55.45 -3.21
v -51.49 -54.71 -3.19
v -50.64 -54.91 -3.74
v -49.19 -54.31 -4.24
v -49.07 -53.38 -4.09
v -47.63 -52.74 -4.51
v -52.06 -57.48 -3.68
v -51.61 -56.01 -3.72
v -51.31 -56.01 -4.32
v -50.36 -55.36 -4.40
v -48.92 -54.69 -4.76
v -47.70 -54.31 -5.44
v -46.87 -53.46 -5.25
v -54.05 -59.03 -3.48
v -52.39 -57.00 -4.64
v -47.13 -54.78 -6.23
v -42.71 -52.81 -7.56
v -45.51 -54.73 -7.62
v -49.91 -56.55 -5.55
v -46.12 -55.26 -6.69
v -45.55 -55.75 -7.41
v -60.35 -62.45 -3.20
v -57.72 -63.35 -6.30
v -56.40 -60.91 -5.16
v -41.87 -52.77 -9.99
v -44.95 -55.85 -8.44
v -64.43 -64.19 -3.14
v -41.68 -56.07 -11.53
v 44.14 -10.54 -39.07
v -38.54 -56.05 -14.97
v 41.13 -13.63 -38.57
v 43.39 -13.07 -39.81
v -36.47 -55.24 -15.94
v -37.05 -55.83 -15.63
v 50.87 -8.69 -43.33
v 40.81 -14.53 -40.61
v -38.50 -57.54 -15.96
v -36.44 -56.39 -16.92
v -35.61 -56.63 -17.78
v -35.58 -54.76 -16.66
v 51.82 -10.35 -44.01
v -37.30 -56.62 -16.59
v 38.58 -15.90 -42.28
v -37.00 -58.56 -18.60
v 40.67 -17.41 -41.21
v 52.67 -10.70 -46.93
v -35.08 -58.01 -19.83
v -35.62 -58.91 -19.63
v 52.30 -10.78 -44.07
v 53.88 -11.87 -46.19
v -35.96 -58.85 -19.76
v 52.48 -12.74 -46.35
v -34.92 -59.29 -20.82
v -34.78 -58.57 -20.80
v 39.79 -18.69 -43.49
v 41.12 -17.66 -44.51
v 53.56 -12.32 -47.28
v -35.79 -59.51 -20.56
v -33.29 -58.62 -22.97
v -34.14 -60.80 -22.64
v 42.48 -18.07 -46.21
v 52.23 -13.71 -47.32
v -34.77 -60.98 -22.91
v -33.85 -60.22 -23.19
v 44.34 -17.87 -47.46
v 52.90 -14.42 -48.72
v -33.54 -60.75 -23.88
v 50.44 -16.48 -49.39
v -34.37 -61.76 -23.50
v -33.68 -61.58 -23.66
v 44.61 -19.28 -47.58
v -57.31 -75.82 -17.32
v -34.57 -62.71 -23.68
v -31.54 -63.00 -27.07
v -56.40 -76.03 -20.74
v -32.11 -64.98 -28.38
v -30.80 -63.52 -29.34
v -56.38 -77.40 -19.87
v -29.58 -65.66 -30.76
v -54.39 -78.32 -25.38
v -28.58 -66.67 -34.36
v -51.43 -81.82 -27.98
v -26.87 -70.82 -36.66
v -51.70 -81.91 -29.90
v -49.83 -82.84 -31.20
v -48.27 -83.48 -32.15
v -47.35 -82.94 -33.61
v -25.65 -70.64 -40.67
v -47.98 -83.11 -33.34
v -47.37 -83.41 -33.84
v -25.99 -72.11 -40.43
v -23.31 -74.51 -42.18
v -24.42 -72.02 -42.33
v -44.03 -83.53 -37.08
v -45.96 -84.39 -35.68
v -42.71 -84.71 -37.02
v -43.55 -85.09 -37.75
v -40.28 -83.91 -41.24
v -40.30 -86.10 -41.30
v -36.92 -84.15 -44.59
v -38.09 -86.27 -44.31
v -24.15 -79.33 -49.69
v -36.39 -87.23 -45.31
v -32.13 -85.50 -48.16
v -33.49 -87.49 -48.23
v -26.61 -83.47 -51.10
v -22.76 -82.70 -53.50
v -31.01 -87.19 -50.34
v -30.75 -84.99 -50.97
v -27.75 -86.54 -52.46
v -25.79 -84.51 -53.16
v 40.57 8.56 -17.51
v 45.89 9.75 -18.09
v 37.38 6.37 -17.06
v 40.73 6.89 -17.58
v 42.19 7.89 -18.10
v 36.78 3.21 -16.74
v 48.49 9.52 -19.61
v 36.39 1.97 -17.41
v 48.68 7.50 -22.08
v 35.86 0.40 -18.96
v 36.62 -0.11 -20.61
v 36.38 -0.93 -20.90
v 37.08 -1.10 -21.54
v 50.44 4.64 -26.59
v 36.93 -2.62 -23.06
v 37.77 -3.15 -23.95
v 48.74 2.88 -28.46
v 42.54 -3.45 -24.40
v 38.32 -2.48 -27.87
v 46.16 -0.13 -28.42
v -49.77 -54.97 -3.95
v -50.75 -55.65 -3.93
v -47.42 -54.34 -5.20
v -45.45 -51.94 -5.30
v -47.13 -54.95 -5.51
v -46.55 -56.10 -6.41
v -46.68 -55.45 -6.17
v -46.95 -55.65 -6.52
v -46.68 -56.32 -7.01
v -45.85 -56.18 -6.93
v -44.12 -54.87 -7.29
v -42.34 -55.42 -8.81
v -39.69 -52.98 -10.37
v -45.54 -56.99 -8.58
v -52.79 -60.29 -6.23
v -46.63 -57.77 -8.24
v -39.01 -55.95 -12.42
v -37.77 -54.16 -12.96
v -43.94 -59.34 -11.00
v 42.74 -13.12 -38.33
v 46.03 -9.36 -39.84
v 48.29 -9.75 -39.88
v -52.80 -64.33 -8.73
v 50.20 -9.12 -41.40
v 40.96 -14.81 -39.03
v 45.45 -12.36 -39.60
v 48.85 -11.10 -40.87
v -57.19 -66.36 -8.70
v -36.85 -56.47 -16.19
v 49.29 -10.49 -41.64
v 51.80 -9.87 -43.17
v 41.57 -15.49 -41.22
v 51.71 -10.54 -43.14
v 52.27 -10.03 -44.35
v 52.22 -9.64 -45.27
v -39.02 -60.69 -17.03
v -37.58 -56.52 -14.71
v 41.25 -16.61 -40.27
v -59.00 -70.60 -10.25
v -58.37 -70.17 -11.89
v -35.81 -59.41 -18.75
v 42.07 -18.45 -42.64
v -36.91 -61.00 -19.97
v 44.01 -19.14 -44.19
v 46.39 -17.77 -45.83
v 49.00 -16.29 -48.28
v -56.99 -73.92 -14.60
v -34.05 -61.35 -23.04
v 46.25 -19.21 -45.85
v -56.01 -73.71 -16.58
v -32.88 -61.54 -24.60
v 47.96 -18.46 -48.01
v -55.87 -75.30 -18.96
v -53.36 -76.75 -20.78
v -32.47 -66.45 -26.78
v -53.97 -77.74 -23.08
v -51.29 -79.76 -26.08
v -30.27 -67.56 -30.51
v -27.70 -68.07 -33.10
v -30.54 -66.59 -31.34
v -50.22 -80.75 -29.08
v -27.10 -68.57 -37.26
v -25.11 -70.84 -38.64
v -48.33 -81.64 -29.72
v -46.43 -83.00 -33.75
v -46.83 -84.05 -32.87
v -45.87 -84.64 -33.54
v -44.37 -83.78 -34.82
v -25.05 -72.86 -39.78
v -44.06 -85.31 -35.40
v -41.86 -84.81 -37.58
v -21.60 -74.31 -44.24
v -40.66 -84.68 -39.55
v -39.81 -87.17 -39.63
v -20.92 -77.24 -46.81
v -19.69 -76.75 -48.44
v -36.76 -85.50 -43.60
v -20.73 -78.27 -48.35
v -20.61 -78.22 -50.51
v -35.23 -87.92 -45.90
v -20.87 -79.91 -50.20
v -18.45 -81.45 -53.19
v -30.04 -86.02 -49.51
v -22.21 -82.02 -51.66
v -30.59 -88.77 -49.88
v -22.72 -84.24 -54.08
v -25.65 -86.15 -53.38
v 39.90 7.12 -16.46
v 44.63 8.36 -18.48
v 38.60 4.24 -17.35
v 47.51 9.73 -21.82
v 37.98 2.70 -17.89
v 50.39 8.32 -21.48
v 37.49 -0.30 -20.36
v 49.06 6.58 -23.55
v 36.73 -0.67 -20.22
v 37.40 -0.95 -20.25
v 37.56 -0.96 -20.99
v 38.22 -0.78 -20.84
v 36.71 -1.64 -21.65
v 37.49 -1.49 -21.01
v 48.54 4.04 -26.59
v 49.91 2.53 -25.57
v 39.69 -1.59 -26.02
v 39.18 -1.13 -27.31
v 44.74 -1.19 -26.67
v 47.15 0.56 -26.85
v 48.77 1.53 -26.37
v 43.85 -2.78 -25.55
v 45.45 -0.40 -27.14
v 44.28 -1.32 -27.69
v -48.89 -56.43 -4.72
v -49.69 -57.97 -4.97
v -45.11 -55.68 -7.16
v -44.39 -56.95 -7.94
v -54.43 -62.41 -5.29
v 46.00 -11.03 -38.86
v -49.11 -61.86 -8.97
v 44.57 -12.41 -38.41
v 46.48 -12.49 -38.87
v 50.60 -10.13 -40.49
v -47.40 -63.85 -11.24
v -45.69 -64.18 -12.52
v 44.80 -13.82 -39.86
v 45.73 -13.36 -39.36
v 46.02 -12.67 -39.31
v 47.07 -12.50 -39.55
v 49.22 -11.93 -40.70
v 51.95 -10.15 -41.80
v -57.28 -66.87 -7.39
v -38.07 -61.19 -16.25
v 44.40 -15.79 -39.34
v 51.01 -11.02 -42.19
v 52.49 -10.71 -42.54
v -41.19 -59.57 -13.86
v 45.10 -14.71 -40.31
v 52.79 -10.79 -43.57
v -52.85 -71.51 -12.82
v 44.22 -16.24 -41.71
v 52.24 -11.02 -43.06
v -44.51 -62.38 -12.50
v -40.45 -62.92 -16.68
v 42.63 -17.03 -42.88
v 52.68 -13.49 -45.57
v -38.46 -63.35 -18.92
v -35.19 -60.93 -20.04
v 45.77 -17.61 -44.03
v -54.93 -72.12 -14.81
v -54.11 -69.60 -12.46
v 50.28 -16.68 -45.91
v 51.11 -15.29 -47.54
v 50.83 -16.60 -45.13
v -54.73 -72.78 -13.57
v -37.13 -63.66 -20.48
v 48.81 -18.30 -47.40
v 50.72 -17.12 -48.06
v 52.03 -15.96 -48.44
v -34.12 -62.45 -22.21
v -34.33 -64.19 -24.18
v -53.34 -77.55 -19.25
v -30.57 -65.37 -27.82
v -52.37 -80.81 -25.41
v -48.81 -80.78 -27.29
v -49.76 -81.87 -26.28
v -27.27 -70.62 -34.74
v -48.42 -82.73 -27.48
v -45.99 -82.84 -30.73
v -48.04 -83.64 -30.58
v -44.70 -83.58 -32.73
v -45.10 -84.89 -31.70
v -23.12 -74.62 -40.11
v -23.56 -72.42 -41.03
v -43.14 -84.58 -35.99
v -42.87 -84.58 -34.57
v -42.48 -85.11 -35.36
v -43.20 -85.23 -36.03
v -43.02 -85.18 -36.85
v -42.29 -85.42 -36.71
v -42.35 -85.81 -37.98
v -21.64 -75.78 -43.99
v -18.08 -76.58 -47.11
v -38.26 -85.58 -41.63
v -37.10 -88.28 -42.70
v -36.16 -87.09 -42.45
v -34.53 -87.96 -44.27
v -35.48 -88.24 -44.79
v -33.31 -86.93 -46.46
v -17.86 -80.23 -50.08
v -31.15 -88.05 -48.08
v -33.83 -88.53 -47.14
v -31.87 -88.10 -49.16
v -31.48 -89.16 -48.35
v -30.70 -89.41 -48.90
v -26.54 -86.00 -51.44
v -20.51 -81.98 -53.44
v -22.87 -83.92 -52.40
v -19.82 -83.81 -54.45
v -23.11 -87.77 -52.87
v -22.95 -86.26 -52.94
v -17.14 -84.11 -54.99
v -28.90 -90.04 -50.65
v -26.94 -89.77 -52.13
v -27.85 -87.78 -52.22
v -22.73 -86.92 -54.40
v -21.29 -86.02 -54.42
v -18.54 -85.07 -55.19
v -21.69 -86.83 -54.35
v -20.35 -85.86 -54.61
v 37.75 4.94 -16.32
v 42.15 4.66 -14.18
v 40.45 3.00 -14.71
v 50.71 7.02 -19.20
v 37.48 0.50 -17.76
v 37.59 -0.53 -18.86
v 40.19 -1.24 -20.50
v 51.32 5.14 -22.63
v 38.11 -2.45 -21.59
v 37.20 -1.20 -22.75
v 40.20 -3.34 -21.61
v 44.58 -2.28 -23.46
v 44.00 -1.14 -26.45
v 45.96 -1.11 -26.08
v 49.11 -0.12 -25.28
v 45.21 -1.83 -26.10
v 46.23 -1.04 -26.38
v 44.81 -1.29 -26.94
v 46.32 -1.11 -26.75
v 46.58 -0.87 -27.27
v 48.95 0.47 -27.42
v -43.78 -58.66 -9.07
v -49.16 -61.64 -7.26
v -51.42 -63.44 -7.20
v 45.66 -13.07 -38.84
v 47.39 -12.88 -39.04
v 48.74 -11.14 -39.20
v -46.64 -60.27 -8.00
v -42.02 -59.29 -10.96
v 44.01 -14.55 -38.68
v 46.15 -13.88 -38.95
v 46.38 -13.87 -39.59
v 47.32 -13.50 -39.69
v 50.37 -10.90 -39.82
v -49.09 -67.45 -11.25
v 53.24 -11.33 -42.84
v -54.22 -66.37 -8.05
v 52.39 -12.74 -43.26
v -48.27 -66.50 -12.60
v 44.72 -17.53 -41.03
v 47.30 -16.73 -42.57
v 54.08 -12.45 -44.45
v 45.55 -18.46 -42.53
v -51.37 -69.31 -13.25
v -47.91 -69.70 -15.30
v -43.69 -67.01 -16.18
v -41.94 -66.08 -16.89
v 52.26 -14.41 -44.15
v 54.09 -14.27 -46.41
v 46.44 -18.91 -44.01
v 48.47 -17.15 -43.89
v 49.70 -17.18 -44.59
v 52.50 -14.33 -46.28
v -49.32 -71.39 -15.84
v 50.06 -16.98 -45.36
v 53.64 -14.72 -47.70
v -45.01 -68.55 -16.22
v -39.74 -65.44 -18.39
v 48.77 -18.46 -45.73
v 51.00 -17.31 -46.63
v 53.30 -15.75 -46.42
v -49.74 -75.36 -19.18
v -34.98 -63.33 -20.90
v -31.89 -65.11 -25.27
v -34.13 -67.25 -24.39
v -49.78 -76.84 -20.71
v -50.28 -78.52 -22.88
v -32.19 -68.72 -26.37
v -49.03 -79.23 -23.21
v -29.74 -67.43 -28.03
v -50.28 -79.41 -24.37
v -49.36 -79.86 -24.21
v -30.37 -69.00 -29.04
v -52.12 -80.20 -23.66
v -48.74 -80.19 -24.79
v -49.70 -81.36 -25.22
v -24.37 -71.68 -36.97
v -47.48 -83.72 -29.89
v -22.97 -72.94 -39.09
v -42.42 -86.14 -34.12
v -41.97 -85.48 -35.73
v -42.57 -85.67 -35.42
v -41.98 -85.99 -36.01
v -21.58 -75.52 -41.55
v -21.10 -74.32 -42.29
v -40.31 -85.66 -37.32
v -19.99 -75.26 -44.88
v -37.64 -86.88 -39.69
v -18.75 -77.35 -44.86
v -37.44 -88.78 -40.56
v -18.37 -77.95 -46.47
v -17.07 -79.31 -48.53
v -17.44 -78.21 -49.73
v -35.13 -88.79 -43.82
v -34.35 -89.11 -43.98
v -15.33 -81.27 -52.95
v -32.06 -88.17 -46.96
v -30.95 -88.95 -48.26
v -31.21 -89.69 -47.65
v -31.95 -90.29 -47.11
v -30.37 -89.24 -48.53
v -30.44 -90.14 -48.37
v -29.31 -88.59 -49.26
v -18.85 -83.09 -52.67
v -17.13 -83.93 -53.24
v -26.77 -88.12 -51.04
v -20.97 -85.13 -53.37
v -21.85 -86.74 -53.76
v -21.08 -85.98 -53.92
v -20.31 -86.21 -54.23
v -24.52 -90.24 -53.31
v -21.59 -90.16 -54.80
v -21.10 -87.36 -54.68
v -20.21 -86.69 -54.83
v -19.04 -87.32 -55.66
v -21.91 -88.36 -54.74
v 45.44 7.23 -15.00
v 42.62 4.67 -15.52
v 48.22 7.73 -17.57
v 40.09 2.68 -16.64
v 49.70 7.47 -18.22
v 38.32 1.63 -18.27
v 51.62 6.22 -20.19
v 40.88 -1.91 -17.60
v 50.36 6.35 -25.05
v 50.36 4.39 -24.47
v 40.89 -1.89 -22.00
v 39.96 -1.83 -24.27
v 51.38 2.36 -26.27
v 44.91 -4.00 -21.88
v 45.78 -1.26 -25.52
v 49.85 1.45 -27.36
v 46.60 -2.50 -25.09
v 46.99 -13.78 -39.06
v 48.69 -12.54 -38.90
v 52.00 -10.81 -41.01
v -45.49 -64.16 -10.99
v 50.32 -13.10 -41.22
v -43.41 -62.35 -11.60
v 47.21 -15.07 -39.28
v 47.82 -15.41 -41.16
v 51.59 -11.96 -42.09
v 52.91 -11.89 -41.51
v 46.45 -16.29 -39.93
v 51.14 -14.49 -42.11
v 53.80 -12.48 -43.11
v 47.24 -17.41 -41.21
v 48.61 -16.04 -42.19
v 53.94 -14.38 -44.31
v -40.64 -64.22 -15.25
v 51.15 -15.35 -43.56
v -38.67 -62.60 -16.32
v 47.98 -18.12 -42.61
v 50.32 -16.81 -44.29
v -47.40 -68.79 -13.34
v -42.39 -66.01 -14.81
v -48.45 -70.17 -13.69
v -37.16 -64.50 -18.61
v 49.98 -17.60 -45.45
v 49.88 -17.56 -43.98
v 51.08 -16.94 -44.53
v 51.24 -16.97 -45.50
v 52.40 -16.45 -44.75
v -43.38 -70.97 -18.41
v -50.28 -74.79 -16.63
v -37.84 -67.58 -20.70
v -44.87 -73.51 -19.32
v -34.82 -65.95 -21.27
v -47.45 -74.77 -19.27
v -39.87 -69.80 -19.80
v -36.70 -69.08 -21.98
v -50.98 -76.99 -18.68
v -50.90 -79.06 -21.22
v -48.74 -79.67 -22.33
v -48.08 -79.43 -23.45
v -49.33 -80.15 -23.55
v -48.83 -79.81 -23.10
v -48.17 -80.15 -23.41
v -48.01 -80.10 -24.23
v -30.73 -70.26 -27.94
v -49.05 -80.70 -24.41
v -47.07 -80.45 -25.55
v -27.66 -69.00 -31.33
v -46.55 -82.04 -25.35
v -26.90 -71.78 -33.65
v -44.96 -84.42 -29.53
v -42.38 -84.30 -31.75
v -23.50 -74.62 -38.00
v -41.18 -85.47 -36.11
v -20.29 -75.88 -41.53
v -19.74 -75.33 -42.92
v -41.01 -86.97 -35.93
v -19.39 -76.39 -41.80
v -39.08 -88.05 -37.63
v -16.46 -77.00 -46.61
v -35.23 -88.04 -42.62
v -16.43 -78.77 -46.65
v -34.68 -88.65 -43.68
v -34.92 -89.38 -42.98
v -34.07 -89.81 -43.82
v -15.03 -80.71 -50.20
v -33.24 -89.23 -44.13
v -15.15 -79.05 -50.28
v -33.46 -90.23 -45.37
v -31.36 -89.25 -47.06
v -30.80 -90.34 -47.70
v -16.46 -82.40 -52.16
v -12.79 -83.16 -54.40
v -29.81 -91.68 -48.06
v -25.46 -90.17 -51.00
v -19.51 -86.62 -54.10
v -19.38 -85.52 -53.79
v -26.70 -91.64 -51.23
v -21.39 -87.43 -53.87
v -20.52 -87.03 -54.26
v -19.25 -88.04 -54.29
v 47.68 7.13 -14.11
v 49.80 8.44 -16.14
v 50.80 8.67 -18.38
v 39.13 1.76 -15.76
v 41.04 -0.48 -15.82
v 39.25 0.13 -19.02
v 53.87 3.64 -21.10
v 51.81 2.60 -23.83
v 52.00 3.92 -25.22
v 51.95 1.24 -23.70
v 51.58 -0.29 -24.99
v 49.34 -0.73 -26.19
v 50.76 -12.96 -39.72
v 49.17 -14.24 -39.39
v 51.97 -12.12 -40.39
v 50.84 -14.64 -40.22
v 49.12 -15.67 -40.22
v 53.17 -14.24 -42.28
v 51.34 -16.04 -41.68
v 52.07 -16.09 -42.59
v 48.64 -18.19 -43.46
v 53.45 -15.60 -44.61
v -43.66 -68.77 -15.55
v -39.89 -66.72 -17.01
v -45.98 -72.19 -16.25
v -48.93 -72.61 -15.29
v -36.71 -66.62 -19.52
v -39.65 -71.08 -20.34
v -37.70 -70.86 -21.12
v -39.96 -72.80 -20.97
v -38.37 -71.33 -20.78
v -37.02 -71.18 -21.54
v -36.44 -71.42 -22.35
v -32.69 -65.82 -23.83
v -30.51 -68.91 -26.12
v -46.67 -79.66 -22.20
v -41.75 -80.00 -25.27
v -31.27 -71.53 -26.97
v -46.69 -79.61 -24.12
v -48.12 -80.69 -24.15
v -27.67 -70.45 -29.68
v -29.09 -72.16 -29.15
v -27.27 -72.64 -31.94
v -46.07 -82.20 -28.79
v -44.79 -83.84 -28.11
v -24.50 -72.06 -34.78
v -43.22 -85.23 -30.67
v -40.84 -85.40 -34.26
v -42.28 -86.15 -32.96
v -21.68 -76.07 -38.84
v -20.31 -75.37 -40.81
v -40.60 -87.12 -34.42
v -20.16 -76.08 -40.13
v -19.79 -75.58 -42.12
v -38.84 -86.52 -36.27
v -17.58 -76.24 -43.48
v -18.22 -77.18 -41.34
v -16.65 -76.65 -45.28
v -36.78 -87.54 -38.57
v -34.68 -88.86 -42.74
v -14.41 -78.49 -48.67
v -34.03 -89.45 -42.39
v -14.89 -79.64 -47.89
v -34.32 -89.80 -42.98
v -33.78 -89.58 -43.28
v -32.71 -89.91 -43.16
v -13.59 -80.69 -49.27
v -34.25 -90.50 -42.38
v -12.21 -80.01 -50.33
v -32.94 -91.21 -43.98
v -30.60 -90.05 -47.22
v -30.00 -89.89 -48.04
v -14.74 -82.07 -51.72
v -30.99 -91.18 -47.04
v -28.75 -90.08 -48.55
v -27.37 -90.13 -49.68
v -13.94 -84.42 -53.60
v -28.03 -91.25 -50.28
v -26.86 -92.72 -49.32
v -22.96 -89.47 -52.65
v -19.77 -89.99 -53.94
v -15.87 -86.39 -54.57
v -14.59 -85.06 -55.64
v -22.35 -90.62 -54.32
v -16.41 -88.17 -54.99
v -16.51 -87.27 -56.31
v -23.90 -92.26 -52.73
v -20.25 -92.32 -54.57
v -18.69 -89.33 -56.01
v 43.76 3.57 -13.21
v 43.74 6.06 -16.00
v 48.25 7.09 -16.39
v 52.71 7.76 -18.19
v 40.83 1.39 -14.78
v 41.96 0.56 -16.52
v 54.31 3.66 -22.80
v 40.92 -2.81 -19.27
v 45.13 -2.74 -20.92
v 48.68 -1.90 -23.25
v 50.58 -0.40 -24.10
v 50.16 -0.98 -24.57
v 52.13 0.21 -23.08
v 48.67 -1.52 -24.27
v 49.13 -0.93 -24.74
v 48.80 -1.74 -25.19
v 52.11 -14.52 -40.96
v -40.19 -70.39 -18.29
v -36.83 -69.32 -20.16
v -44.34 -77.15 -20.56
v -38.70 -72.21 -20.05
v -38.13 -71.14 -20.28
v -37.99 -71.78 -20.70
v -37.26 -70.76 -20.78
v -35.60 -70.41 -21.45
v -38.11 -72.06 -21.25
v -37.15 -71.76 -21.41
v -36.48 -71.26 -21.32
v -37.73 -72.82 -22.05
v -35.68 -72.50 -23.28
v -34.10 -70.24 -22.46
v -31.47 -69.62 -24.86
v -32.97 -70.02 -23.39
v -45.76 -78.54 -21.26
v -29.50 -70.22 -26.82
v -43.01 -76.06 -21.73
v -33.60 -69.98 -24.74
v -27.68 -71.36 -29.06
v -45.32 -81.72 -24.75
v -43.08 -80.97 -26.11
v -28.38 -73.60 -29.75
v -26.29 -74.75 -31.93
v -41.95 -82.88 -28.59
v -41.67 -84.94 -29.20
v -42.29 -83.83 -30.40
v -22.09 -75.25 -35.22
v -22.27 -73.98 -37.22
v -23.48 -75.34 -36.38
v -20.51 -75.05 -39.84
v -20.52 -76.50 -39.49
v -18.42 -77.06 -40.91
v -17.84 -76.84 -41.84
v -38.44 -88.19 -35.16
v -36.77 -87.41 -36.45
v -17.79 -77.60 -42.51
v -36.87 -89.21 -37.35
v -15.74 -78.86 -45.31
v -36.69 -89.37 -39.39
v -34.89 -88.66 -41.00
v -34.76 -90.35 -41.44
v -11.05 -82.51 -50.65
v -28.90 -93.26 -46.51
v -10.17 -85.28 -53.84
v -13.46 -80.80 -52.19
v -28.11 -93.24 -47.44
v -27.64 -92.56 -48.60
v -14.22 -85.76 -54.42
v -23.18 -91.44 -51.62
v -18.78 -91.28 -53.98
v -12.19 -87.28 -55.42
v -13.26 -86.79 -56.65
v -11.26 -85.06 -55.73
v -18.69 -91.83 -55.54
v -14.79 -88.57 -56.96
v 47.70 5.99 -13.22
v 50.50 8.59 -16.71
v 44.20 3.43 -14.51
v 48.81 5.92 -14.81
v 42.94 1.79 -15.25
v 51.24 6.40 -15.78
v 53.98 6.27 -20.18
v 42.13 -0.77 -17.82
v 53.93 5.11 -18.82
v 54.76 4.43 -21.53
v 43.99 -3.08 -17.16
v 43.54 -2.28 -19.85
v 44.00 -3.93 -20.49
v 53.64 1.74 -22.66
v 48.12 -2.73 -20.78
v 53.25 0.94 -22.96
v 53.76 2.01 -23.89
v 49.55 -1.71 -23.67
v 50.31 -1.32 -23.82
v 49.16 -1.82 -24.40
v 50.24 -2.21 -23.55
v 50.93 -1.31 -24.07
v 52.39 -1.23 -23.61
v 48.69 -2.65 -24.05
v -37.23 -72.75 -21.06
v -42.80 -75.78 -20.12
v -40.76 -73.27 -19.42
v -30.56 -72.53 -25.38
v -39.35 -80.12 -25.93
v -32.55 -74.32 -25.91
v -30.50 -73.82 -27.46
v -37.92 -84.49 -28.40
v -27.67 -75.26 -30.07
v -23.55 -76.74 -34.51
v -37.93 -86.12 -33.31
v -39.24 -86.78 -31.66
v -38.78 -86.21 -34.35
v -19.39 -76.97 -38.76
v -36.81 -87.14 -35.06
v -17.10 -77.60 -41.39
v -34.67 -88.36 -36.73
v -14.44 -77.80 -44.58
v -34.51 -88.84 -38.89
v -13.96 -78.06 -46.14
v -11.84 -79.34 -47.11
v -32.81 -90.02 -41.84
v -11.88 -79.60 -48.72
v -31.60 -92.36 -42.74
v -11.56 -81.42 -48.51
v -27.38 -92.40 -47.30
v -27.73 -91.52 -48.10
v -27.05 -92.40 -48.51
v -27.20 -93.07 -47.75
v -9.06 -83.94 -54.20
v -26.24 -92.52 -48.92
v -25.86 -93.71 -48.74
v -24.73 -94.26 -49.93
v -10.16 -86.90 -55.20
v -24.57 -93.18 -51.53
v -21.21 -93.63 -53.15
v -11.66 -88.94 -57.62
v -14.14 -91.25 -57.28
v -17.48 -93.37 -55.47
v 48.96 7.21 -14.17
v 46.37 2.93 -12.13
v 43.55 1.95 -13.24
v 45.74 2.36 -13.92
v 52.70 6.10 -16.60
v 54.09 6.98 -17.88
v 43.83 0.28 -15.59
v 55.56 5.30 -17.91
v 55.80 4.13 -19.60
v 43.26 -1.68 -18.44
v 44.24 -3.57 -18.30
v 54.26 1.23 -21.94
v 55.26 1.64 -22.10
v 47.95 -4.26 -19.22
v 53.39 0.18 -22.33
v 54.12 1.47 -22.85
v 53.80 -0.55 -22.74
v -34.79 -72.69 -22.40
v -39.23 -78.75 -23.19
v -35.45 -75.14 -24.42
v -40.57 -80.53 -24.15
v -36.49 -76.98 -24.77
v -31.42 -76.98 -26.96
v -25.95 -74.02 -29.95
v -37.76 -78.42 -25.14
v -42.90 -83.47 -27.07
v -38.59 -85.70 -29.83
v -23.66 -74.57 -33.16
v -39.40 -84.85 -31.48
v -21.45 -77.18 -37.26
v -19.61 -76.54 -38.01
v -40.07 -87.02 -32.79
v -20.06 -78.50 -37.49
v -17.98 -77.83 -39.80
v -16.73 -78.18 -40.98
v -16.43 -77.45 -41.73
v -16.26 -78.48 -40.89
v -15.99 -78.74 -41.45
v -15.46 -79.46 -41.03
v -35.51 -89.72 -36.66
v -34.03 -90.74 -38.08
v -13.05 -80.23 -45.68
v -30.88 -91.13 -42.00
v -12.98 -80.40 -47.34
v -33.64 -91.18 -39.87
v -10.16 -82.39 -49.34
v -9.98 -81.03 -50.23
v -26.88 -92.99 -46.41
v -26.73 -93.45 -47.27
v -9.11 -84.86 -52.96
v -25.21 -92.46 -49.36
v -8.85 -83.09 -52.98
v -20.82 -92.50 -52.26
v -8.17 -86.55 -56.29
v -15.90 -92.07 -54.94
v -11.03 -87.59 -57.16
v -14.35 -89.87 -55.71
v -12.48 -88.62 -55.94
v -10.43 -89.05 -56.32
v -9.62 -89.98 -58.12
v -15.09 -93.49 -56.52
v -13.20 -92.98 -57.34
v 52.97 6.62 -14.33
v 49.55 2.93 -12.57
v 53.32 7.27 -15.91
v 45.65 1.02 -12.55
v 42.77 0.41 -14.06
v 43.61 -1.67 -15.37
v 45.50 -1.61 -16.81
v 45.88 -2.50 -18.31
v 55.26 2.61 -22.02
v 54.23 0.43 -21.86
v 54.02 -0.08 -21.16
v 50.41 -1.18 -23.27
v 53.88 0.07 -22.64
v 54.94 0.25 -21.94
v 52.92 0.15 -24.24
v 47.54 -3.35 -23.42
v 51.40 -3.14 -21.72
v -35.39 -75.56 -23.06
v -30.96 -76.08 -25.54
v -30.98 -74.03 -25.12
v -35.44 -81.69 -26.36
v -34.94 -78.73 -24.75
v -32.85 -78.26 -26.61
v -33.70 -79.37 -26.92
v -28.76 -72.95 -27.16
v -32.49 -79.27 -26.86
v -32.12 -78.49 -26.63
v -31.10 -78.20 -26.86
v -30.28 -77.70 -27.24
v -29.42 -78.17 -27.88
v -29.30 -77.44 -28.28
v -35.33 -81.31 -27.76
v -23.22 -76.96 -32.44
v -25.07 -77.05 -32.29
v -35.52 -84.12 -30.11
v -21.10 -76.63 -35.37
v -36.68 -84.53 -30.55
v -20.06 -78.20 -35.24
v -18.23 -78.29 -38.11
v -19.23 -77.84 -38.50
v -17.77 -78.21 -39.23
v -18.19 -78.55 -38.69
v -16.19 -78.96 -40.08
v -36.53 -88.48 -33.91
v -33.22 -88.51 -35.73
v -15.49 -78.65 -41.07
v -32.59 -89.81 -38.80
v -14.65 -79.96 -42.52
v -15.73 -78.99 -43.37
v -31.50 -92.35 -40.16
v -8.06 -81.94 -48.88
v -8.51 -82.22 -51.12
v -28.87 -93.68 -44.82
v -26.63 -94.53 -46.28
v -25.86 -93.80 -47.36
v -25.71 -93.72 -46.65
v -26.61 -94.06 -47.01
v -25.65 -94.49 -47.49
v -25.68 -93.47 -48.16
v -6.74 -84.29 -52.96
v -6.80 -86.03 -55.21
v -24.11 -95.45 -48.03
v -21.93 -93.63 -50.39
v -19.30 -95.94 -51.80
v -7.71 -88.94 -56.07
v -18.02 -92.76 -53.66
v -8.20 -88.50 -57.52
v -18.72 -94.38 -53.97
v -14.16 -93.67 -55.07
v -8.69 -93.06 -58.68
v 48.31 4.07 -12.25
v 49.71 6.43 -13.48
v 47.88 2.05 -13.23
v 48.93 3.61 -13.18
v 50.34 3.32 -12.72
v 45.01 1.30 -14.34
v 52.59 5.01 -14.46
v 54.82 6.25 -16.06
v 44.49 -0.63 -14.00
v 53.95 5.36 -17.21
v 46.04 -0.43 -15.19
v 55.43 3.35 -16.77
v 55.16 2.73 -19.54
v 56.97 1.44 -19.38
v 48.90 -2.86 -18.21
v 50.20 -4.24 -18.61
v 47.73 -4.06 -21.53
v 53.40 -1.73 -22.29
v -32.96 -77.83 -25.18
v -29.70 -77.38 -27.00
v -32.70 -79.19 -26.24
v -31.94 -78.40 -26.24
v -30.87 -78.06 -26.60
v -30.18 -78.84 -27.28
v -32.06 -79.77 -26.73
v -31.73 -79.70 -27.44
v -30.89 -78.98 -26.96
v -30.65 -78.95 -27.39
v -28.90 -77.89 -27.58
v -25.62 -76.08 -29.76
v -33.88 -80.91 -26.33
v -31.14 -80.48 -28.44
v -29.51 -79.53 -28.79
v -28.65 -78.53 -29.05
v -36.56 -83.37 -27.45
v -32.69 -80.54 -27.91
v -26.27 -77.50 -31.00
v -29.70 -84.65 -31.56
v -23.37 -79.47 -33.42
v -21.84 -78.90 -35.16
v -33.86 -87.18 -33.52
v -18.41 -78.68 -36.80
v -16.67 -79.19 -38.65
v -33.84 -88.43 -32.79
v -16.63 -79.32 -39.24
v -17.26 -78.98 -38.99
v -16.23 -78.92 -39.89
v -15.59 -79.39 -39.68
v -15.67 -79.63 -40.04
v -15.23 -77.92 -42.31
v -33.69 -89.95 -35.33
v -14.81 -80.43 -41.03
v -12.69 -80.15 -41.02
v -31.85 -91.45 -37.51
v -11.27 -79.87 -44.21
v -28.97 -92.11 -41.94
v -9.48 -80.79 -48.08
v -8.95 -82.97 -48.68
v -6.42 -83.69 -51.07
v -27.23 -94.59 -42.89
v -25.88 -95.29 -43.62
v -25.69 -95.24 -45.47
v -24.02 -93.71 -48.36
v -7.03 -86.11 -53.17
v -22.32 -95.33 -50.44
v -17.77 -94.75 -52.17
v -7.34 -87.29 -54.71
v -16.53 -95.97 -53.54
v -8.54 -90.25 -56.81
v -6.28 -89.64 -57.72
v -15.87 -94.46 -55.64
v -13.28 -92.10 -55.93
v -9.09 -93.75 -57.03
v -9.96 -91.32 -56.87
v -7.37 -92.96 -57.30
v -6.36 -91.17 -58.40
v -7.74 -92.62 -58.77
v -12.78 -95.33 -56.67
v 48.50 2.22 -11.76
v 50.90 3.88 -12.00
v 53.43 5.69 -13.54
v 47.72 0.88 -11.88
v 49.65 2.27 -12.43
v 52.25 4.08 -13.68
v 47.38 0.14 -12.35
v 47.23 0.54 -14.01
v 54.22 4.41 -15.22
v 56.65 3.64 -16.56
v 48.21 -3.03 -15.16
v 48.07 -2.29 -16.88
v 55.80 1.67 -18.14
v 49.41 -4.12 -17.15
v 50.89 -2.31 -20.21
v 52.76 -1.15 -20.93
v 55.40 -0.06 -18.65
v 56.51 -0.30 -20.14
v 50.75 -3.99 -19.71
v 54.77 -1.31 -21.34
v -29.81 -79.40 -27.41
v -27.38 -76.29 -28.15
v -31.02 -80.42 -27.16
v -32.00 -82.92 -28.10
v -29.31 -80.92 -29.59
v -23.74 -78.01 -31.44
v -25.37 -80.25 -31.79
v -21.71 -77.65 -33.85
v -34.43 -85.81 -29.82
v -32.36 -84.44 -30.76
v -23.08 -81.16 -33.42
v -20.47 -81.92 -35.22
v -31.77 -88.09 -32.26
v -31.47 -87.43 -33.65
v -19.80 -80.42 -36.41
v -17.66 -81.47 -37.31
v -15.06 -79.27 -40.36
v -15.85 -80.67 -39.27
v -13.74 -82.62 -39.78
v -30.43 -90.29 -37.77
v -30.51 -90.97 -39.92
v -10.80 -82.04 -44.00
v -9.38 -81.06 -45.47
v -29.17 -93.26 -39.80
v -10.74 -81.70 -46.10
v -9.08 -82.80 -44.93
v -28.96 -93.76 -42.63
v -26.35 -93.44 -43.41
v -6.96 -84.77 -50.24
v -7.73 -84.62 -51.46
v -23.73 -94.34 -46.82
v -5.43 -86.68 -52.08
v -5.43 -86.03 -53.52
v -20.61 -95.17 -48.93
v -5.19 -87.27 -53.63
v -18.47 -95.35 -50.60
v -5.19 -87.27 -54.43
v -21.36 -96.38 -49.21
v -5.33 -88.02 -54.18
v -16.42 -94.93 -53.00
v -17.70 -95.88 -52.36
v -16.57 -96.18 -52.61
v -17.25 -95.01 -54.23
v -4.88 -90.46 -57.48
v -11.80 -94.87 -55.65
v -14.44 -96.27 -55.04
v -9.56 -94.63 -58.27
v -7.14 -94.95 -58.75
v 49.27 2.49 -11.96
v 49.75 3.20 -12.04
v 50.57 3.08 -12.07
v 50.11 1.86 -11.88
v 50.71 2.37 -12.01
v 50.87 2.65 -12.54
v 52.94 5.01 -12.78
v 50.55 1.87 -12.62
v 54.20 3.48 -14.38
v 55.94 4.35 -14.83
v 50.28 -0.40 -13.74
v 47.17 -1.46 -13.71
v 55.58 0.93 -19.43
v 55.79 0.76 -18.14
v 51.68 -2.40 -17.73
v 53.98 -1.91 -17.24
v 54.41 -0.95 -18.85
v 56.95 0.28 -19.71
v 52.78 -3.27 -19.80
v 54.40 -2.04 -20.76
v -27.09 -79.74 -28.83
v -24.79 -78.51 -30.36
v -25.57 -81.70 -30.30
v -21.62 -79.72 -33.04
v -26.77 -85.09 -32.69
v -18.43 -79.77 -35.76
v -31.39 -85.96 -30.43
v -18.80 -80.70 -34.95
v -29.62 -86.92 -33.27
v -16.68 -79.84 -37.33
v -30.93 -90.04 -34.47
v -28.66 -89.65 -35.99
v -12.37 -82.00 -41.90
v -29.40 -92.14 -37.41
v -9.69 -82.42 -44.29
v -26.38 -93.15 -41.86
v -7.02 -82.71 -47.09
v -27.42 -93.82 -40.05
v -7.35 -84.22 -47.23
v -4.49 -86.04 -52.05
v -4.27 -87.08 -52.86
v -4.96 -87.01 -53.02
v -4.45 -87.53 -52.89
v -3.18 -88.80 -54.19
v -4.31 -87.83 -54.05
v -5.22 -88.34 -56.16
v -17.12 -95.71 -52.17
v -3.68 -89.38 -55.60
v -17.42 -96.55 -51.52
v -16.13 -95.87 -52.38
v -5.37 -90.54 -55.96
v -14.00 -97.77 -53.63
v -9.82 -95.19 -56.42
v -6.23 -92.63 -57.23
v -10.67 -96.27 -57.25
v 52.01 3.17 -11.86
v 55.03 4.99 -14.00
v 51.89 0.84 -13.19
v 53.16 2.38 -13.49
v 56.34 3.21 -14.36
v 49.22 1.40 -12.95
v 51.40 -0.10 -13.20
v 54.49 1.78 -14.27
v 49.72 -0.49 -12.41
v 50.93 -0.56 -13.14
v 55.22 3.00 -15.29
v 49.73 -1.95 -13.63
v 50.30 -1.16 -14.51
v 51.09 -1.15 -14.01
v 55.41 1.62 -15.41
v 57.18 2.08 -17.59
v 50.25 -2.48 -16.99
v 55.35 0.19 -16.51
v 57.24 0.27 -18.27
v 48.70 -3.62 -16.05
v 53.21 -2.23 -17.45
v 56.49 -1.04 -18.54
v 52.10 -3.66 -18.00
v 54.64 -2.36 -18.63
v -23.70 -80.58 -31.23
v -29.19 -85.63 -30.71
v -28.25 -83.33 -29.72
v -20.40 -81.93 -33.51
v -21.29 -84.99 -34.79
v -26.66 -83.81 -32.12
v -25.44 -82.61 -32.23
v -23.11 -82.16 -33.42
v -28.69 -88.50 -32.89
v -16.90 -81.85 -35.68
v -18.14 -83.13 -36.36
v -15.89 -81.05 -36.81
v -14.25 -80.86 -38.40
v -11.61 -81.50 -40.35
v -27.16 -89.73 -35.79
v -26.58 -90.14 -35.83
v -28.67 -90.26 -34.70
v -27.57 -90.62 -36.99
v -27.05 -90.69 -36.17
v -26.53 -90.94 -36.77
v -9.24 -82.43 -43.38
v -27.80 -92.84 -38.11
v -11.31 -83.03 -41.76
v -9.02 -82.14 -44.32
v -27.24 -92.21 -39.92
v -9.49 -83.10 -43.24
v -8.57 -82.77 -44.37
v -8.49 -83.59 -44.21
v -7.82 -82.72 -44.82
v -8.00 -84.11 -45.19
v -5.76 -83.84 -49.00
v -23.69 -95.98 -43.02
v -6.09 -85.32 -48.76
v -3.92 -86.05 -51.07
v -20.96 -95.53 -46.81
v -23.03 -96.44 -45.82
v -4.75 -87.89 -53.73
v -21.41 -96.82 -47.62
v -17.16 -96.09 -51.36
v -4.08 -88.59 -53.07
v -16.65 -96.91 -51.52
v -16.94 -97.44 -50.94
v -16.01 -96.58 -51.68
v -2.93 -90.89 -56.05
v -16.12 -97.68 -51.40
v -3.43 -91.92 -55.10
v -13.44 -95.25 -54.44
v -4.36 -92.96 -56.35
v -4.06 -92.29 -57.70
v -11.55 -97.96 -55.31
v -8.18 -95.90 -56.66
v -5.45 -94.99 -57.05
v -5.32 -93.46 -58.60
v -9.21 -97.54 -57.10
v -5.74 -94.53 -58.74
v -8.13 -96.28 -58.16
v 53.21 2.82 -12.07
v 54.74 3.70 -13.01
v 50.76 0.59 -11.88
v 51.57 -0.33 -12.78
v 52.13 -0.49 -13.61
v 50.72 -1.27 -13.38
v 56.94 2.02 -15.21
v 52.30 -2.21 -14.20
v 51.82 -1.36 -13.72
v 51.94 -1.21 -14.26
v 57.14 0.47 -16.62
v 54.37 0.07 -15.11
v 52.91 -2.33 -16.59
v 51.44 -3.39 -15.62
v 53.60 -1.98 -16.46
v 52.92 -2.88 -16.42
v 53.14 -2.87 -17.56
v 54.07 -2.33 -16.31
v 54.39 -2.26 -17.61
v -25.34 -85.48 -31.78
v -19.87 -84.23 -35.32
v -23.08 -86.08 -34.39
v -16.10 -83.19 -37.59
v -26.10 -89.32 -34.13
v -25.98 -90.60 -36.35
v -26.04 -87.72 -34.42
v -14.49 -83.05 -38.84
v -27.39 -90.58 -35.57
v -26.08 -90.39 -35.38
v -9.80 -82.22 -41.82
v -27.16 -91.72 -36.70
v -11.77 -83.89 -40.60
v -8.74 -83.27 -42.82
v -8.80 -83.68 -43.34
v -8.24 -83.35 -43.69
v -25.14 -93.26 -38.08
v -5.86 -86.60 -45.70
v -5.08 -84.47 -48.06
v -26.00 -94.75 -41.40
v -23.46 -94.62 -44.36
v -22.84 -96.44 -44.47
v -19.40 -96.04 -45.36
v -4.55 -87.19 -51.18
v -16.39 -96.58 -51.07
v -2.77 -91.61 -53.76
v -16.76 -98.08 -49.87
v -13.95 -96.53 -52.61
v -2.28 -92.74 -56.28
v -11.69 -96.59 -54.37
v -6.59 -95.17 -57.15
v -4.38 -94.79 -58.25
v -6.60 -98.15 -57.40
v -5.18 -97.03 -58.08
v -5.82 -97.90 -57.68
v 51.78 1.35 -11.70
v 54.46 1.55 -12.63
v 53.34 -0.33 -12.94
v 52.44 -1.15 -13.40
v 55.96 2.19 -13.62
v 51.47 -2.88 -14.67
v 55.01 -1.13 -14.40
v 56.50 0.43 -15.10
v 56.03 -1.01 -15.83
v 56.59 -0.91 -16.95
v 52.56 -3.03 -15.58
v 55.55 -1.74 -16.99
v -20.62 -84.15 -33.38
v -18.97 -83.45 -34.16
v -16.38 -83.67 -35.45
v -23.26 -87.62 -33.48
v -19.64 -87.82 -36.10
v -15.04 -82.47 -36.66
v -13.02 -82.55 -38.11
v -25.23 -87.86 -33.16
v -21.57 -87.95 -35.67
v -17.03 -85.86 -36.61
v -14.42 -85.98 -37.99
v -23.61 -90.35 -36.72
v -13.70 -85.00 -38.60
v -11.01 -83.02 -39.47
v -26.03 -91.47 -36.43
v -25.16 -91.57 -37.98
v -22.74 -91.87 -37.63
v -23.53 -92.55 -38.83
v -23.09 -92.46 -37.97
v -9.67 -85.66 -41.32
v -7.41 -83.99 -43.22
v -22.66 -92.78 -38.51
v -9.07 -84.38 -42.68
v -7.19 -86.09 -43.96
v -23.53 -94.36 -39.52
v -23.92 -95.17 -40.99
v -20.79 -95.18 -43.27
v -5.13 -86.64 -47.82
v -3.72 -88.21 -50.26
v -19.73 -97.19 -43.57
v -2.32 -88.64 -51.88
v -19.97 -97.48 -46.18
v -18.15 -97.95 -48.13
v -17.46 -96.44 -49.02
v -2.76 -90.57 -52.38
v -14.27 -97.31 -50.79
v -11.05 -99.46 -53.70
v -8.72 -96.90 -55.88
v -7.05 -97.53 -56.34
v -5.74 -97.07 -56.60
v -8.73 -99.71 -54.95
v -7.87 -98.50 -56.42
v -6.72 -98.83 -56.36
v -21.66 -85.77 -33.27
v -21.15 -89.61 -35.04
v -12.78 -84.21 -37.49
v -24.19 -91.22 -35.83
v -21.59 -91.08 -35.98
v -8.90 -83.77 -41.36
v -22.07 -91.12 -37.36
v -11.80 -85.32 -39.81
v -7.59 -84.93 -41.76
v -23.41 -92.33 -37.37
v -22.11 -92.17 -37.19
v -22.01 -92.43 -38.09
v -23.04 -93.33 -38.45
v -22.12 -93.13 -38.22
v -6.07 -85.41 -43.13
v -22.50 -93.13 -39.61
v -5.28 -84.65 -46.00
v -23.12 -94.11 -41.84
v -21.19 -95.27 -40.12
v -19.35 -96.73 -42.17
v -17.92 -96.06 -43.69
v -3.77 -88.86 -47.90
v -1.84 -88.87 -50.12
v -18.02 -96.55 -47.12
v -17.56 -98.22 -46.03
v -15.03 -97.52 -48.09
v -10.76 -98.92 -51.13
v -2.34 -93.21 -53.93
v -10.10 -98.26 -53.47
v -2.79 -94.33 -57.19
v -0.83 -94.03 -54.38
v -8.71 -98.13 -54.75
v -3.30 -95.73 -56.01
v -7.53 -98.77 -55.52
v -7.27 -98.43 -56.08
v -3.79 -96.57 -56.23
v -3.10 -95.68 -57.04
v -7.76 -99.30 -55.55
v -6.40 -98.68 -56.02
v -15.57 -85.07 -35.70
v -19.82 -87.67 -34.47
v -11.82 -86.61 -37.66
v -10.63 -84.12 -39.11
v -18.51 -90.74 -37.84
v -17.05 -89.91 -37.70
v -11.42 -88.04 -39.54
v -9.35 -85.47 -39.68
v -20.54 -91.99 -38.38
v -20.80 -94.16 -38.68
v -20.15 -92.98 -37.48
v -20.96 -92.85 -39.18
v -8.07 -86.39 -42.59
v -4.09 -86.67 -45.37
v -4.68 -89.04 -45.55
v -2.42 -87.78 -49.00
v -15.54 -97.29 -46.24
v -2.69 -90.18 -50.23
v -11.76 -98.73 -49.30
v -2.07 -92.65 -52.28
v -1.23 -92.43 -54.31
v -13.75 -99.62 -48.86
v -11.50 -100.12 -51.54
v -7.59 -99.15 -54.30
v -2.68 -96.31 -55.15
v -6.99 -99.61 -55.02
v -2.83 -96.02 -56.23
v -3.23 -96.98 -56.24
v -6.70 -99.82 -55.36
v -6.26 -99.54 -55.38
v -4.14 -97.14 -57.53
v -3.22 -98.39 -55.94
v -5.05 -99.77 -55.95
v -3.82 -99.63 -55.53
v -15.11 -87.91 -36.10
v -13.09 -87.59 -36.96
v -16.23 -89.75 -36.26
v -18.26 -91.79 -36.79
v -8.61 -87.38 -39.68
v -15.08 -89.37 -38.02
v -14.04 -88.03 -38.13
v -10.15 -87.27 -40.44
v -18.79 -95.80 -40.56
v -17.31 -94.08 -40.53
v -3.62 -87.96 -44.99
v -18.18 -95.09 -41.94
v -16.62 -95.33 -41.40
v -6.16 -88.41 -43.76
v -16.41 -96.32 -42.92
v -15.48 -96.69 -44.07
v -16.96 -97.70 -43.64
v -3.02 -90.88 -47.82
v -13.53 -97.99 -46.76
v -15.32 -98.80 -45.36
v -2.20 -92.44 -49.51
v -0.93 -91.80 -51.99
v -14.05 -99.55 -47.27
v -6.92 -99.61 -53.66
v -2.01 -95.66 -53.10
v -2.83 -97.08 -55.04
v -1.51 -96.20 -55.23
v -6.78 -101.16 -53.21
v -6.72 -100.08 -54.62
v -3.48 -97.29 -55.63
v -2.77 -97.44 -55.60
v -2.07 -96.84 -55.21
v -5.69 -100.23 -54.76
v -13.21 -91.00 -37.71
v -6.27 -87.16 -41.63
v -16.43 -92.36 -37.48
v -14.13 -91.70 -39.30
v -10.64 -91.90 -40.60
v -11.30 -89.64 -39.67
v -6.95 -89.00 -42.69
v -4.87 -87.67 -42.94
v -16.29 -92.22 -39.17
v -15.37 -95.08 -39.76
v -15.63 -95.51 -41.61
v -17.48 -96.22 -41.44
v -16.34 -95.92 -41.13
v -16.91 -96.06 -41.99
v -15.78 -96.21 -41.53
v -15.60 -96.21 -42.40
v -16.66 -96.77 -42.51
v -15.81 -96.68 -42.29
v -4.55 -90.36 -45.21
v -1.82 -90.17 -47.11
v -15.39 -97.80 -43.20
v -1.22 -90.41 -49.33
v -12.63 -99.94 -46.88
v -1.88 -94.64 -50.88
v -8.69 -101.40 -50.24
v -2.57 -97.59 -52.65
v -8.83 -100.73 -53.03
v -5.64 -99.78 -54.34
v -5.94 -99.81 -53.65
v -5.55 -99.60 -54.80
v -6.27 -100.49 -54.14
v -5.34 -100.20 -55.26
v -9.25 -89.16 -39.10
v -13.50 -93.12 -38.70
v -8.60 -89.84 -41.27
v -11.99 -92.92 -40.58
v -10.91 -95.24 -42.41
v -13.53 -97.48 -42.35
v -14.63 -96.44 -43.30
v -13.77 -95.86 -42.53
v -13.64 -99.01 -44.76
v -2.63 -93.30 -47.91
v -10.11 -99.25 -48.32
v -0.44 -94.05 -52.15
v -10.48 -100.81 -48.41
v -8.07 -99.82 -50.65
v -2.08 -96.50 -51.76
v -0.60 -96.06 -52.97
v -6.94 -99.91 -51.87
v -1.07 -96.38 -54.48
v -1.43 -98.29 -53.65
v -4.69 -100.47 -54.42
v -2.91 -100.03 -53.35
v -9.41 -91.43 -39.39
v -5.44 -90.70 -41.89
v -10.94 -94.63 -40.26
v -8.84 -94.66 -42.66
v -4.39 -90.55 -42.94
v -12.83 -95.90 -40.80
v -6.87 -94.12 -43.33
v -7.61 -91.72 -42.18
v -2.72 -90.96 -44.94
v -5.03 -91.90 -44.44
v -4.70 -93.74 -44.94
v -3.42 -92.01 -46.54
v -1.19 -92.76 -47.68
v -10.78 -100.18 -46.23
v -12.37 -98.04 -45.86
v -2.51 -95.26 -48.73
v -0.58 -94.36 -49.72
v -8.84 -99.32 -47.77
v -2.47 -96.77 -50.13
v -8.18 -99.78 -49.54
v -9.14 -101.04 -47.99
v -0.68 -96.80 -51.47
v -6.01 -99.90 -51.56
v -4.86 -99.47 -50.66
v -4.14 -99.06 -53.57
v -7.06 -101.63 -51.45
v -5.46 -101.20 -52.70
v -9.93 -93.44 -39.95
v -6.83 -91.38 -40.89
v -2.18 -94.24 -45.99
v -6.41 -96.13 -44.86
v -9.89 -99.25 -44.66
v -9.37 -98.39 -43.79
v -8.86 -98.20 -45.76
v -7.76 -96.90 -44.78
v -3.03 -94.92 -47.44
v -1.26 -94.95 -47.86
v -4.34 -97.05 -46.90
v -5.32 -98.64 -47.73
v -3.39 -97.36 -48.65
v -6.93 -99.84 -49.74
v -4.38 -98.44 -48.43
v -1.35 -98.09 -50.13
v -8.11 -101.44 -49.32
v -3.13 -98.18 -50.67
v -1.51 -98.70 -52.57
v -5.35 -101.29 -50.25
v -4.24 -100.94 -51.41
v -7.09 -94.18 -41.59
v -5.12 -93.60 -42.70
v -3.73 -93.41 -43.87
v -8.83 -96.52 -42.23
v -4.02 -97.08 -45.37
v -2.86 -97.17 -46.52
v -4.95 -98.03 -47.15
v -1.16 -96.32 -48.74
v -5.63 -99.95 -46.90
v -7.56 -101.02 -47.99
v -4.01 -100.18 -48.60
v -2.09 -99.50 -51.16
v -5.43 -98.08 -45.05
v -3.82 -98.95 -46.96
v -2.55 -98.80 -48.47
f 3 4 50
f 8 4 1
f 8 1 5
f 7 50 8
f 8 50 4
f 9 7 10
f 10 7 8
f 8 5 2
f 10 8 2
f 12 2 6
f 10 2 15
f 15 2 12
f 12 6 13
f 11 14 9
f 11 9 10
f 17 11 10
f 16 12 13
f 17 10 15
f 15 12 16
f 13 80 16
f 14 11 24
f 18 15 16
f 21 15 18
f 19 18 16
f 19 16 89
f 24 11 17
f 20 17 15
f 20 15 25
f 25 15 21
f 18 19 22
f 24 17 23
f 23 17 20
f 26 25 21
f 26 21 27
f 27 21 110
f 28 23 20
f 109 20 25
f 109 25 26
f 29 30 126
f 129 32 126
f 29 31 123
f 44 29 126
f 44 126 32
f 32 129 133
f 33 31 29
f 33 29 44
f 34 32 133
f 33 35 31
f 45 44 32
f 36 32 34
f 45 32 36
f 48 37 35
f 48 35 33
f 41 42 40
f 38 42 153
f 43 42 38
f 64 33 44
f 44 45 49
f 43 40 42
f 47 39 37
f 47 37 48
f 47 48 70
f 50 40 43
f 38 39 47
f 53 48 33
f 64 44 49
f 50 55 40
f 50 43 51
f 43 38 1
f 70 48 53
f 52 51 43
f 52 43 1
f 1 38 5
f 5 38 47
f 5 47 2
f 64 49 54
f 7 55 50
f 50 51 3
f 3 61 4
f 3 51 56
f 52 56 51
f 56 52 57
f 1 57 52
f 57 1 58
f 4 58 1
f 58 4 61
f 58 62 57
f 69 59 62
f 2 47 70
f 2 70 6
f 53 33 64
f 9 46 55
f 9 55 7
f 60 61 3
f 58 73 62
f 58 61 73
f 9 175 46
f 62 66 69
f 62 73 66
f 70 53 74
f 64 81 53
f 14 175 9
f 60 73 61
f 67 64 54
f 67 54 63
f 14 65 175
f 72 73 60
f 6 70 13
f 74 53 81
f 67 63 188
f 190 65 71
f 68 75 72
f 69 66 76
f 13 70 74
f 77 71 65
f 14 77 65
f 72 75 78
f 72 78 73
f 73 85 66
f 66 85 76
f 80 13 74
f 80 74 81
f 81 64 67
f 82 67 188
f 82 188 192
f 84 71 77
f 78 85 73
f 85 86 76
f 24 77 14
f 76 86 88
f 76 88 79
f 83 80 81
f 83 81 67
f 24 90 77
f 75 96 78
f 75 209 96
f 78 96 85
f 86 85 213
f 86 87 88
f 211 88 210
f 80 89 16
f 80 100 89
f 77 90 84
f 96 91 85
f 85 98 213
f 86 213 92
f 86 92 87
f 210 93 92
f 22 92 93
f 92 22 87
f 19 87 22
f 87 19 88
f 89 88 19
f 88 89 210
f 94 210 89
f 93 210 94
f 89 105 94
f 105 89 100
f 100 80 83
f 95 83 67
f 95 67 82
f 95 82 205
f 107 90 24
f 85 97 98
f 85 91 97
f 98 99 213
f 18 110 21
f 22 110 18
f 22 93 110
f 100 83 101
f 101 83 95
f 23 102 24
f 96 369 91
f 97 91 103
f 26 103 104
f 103 26 97
f 97 26 98
f 27 98 26
f 98 27 99
f 99 27 103
f 104 103 27
f 105 93 94
f 106 101 95
f 113 24 102
f 118 102 23
f 20 108 28
f 20 109 108
f 26 104 109
f 104 27 110
f 111 110 93
f 111 93 105
f 112 105 100
f 24 113 107
f 104 110 121
f 121 110 111
f 114 111 105
f 105 112 114
f 115 112 100
f 116 102 118
f 119 23 28
f 118 23 119
f 28 108 119
f 108 109 121
f 121 109 104
f 233 102 116
f 118 117 116
f 120 117 118
f 127 261 122
f 261 123 122
f 30 124 125
f 127 122 128
f 130 122 123
f 29 123 30
f 123 124 30
f 30 125 126
f 126 125 129
f 125 270 129
f 130 263 128
f 128 122 130
f 130 37 263
f 134 135 131
f 133 129 270
f 133 270 274
f 35 37 130
f 31 130 123
f 131 135 164
f 131 150 132
f 131 164 150
f 287 133 274
f 137 133 287
f 35 130 31
f 146 141 134
f 134 141 135
f 135 141 164
f 132 150 285
f 137 34 133
f 140 139 138
f 136 139 140
f 285 150 142
f 150 143 142
f 143 34 142
f 137 142 34
f 142 137 147
f 145 138 139
f 39 139 136
f 37 39 447
f 141 163 164
f 147 143 151
f 143 150 151
f 34 143 36
f 147 36 143
f 36 147 148
f 148 147 137
f 152 144 145
f 145 139 39
f 146 159 141
f 148 137 287
f 148 287 309
f 40 290 144
f 153 152 145
f 153 145 38
f 38 145 39
f 149 159 146
f 164 173 150
f 36 148 45
f 148 315 45
f 40 144 152
f 40 152 41
f 152 155 41
f 155 152 156
f 153 156 152
f 156 153 157
f 157 153 158
f 42 158 153
f 158 42 41
f 159 163 141
f 315 165 45
f 148 309 315
f 46 166 154
f 55 46 154
f 55 154 290
f 55 290 40
f 155 168 41
f 41 168 158
f 158 168 161
f 149 161 162
f 149 162 159
f 159 162 163
f 151 150 173
f 165 49 45
f 165 315 318
f 155 160 168
f 161 177 162
f 164 163 183
f 317 151 173
f 175 166 46
f 160 172 176
f 160 176 168
f 161 168 59
f 161 59 177
f 163 162 185
f 164 183 173
f 165 169 49
f 165 171 170
f 169 165 170
f 168 176 57
f 169 54 49
f 54 169 174
f 169 170 174
f 176 56 57
f 57 62 168
f 168 62 59
f 177 184 162
f 162 184 185
f 183 178 173
f 326 173 178
f 174 170 179
f 327 174 179
f 172 72 60
f 172 60 176
f 176 60 56
f 56 60 3
f 59 69 177
f 54 174 63
f 63 174 327
f 172 181 68
f 167 181 172
f 172 68 72
f 163 185 204
f 182 187 186
f 65 182 175
f 187 182 65
f 177 69 76
f 177 76 184
f 185 184 79
f 197 330 178
f 327 328 189
f 63 327 189
f 190 187 65
f 180 191 181
f 181 191 68
f 163 204 183
f 183 207 178
f 188 63 189
f 187 336 186
f 71 194 190
f 195 187 190
f 190 194 180
f 194 191 180
f 191 75 68
f 184 76 79
f 185 79 196
f 178 207 197
f 188 189 192
f 192 189 193
f 206 199 336
f 187 206 336
f 206 187 195
f 194 203 191
f 203 75 191
f 183 204 207
f 200 199 206
f 194 71 201
f 84 201 71
f 194 201 203
f 185 196 214
f 197 207 208
f 198 197 208
f 205 82 192
f 205 192 193
f 200 206 351
f 206 201 84
f 201 206 202
f 195 202 206
f 353 203 201
f 203 209 75
f 88 211 196
f 88 196 79
f 185 214 204
f 204 214 207
f 353 209 203
f 211 222 196
f 214 215 207
f 207 215 208
f 345 205 193
f 90 206 84
f 90 351 206
f 196 222 214
f 215 357 208
f 205 212 95
f 349 205 345
f 216 351 90
f 213 99 218
f 92 213 219
f 92 219 210
f 210 219 211
f 211 219 222
f 224 95 212
f 205 349 212
f 107 216 90
f 364 209 353
f 209 364 217
f 209 217 96
f 366 91 369
f 218 103 91
f 218 91 366
f 218 99 103
f 219 220 222
f 214 222 223
f 214 223 358
f 214 358 215
f 215 358 357
f 95 224 106
f 218 366 221
f 218 221 213
f 219 231 220
f 101 106 373
f 228 216 107
f 364 229 217
f 217 229 230
f 96 217 369
f 369 370 366
f 213 221 219
f 219 221 231
f 220 231 225
f 361 226 225
f 114 225 226
f 225 114 220
f 112 220 114
f 220 112 222
f 115 222 112
f 222 115 223
f 227 223 115
f 223 227 361
f 226 361 227
f 100 227 115
f 100 101 227
f 228 107 113
f 229 364 362
f 217 230 236
f 217 236 369
f 232 227 101
f 232 101 373
f 102 238 113
f 117 229 116
f 116 229 233
f 234 233 229
f 233 234 235
f 236 235 234
f 235 236 120
f 230 120 236
f 120 230 117
f 229 117 230
f 236 368 369
f 389 111 114
f 389 114 226
f 389 226 232
f 232 226 227
f 238 228 113
f 238 102 233
f 119 240 118
f 370 375 366
f 121 237 108
f 121 242 237
f 389 232 373
f 239 233 235
f 239 235 120
f 239 120 118
f 108 240 119
f 242 121 111
f 238 233 239
f 239 118 240
f 246 108 237
f 242 111 389
f 241 237 244
f 244 237 242
f 240 108 246
f 246 241 243
f 237 241 246
f 245 244 242
f 406 240 246
f 124 248 414
f 414 249 251
f 255 263 254
f 263 256 260
f 123 250 247
f 256 250 123
f 123 247 124
f 124 247 248
f 124 414 251
f 124 251 252
f 124 252 125
f 252 253 125
f 258 259 257
f 263 259 254
f 260 256 261
f 261 256 123
f 253 629 125
f 629 444 125
f 257 259 263
f 128 263 260
f 128 273 127
f 273 128 264
f 260 264 128
f 264 260 265
f 261 265 260
f 265 261 267
f 127 267 261
f 267 127 266
f 266 127 273
f 268 131 132
f 132 269 268
f 125 444 270
f 266 134 267
f 266 273 134
f 267 134 262
f 262 134 131
f 286 269 132
f 275 274 270
f 278 279 277
f 136 271 447
f 37 257 263
f 264 272 273
f 273 272 134
f 132 285 286
f 283 282 281
f 276 282 283
f 144 282 276
f 284 277 279
f 284 279 271
f 284 271 136
f 447 257 37
f 285 299 286
f 287 274 275
f 291 289 280
f 290 289 291
f 291 281 282
f 144 276 277
f 292 284 293
f 140 293 136
f 293 284 136
f 136 447 39
f 272 146 134
f 286 299 477
f 295 288 289
f 295 289 290
f 291 282 144
f 145 144 277
f 145 277 138
f 138 277 284
f 138 284 292
f 138 302 140
f 302 138 292
f 293 296 292
f 296 293 297
f 140 297 293
f 297 140 298
f 298 140 302
f 298 306 297
f 285 142 147
f 299 285 147
f 308 477 299
f 310 287 275
f 310 275 464
f 464 294 310
f 290 291 144
f 301 302 292
f 298 302 306
f 463 149 146
f 151 314 147
f 314 299 147
f 309 287 310
f 310 294 303
f 166 295 154
f 154 295 290
f 475 160 300
f 301 305 302
f 302 305 306
f 462 149 463
f 314 307 299
f 308 299 307
f 166 312 295
f 300 157 305
f 305 157 158
f 306 149 462
f 491 314 151
f 309 310 488
f 300 156 157
f 305 158 161
f 305 161 306
f 306 161 149
f 317 491 151
f 314 491 307
f 315 309 488
f 489 311 316
f 311 312 166
f 304 167 172
f 304 172 160
f 300 160 155
f 300 155 156
f 304 313 167
f 317 326 322
f 491 317 171
f 498 318 315
f 319 497 316
f 311 319 316
f 166 319 311
f 313 181 167
f 326 317 173
f 171 317 170
f 322 170 317
f 165 318 171
f 318 320 171
f 318 321 320
f 175 319 166
f 325 181 313
f 323 320 321
f 175 324 319
f 322 326 179
f 179 170 322
f 179 323 327
f 323 321 327
f 327 321 500
f 175 182 324
f 180 181 325
f 326 330 179
f 323 179 502
f 179 330 502
f 327 500 328
f 503 328 500
f 330 326 178
f 186 329 182
f 501 334 180
f 328 507 189
f 189 507 332
f 333 182 329
f 335 186 334
f 186 335 329
f 329 335 333
f 331 330 197
f 331 197 337
f 337 338 331
f 341 333 335
f 333 341 336
f 334 186 336
f 334 336 195
f 180 195 190
f 334 195 180
f 193 189 332
f 332 339 193
f 339 332 510
f 341 333 336
f 341 340 333
f 336 199 343
f 336 343 195
f 337 197 198
f 337 198 338
f 338 198 344
f 200 341 199
f 200 340 341
f 342 341 513
f 341 342 199
f 343 199 342
f 343 202 195
f 193 339 345
f 345 339 347
f 347 339 510
f 342 202 343
f 202 353 201
f 198 346 344
f 519 344 346
f 346 198 208
f 354 346 208
f 349 345 347
f 348 200 350
f 351 350 200
f 342 353 202
f 342 527 353
f 354 208 357
f 521 349 347
f 352 350 351
f 216 352 351
f 349 355 212
f 355 349 521
f 356 350 352
f 718 364 353
f 357 359 354
f 355 360 212
f 718 353 527
f 358 223 361
f 358 537 357
f 363 352 216
f 363 216 228
f 361 225 231
f 361 372 358
f 212 360 224
f 372 231 221
f 372 221 371
f 231 372 361
f 358 372 537
f 106 224 367
f 538 224 360
f 363 228 374
f 718 545 364
f 365 234 229
f 362 365 229
f 366 371 221
f 106 367 373
f 224 538 367
f 364 547 362
f 234 365 236
f 236 365 368
f 569 375 370
f 377 366 375
f 366 377 371
f 238 544 228
f 364 545 547
f 369 368 370
f 374 228 544
f 368 569 370
f 375 376 377
f 561 389 373
f 561 373 542
f 542 373 367
f 544 238 381
f 381 238 383
f 375 558 379
f 375 379 376
f 376 380 377
f 549 377 380
f 377 549 371
f 389 378 242
f 388 378 389
f 391 238 239
f 391 239 384
f 239 394 384
f 569 557 375
f 386 385 553
f 243 553 385
f 553 243 379
f 241 379 243
f 379 241 376
f 385 386 393
f 244 376 241
f 376 244 380
f 245 380 244
f 387 380 245
f 380 387 386
f 393 386 387
f 242 387 245
f 390 382 383
f 238 390 383
f 390 238 391
f 392 384 394
f 585 239 240
f 246 385 406
f 243 385 246
f 396 387 242
f 396 242 397
f 397 242 378
f 397 378 388
f 388 389 403
f 403 389 561
f 565 391 384
f 394 239 585
f 585 240 399
f 399 240 406
f 406 385 395
f 395 385 393
f 395 393 387
f 395 387 396
f 398 392 394
f 584 394 585
f 400 396 397
f 397 401 400
f 401 397 388
f 401 388 402
f 402 388 403
f 586 585 399
f 399 406 404
f 406 405 404
f 406 395 595
f 595 395 396
f 595 396 588
f 595 405 406
f 409 410 407
f 411 410 409
f 409 407 408
f 256 410 411
f 409 408 412
f 412 408 413
f 413 408 414
f 415 408 611
f 415 611 416
f 255 417 410
f 250 256 411
f 250 418 247
f 418 250 419
f 411 419 250
f 419 411 420
f 409 420 411
f 412 420 409
f 421 248 418
f 247 418 248
f 413 248 421
f 248 413 414
f 414 408 249
f 249 408 415
f 416 614 422
f 424 417 255
f 430 417 424
f 255 410 263
f 263 410 256
f 425 418 419
f 425 432 418
f 427 426 421
f 427 415 428
f 415 427 249
f 433 249 427
f 249 433 251
f 429 251 433
f 251 429 252
f 428 252 429
f 252 428 416
f 416 428 415
f 252 416 422
f 252 422 423
f 252 423 253
f 423 626 253
f 424 255 254
f 431 443 425
f 425 443 432
f 432 262 418
f 418 262 421
f 421 262 427
f 268 428 429
f 437 436 631
f 616 417 257
f 257 417 430
f 257 430 258
f 258 438 259
f 438 258 439
f 430 439 258
f 424 439 430
f 439 424 440
f 254 440 424
f 440 254 441
f 259 441 254
f 441 259 438
f 443 267 432
f 432 267 262
f 427 262 131
f 427 131 433
f 433 131 268
f 433 268 429
f 434 268 269
f 454 436 437
f 447 437 616
f 447 616 257
f 463 448 628
f 448 438 439
f 441 438 449
f 441 449 442
f 442 449 431
f 443 431 265
f 443 265 267
f 270 444 641
f 445 452 446
f 456 630 435
f 445 630 456
f 277 435 631
f 277 631 436
f 277 436 453
f 453 436 454
f 271 454 437
f 271 437 447
f 448 463 438
f 438 463 449
f 431 272 264
f 431 264 265
f 471 269 286
f 275 270 641
f 455 450 451
f 467 450 455
f 455 451 452
f 455 452 445
f 456 435 457
f 283 457 276
f 457 435 276
f 276 435 277
f 277 453 278
f 278 470 279
f 470 278 458
f 453 458 278
f 454 458 453
f 458 454 460
f 271 460 454
f 460 271 459
f 279 459 271
f 459 279 470
f 461 460 459
f 449 146 431
f 431 146 272
f 275 641 464
f 465 641 647
f 464 641 465
f 295 637 450
f 466 637 295
f 295 450 467
f 280 455 291
f 291 455 445
f 291 445 281
f 281 445 456
f 281 481 283
f 481 281 468
f 456 468 281
f 457 468 456
f 457 283 469
f 469 283 481
f 476 470 458
f 459 470 461
f 449 463 146
f 286 477 471
f 478 464 465
f 288 295 467
f 288 480 289
f 480 288 472
f 467 472 288
f 472 467 473
f 455 473 467
f 280 473 455
f 473 280 474
f 289 474 280
f 474 289 480
f 475 481 468
f 470 476 297
f 470 297 461
f 471 477 482
f 464 478 294
f 479 466 312
f 295 312 466
f 304 480 472
f 476 296 297
f 297 306 461
f 461 306 462
f 477 308 482
f 483 294 482
f 478 482 294
f 482 478 484
f 485 484 478
f 485 478 465
f 486 479 312
f 480 304 474
f 481 475 300
f 481 300 469
f 469 300 645
f 645 300 305
f 645 305 476
f 476 305 301
f 476 301 296
f 296 301 292
f 482 308 483
f 294 483 303
f 484 485 303
f 488 485 465
f 487 660 486
f 312 487 486
f 474 304 475
f 475 304 160
f 308 307 483
f 488 310 485
f 485 310 303
f 665 488 465
f 311 487 312
f 670 313 472
f 472 313 304
f 483 307 490
f 676 487 489
f 311 489 487
f 671 488 665
f 670 494 313
f 673 490 307
f 488 492 315
f 492 488 675
f 675 488 671
f 676 489 493
f 495 316 494
f 316 495 489
f 489 495 493
f 325 313 494
f 171 496 491
f 492 498 315
f 319 493 497
f 681 493 495
f 493 681 497
f 494 316 497
f 494 497 325
f 320 496 171
f 498 321 318
f 498 492 499
f 324 680 319
f 319 680 493
f 497 681 325
f 320 502 496
f 677 496 502
f 500 321 498
f 680 324 504
f 681 501 325
f 501 180 325
f 323 502 320
f 500 498 503
f 503 498 678
f 331 502 330
f 505 689 504
f 324 505 504
f 182 505 324
f 328 503 507
f 507 503 854
f 854 687 507
f 333 505 182
f 508 334 501
f 509 693 338
f 338 693 506
f 507 692 332
f 692 694 332
f 508 335 334
f 506 331 338
f 510 332 694
f 340 512 333
f 333 512 505
f 508 698 513
f 513 341 335
f 513 335 508
f 509 338 514
f 514 515 509
f 510 694 511
f 340 517 512
f 514 520 515
f 511 699 510
f 518 512 517
f 522 512 518
f 200 516 340
f 517 340 516
f 517 516 698
f 516 513 698
f 344 514 338
f 519 514 344
f 514 519 520
f 347 510 699
f 516 342 513
f 525 522 518
f 523 522 525
f 348 516 200
f 348 525 518
f 524 516 348
f 524 342 516
f 524 527 342
f 354 519 346
f 519 354 520
f 521 347 699
f 350 524 348
f 525 348 524
f 525 705 523
f 354 528 706
f 354 706 520
f 878 521 699
f 522 523 529
f 356 524 350
f 524 356 526
f 523 526 356
f 526 523 705
f 527 524 526
f 354 359 528
f 706 528 711
f 356 529 523
f 521 530 355
f 530 521 531
f 531 521 878
f 529 533 532
f 356 533 529
f 352 533 356
f 719 359 357
f 713 359 719
f 355 722 360
f 355 530 534
f 535 530 531
f 718 527 526
f 719 357 537
f 713 719 726
f 722 355 534
f 536 533 725
f 725 533 352
f 896 360 722
f 725 352 363
f 537 729 719
f 360 539 538
f 372 540 537
f 363 543 725
f 363 374 543
f 540 541 537
f 542 367 538
f 542 538 539
f 545 546 547
f 547 365 362
f 540 372 371
f 560 540 371
f 546 551 547
f 547 548 365
f 552 368 365
f 552 365 548
f 568 368 552
f 371 559 560
f 540 560 573
f 542 562 561
f 381 550 544
f 383 546 381
f 381 546 550
f 551 382 550
f 382 551 383
f 546 383 551
f 557 558 375
f 553 379 558
f 554 386 553
f 549 380 386
f 554 549 386
f 549 559 371
f 549 554 559
f 555 544 550
f 555 550 382
f 390 555 382
f 556 552 548
f 557 570 558
f 553 558 554
f 559 571 572
f 559 572 560
f 573 740 540
f 542 742 562
f 738 544 555
f 738 555 563
f 555 564 563
f 756 555 390
f 564 555 756
f 392 556 384
f 384 556 565
f 566 565 556
f 566 567 398
f 552 398 567
f 398 552 392
f 556 392 552
f 552 567 568
f 368 568 569
f 557 575 570
f 554 760 559
f 559 760 752
f 559 752 571
f 573 560 402
f 560 572 402
f 756 390 391
f 391 565 574
f 574 565 566
f 398 574 566
f 394 582 398
f 394 584 582
f 569 751 557
f 557 751 575
f 570 575 404
f 554 558 771
f 571 752 577
f 579 578 577
f 400 577 578
f 577 400 571
f 401 571 400
f 571 401 572
f 578 579 580
f 402 572 401
f 402 580 579
f 402 403 580
f 591 561 562
f 562 742 581
f 756 391 574
f 574 398 582
f 583 582 584
f 576 399 575
f 399 576 586
f 759 586 576
f 586 759 587
f 404 575 399
f 771 587 759
f 587 771 405
f 570 405 771
f 405 570 404
f 570 771 558
f 400 588 396
f 578 588 400
f 597 580 403
f 591 403 561
f 766 582 589
f 589 582 583
f 593 584 585
f 595 594 405
f 594 587 405
f 590 595 588
f 597 588 578
f 578 580 597
f 597 403 591
f 592 583 584
f 592 584 783
f 783 584 593
f 593 585 586
f 586 587 594
f 596 590 588
f 786 597 591
f 593 586 594
f 593 594 598
f 598 594 595
f 785 595 590
f 599 590 596
f 786 591 781
f 601 600 596
f 601 596 588
f 601 588 597
f 601 597 602
f 602 597 786
f 603 795 605
f 607 605 795
f 607 795 611
f 611 795 604
f 606 610 801
f 410 606 605
f 407 410 605
f 407 605 607
f 407 607 408
f 608 611 604
f 607 611 408
f 609 619 612
f 808 612 613
f 614 611 608
f 616 812 610
f 417 610 606
f 417 606 410
f 609 442 619
f 416 611 614
f 614 608 615
f 616 631 812
f 616 610 417
f 612 620 613
f 612 426 620
f 620 617 613
f 614 615 621
f 621 615 618
f 618 615 626
f 989 626 615
f 619 419 420
f 619 420 612
f 612 420 412
f 612 412 413
f 426 612 413
f 620 428 617
f 617 622 621
f 617 428 622
f 622 614 621
f 614 622 422
f 624 422 622
f 422 624 423
f 625 423 624
f 423 625 618
f 623 618 625
f 618 623 621
f 423 618 626
f 819 626 989
f 619 442 425
f 619 425 419
f 421 426 413
f 426 427 620
f 620 427 428
f 622 428 624
f 624 428 434
f 626 819 253
f 635 817 630
f 630 817 627
f 630 627 631
f 437 631 616
f 628 633 442
f 442 431 425
f 428 268 434
f 435 630 631
f 633 439 440
f 633 440 442
f 442 440 441
f 634 434 269
f 444 629 825
f 638 635 630
f 638 630 446
f 446 630 445
f 632 463 628
f 628 448 633
f 633 448 439
f 641 444 827
f 451 450 635
f 451 635 638
f 451 649 452
f 649 451 642
f 638 642 451
f 638 446 643
f 643 446 644
f 452 644 446
f 644 452 649
f 639 460 636
f 632 462 463
f 471 640 269
f 640 471 646
f 647 641 827
f 832 647 827
f 466 829 637
f 648 649 642
f 823 650 645
f 639 458 460
f 636 460 461
f 636 461 462
f 636 462 632
f 646 471 655
f 651 829 466
f 652 653 648
f 648 653 649
f 649 653 644
f 650 654 468
f 823 654 650
f 650 468 457
f 650 457 469
f 650 469 645
f 645 476 639
f 639 476 458
f 655 471 482
f 657 838 655
f 647 836 465
f 836 647 832
f 479 656 466
f 656 651 466
f 652 472 473
f 653 652 473
f 653 473 474
f 653 474 475
f 653 475 644
f 644 475 654
f 654 475 468
f 655 482 657
f 657 664 838
f 479 658 656
f 657 482 484
f 659 657 484
f 657 659 664
f 465 836 665
f 665 836 840
f 660 656 658
f 486 661 479
f 662 479 661
f 479 662 658
f 658 662 660
f 661 670 472
f 652 661 472
f 483 663 303
f 659 484 303
f 663 659 303
f 664 659 663
f 656 487 676
f 487 656 660
f 666 660 662
f 667 660 666
f 660 667 486
f 661 486 667
f 661 667 670
f 674 663 483
f 664 663 843
f 668 665 840
f 667 666 669
f 667 669 670
f 674 483 490
f 843 663 674
f 671 665 668
f 490 846 674
f 672 671 668
f 669 494 670
f 846 490 673
f 672 675 671
f 669 495 494
f 673 307 491
f 496 673 491
f 677 673 496
f 673 677 850
f 673 850 846
f 679 675 672
f 493 680 676
f 669 852 681
f 681 495 669
f 499 678 498
f 851 492 675
f 851 675 679
f 676 682 688
f 682 676 680
f 504 682 680
f 681 852 685
f 685 501 681
f 502 683 677
f 678 854 503
f 688 682 684
f 686 504 685
f 504 686 682
f 857 682 686
f 682 857 684
f 690 501 685
f 331 506 683
f 331 683 502
f 505 684 689
f 689 684 857
f 689 690 504
f 685 504 690
f 690 508 501
f 507 687 856
f 856 692 507
f 688 684 505
f 688 505 695
f 690 689 871
f 506 693 691
f 692 863 694
f 512 695 505
f 871 698 690
f 698 508 690
f 693 509 697
f 511 694 863
f 512 696 695
f 509 515 697
f 697 515 702
f 699 511 863
f 699 863 1029
f 512 700 696
f 875 518 517
f 698 875 517
f 701 515 520
f 515 701 702
f 522 700 512
f 525 348 518
f 875 525 518
f 705 525 875
f 525 524 348
f 520 706 701
f 701 876 702
f 699 1029 879
f 522 704 703
f 705 875 709
f 876 701 706
f 878 699 879
f 529 704 522
f 709 526 705
f 711 712 706
f 706 712 883
f 529 708 704
f 721 528 359
f 721 359 713
f 528 710 711
f 528 721 710
f 712 711 535
f 1038 531 878
f 532 708 529
f 887 532 707
f 707 532 709
f 533 709 532
f 709 533 536
f 709 718 526
f 710 721 1044
f 715 714 1044
f 534 1044 714
f 1044 534 710
f 530 710 534
f 710 530 711
f 535 711 530
f 535 531 715
f 716 531 1038
f 717 708 532
f 717 890 536
f 890 717 887
f 532 887 717
f 893 536 890
f 893 709 536
f 713 720 721
f 714 722 534
f 531 716 894
f 714 531 894
f 715 531 714
f 725 717 536
f 709 893 718
f 726 720 713
f 723 896 722
f 723 722 714
f 723 714 894
f 717 725 724
f 893 732 718
f 726 719 729
f 896 539 360
f 727 724 725
f 729 537 541
f 1056 539 896
f 725 728 727
f 543 728 725
f 539 730 542
f 539 1056 730
f 728 733 731
f 733 728 543
f 908 545 718
f 541 741 729
f 718 732 908
f 735 546 545
f 740 541 540
f 541 740 741
f 730 734 542
f 733 543 737
f 737 543 374
f 545 908 735
f 735 550 546
f 547 551 550
f 734 742 542
f 736 734 730
f 738 908 907
f 738 735 908
f 735 738 563
f 735 746 550
f 735 563 746
f 550 746 547
f 739 740 573
f 737 374 743
f 743 374 544
f 738 744 544
f 544 744 743
f 738 907 744
f 745 744 907
f 745 746 564
f 563 564 746
f 912 547 746
f 912 910 547
f 547 910 548
f 747 566 556
f 548 747 556
f 910 747 548
f 747 567 566
f 748 568 567
f 748 567 747
f 402 753 573
f 753 739 573
f 740 780 741
f 754 741 780
f 749 742 734
f 755 744 745
f 743 744 755
f 755 745 564
f 564 756 755
f 747 910 748
f 748 750 568
f 751 569 568
f 751 576 575
f 771 760 554
f 761 752 760
f 753 579 577
f 753 402 579
f 740 739 780
f 742 780 581
f 780 742 754
f 749 754 742
f 754 749 762
f 734 736 917
f 574 773 756
f 750 748 757
f 750 758 568
f 568 758 926
f 568 926 751
f 751 759 576
f 762 581 780
f 581 762 763
f 763 762 749
f 772 734 917
f 764 755 756
f 773 921 764
f 756 773 764
f 773 574 765
f 582 766 574
f 589 767 766
f 583 750 589
f 757 589 750
f 589 757 767
f 768 767 757
f 768 769 592
f 758 592 769
f 592 758 583
f 750 583 758
f 758 769 926
f 759 751 770
f 759 770 771
f 771 770 760
f 761 778 752
f 577 752 779
f 577 779 753
f 581 763 562
f 763 781 562
f 772 749 734
f 763 749 772
f 773 765 774
f 574 775 765
f 776 766 767
f 776 767 768
f 592 776 768
f 926 777 751
f 761 760 934
f 778 779 752
f 753 779 739
f 739 937 780
f 562 781 591
f 781 763 772
f 775 574 766
f 783 766 776
f 776 592 783
f 784 783 593
f 595 785 598
f 596 778 599
f 935 599 778
f 599 935 600
f 936 600 935
f 779 600 936
f 600 779 596
f 778 596 779
f 779 936 939
f 779 939 940
f 779 940 739
f 782 781 772
f 782 772 932
f 784 593 598
f 785 590 599
f 785 599 600
f 601 785 600
f 786 781 782
f 785 601 602
f 787 786 788
f 787 602 786
f 788 786 946
f 946 786 782
f 790 794 789
f 603 794 790
f 603 790 795
f 797 790 791
f 795 790 797
f 603 792 793
f 796 792 603
f 603 793 794
f 797 791 798
f 798 791 967
f 796 799 800
f 605 796 603
f 795 797 604
f 797 802 604
f 802 797 798
f 801 796 606
f 801 799 796
f 606 796 605
f 810 808 806
f 804 604 802
f 802 798 804
f 610 807 801
f 804 608 604
f 805 609 810
f 808 813 806
f 806 813 803
f 812 807 610
f 805 818 609
f 810 609 612
f 810 612 808
f 815 608 804
f 809 811 985
f 815 809 985
f 804 809 815
f 808 613 813
f 608 815 615
f 815 985 814
f 1135 815 814
f 609 818 442
f 813 613 617
f 813 617 816
f 631 627 812
f 632 818 1133
f 818 628 442
f 615 815 989
f 632 1133 821
f 617 621 623
f 625 816 623
f 816 617 623
f 818 632 628
f 625 624 434
f 253 819 629
f 819 991 629
f 637 822 820
f 824 1143 634
f 991 825 629
f 637 820 450
f 450 820 635
f 635 820 817
f 632 821 639
f 632 639 636
f 634 269 824
f 824 269 640
f 444 825 995
f 444 995 827
f 829 822 637
f 821 823 645
f 821 645 639
f 640 646 826
f 833 832 828
f 648 642 638
f 830 648 638
f 830 638 643
f 830 643 644
f 830 644 654
f 830 654 823
f 832 827 828
f 651 834 829
f 996 652 648
f 646 655 831
f 831 655 835
f 836 832 833
f 836 833 837
f 996 1149 652
f 655 838 835
f 835 838 839
f 1149 842 661
f 1149 661 652
f 838 664 839
f 840 836 837
f 839 664 841
f 656 848 651
f 842 662 661
f 841 664 843
f 676 848 656
f 666 662 842
f 1006 669 666
f 845 843 674
f 674 847 845
f 668 844 672
f 847 674 846
f 1011 672 844
f 1006 852 669
f 846 1010 847
f 679 672 1011
f 676 1016 848
f 677 849 850
f 850 1013 846
f 851 499 492
f 688 1016 676
f 683 849 677
f 683 691 853
f 688 855 1016
f 852 857 686
f 1023 857 852
f 852 686 685
f 506 691 683
f 855 688 1022
f 857 1023 871
f 858 1017 693
f 693 1017 691
f 692 856 1018
f 1018 859 692
f 688 860 1022
f 695 860 688
f 871 689 857
f 692 859 863
f 863 859 1024
f 861 860 1178
f 695 864 860
f 693 697 862
f 862 697 866
f 868 860 864
f 1178 860 868
f 696 867 695
f 865 695 867
f 695 865 864
f 868 864 865
f 867 871 865
f 866 697 869
f 1027 863 1024
f 870 1178 868
f 871 875 698
f 869 697 702
f 1029 863 1027
f 1178 870 700
f 870 872 700
f 873 700 872
f 700 873 696
f 867 696 873
f 867 875 871
f 867 873 875
f 522 877 700
f 700 877 1178
f 873 872 874
f 702 876 869
f 873 874 703
f 877 882 1036
f 703 880 522
f 880 877 522
f 880 882 877
f 1035 880 874
f 703 874 880
f 703 704 881
f 703 881 873
f 881 709 875
f 881 875 873
f 706 883 876
f 1186 878 879
f 708 881 704
f 880 1035 882
f 881 707 709
f 885 883 712
f 1038 878 1186
f 1036 882 886
f 881 708 884
f 882 884 708
f 884 882 1035
f 707 881 884
f 535 1045 712
f 712 1045 885
f 717 886 708
f 708 886 882
f 707 884 887
f 887 884 1042
f 1045 715 1044
f 1045 535 715
f 1045 891 885
f 886 889 888
f 724 889 717
f 717 889 886
f 1042 890 887
f 1043 721 720
f 721 1043 1044
f 1191 716 1038
f 895 890 1042
f 895 893 890
f 1050 894 716
f 1050 716 1191
f 892 889 724
f 899 726 729
f 1052 723 894
f 727 897 724
f 895 898 893
f 732 893 898
f 1198 1056 896
f 1051 896 723
f 903 724 897
f 727 1054 897
f 1054 727 895
f 728 895 727
f 895 728 731
f 895 731 898
f 903 897 900
f 900 901 731
f 901 900 1054
f 897 1054 900
f 731 901 898
f 898 901 1060
f 741 899 729
f 899 741 904
f 730 1056 902
f 730 902 905
f 733 900 731
f 733 903 900
f 898 1060 732
f 1060 1206 732
f 908 732 1206
f 741 1061 904
f 905 736 730
f 736 905 906
f 733 1064 903
f 737 1064 733
f 908 1065 907
f 909 745 907
f 1065 909 907
f 909 746 745
f 754 915 741
f 741 915 1061
f 737 743 918
f 909 912 746
f 909 1065 912
f 915 754 762
f 915 916 1061
f 736 906 917
f 917 906 911
f 1065 1214 912
f 913 912 1214
f 912 922 910
f 912 914 922
f 1075 748 910
f 757 748 1075
f 927 915 762
f 1076 743 755
f 918 743 1076
f 755 919 1076
f 764 919 755
f 913 764 912
f 764 913 919
f 920 919 913
f 921 914 764
f 912 764 914
f 914 921 922
f 923 910 922
f 910 923 924
f 910 924 1075
f 925 768 757
f 1075 925 757
f 925 769 768
f 926 769 925
f 927 762 780
f 916 915 941
f 932 772 917
f 917 911 938
f 938 911 1067
f 938 1067 1074
f 928 919 920
f 773 928 921
f 928 920 921
f 773 929 928
f 774 929 773
f 765 923 774
f 774 923 929
f 930 929 923
f 930 931 775
f 924 775 931
f 775 924 765
f 923 765 924
f 1078 925 1075
f 770 751 777
f 760 770 1225
f 934 778 761
f 915 927 941
f 932 917 938
f 1076 919 928
f 929 1082 928
f 933 929 930
f 933 930 775
f 775 766 933
f 925 1078 926
f 926 1078 777
f 770 777 1225
f 934 935 778
f 937 739 940
f 780 937 1084
f 780 1084 927
f 927 1084 941
f 1082 929 933
f 1082 933 766
f 766 783 1082
f 760 1225 934
f 935 1087 936
f 935 934 1087
f 936 1087 939
f 940 943 937
f 932 950 782
f 1086 932 938
f 947 783 784
f 598 942 784
f 942 598 785
f 1225 1087 934
f 940 1088 943
f 944 943 1088
f 1083 937 945
f 937 943 945
f 937 1083 1084
f 950 946 782
f 950 932 1086
f 785 1091 942
f 602 1091 785
f 602 1095 1091
f 602 951 1095
f 787 951 602
f 944 787 943
f 787 944 948
f 788 943 787
f 943 788 945
f 949 945 788
f 945 949 948
f 951 787 948
f 951 948 949
f 1092 949 788
f 1092 788 946
f 952 946 1093
f 1093 946 950
f 951 949 1092
f 1092 946 952
f 1101 790 953
f 954 956 1102
f 955 953 789
f 789 953 790
f 790 1101 791
f 791 1101 1102
f 791 1102 956
f 956 954 957
f 796 959 792
f 793 792 953
f 793 953 955
f 793 960 794
f 960 793 1117
f 955 1117 793
f 955 789 961
f 961 789 962
f 794 962 789
f 962 794 960
f 962 963 961
f 967 791 956
f 800 958 796
f 796 958 959
f 970 1117 965
f 1117 806 960
f 963 962 964
f 967 956 968
f 968 956 973
f 973 956 957
f 973 957 969
f 970 965 966
f 1117 970 806
f 960 806 803
f 960 803 962
f 962 971 964
f 962 803 971
f 964 971 972
f 798 967 968
f 801 974 799
f 966 805 810
f 975 805 966
f 966 810 970
f 970 810 806
f 972 1126 976
f 977 798 968
f 977 968 973
f 801 981 974
f 805 975 978
f 971 803 982
f 971 1126 972
f 798 977 804
f 980 977 973
f 807 981 801
f 1126 971 982
f 804 977 809
f 977 984 809
f 984 977 979
f 979 977 980
f 812 981 807
f 813 987 803
f 803 987 982
f 1126 982 986
f 983 809 984
f 627 981 812
f 978 818 805
f 987 985 982
f 983 986 811
f 982 811 986
f 811 982 985
f 809 983 811
f 978 1133 818
f 986 983 814
f 985 987 814
f 814 983 1135
f 983 984 1135
f 1129 981 627
f 987 813 816
f 987 816 988
f 814 987 988
f 1135 989 815
f 817 1129 627
f 1137 821 1133
f 816 1139 988
f 820 1136 1132
f 820 1132 817
f 817 1132 1129
f 1143 1139 434
f 434 1139 625
f 1139 816 625
f 819 989 1138
f 822 1136 820
f 634 1143 434
f 1141 991 819
f 990 823 1137
f 1137 823 821
f 825 991 1144
f 1144 995 825
f 829 992 822
f 993 830 990
f 990 830 823
f 640 994 824
f 994 640 826
f 827 995 828
f 998 828 1146
f 829 834 992
f 996 648 993
f 993 648 830
f 826 646 997
f 997 646 831
f 833 828 998
f 1149 996 999
f 831 835 1001
f 833 998 837
f 837 998 1000
f 1001 835 839
f 1001 839 1002
f 1002 839 841
f 1154 837 1000
f 840 837 1154
f 668 840 1154
f 1004 841 843
f 1004 1156 841
f 1318 668 1154
f 848 1157 651
f 1003 666 842
f 845 1004 843
f 1005 844 668
f 668 1318 1005
f 1006 666 1003
f 1007 1004 845
f 1164 1157 848
f 1003 1162 1006
f 844 1005 1008
f 845 847 1007
f 1011 844 1008
f 1162 852 1006
f 1013 1010 846
f 1016 1012 848
f 848 1012 1009
f 1167 850 849
f 1013 850 1167
f 679 1325 851
f 1325 679 1011
f 1015 1170 1012
f 1023 1162 1172
f 1023 852 1162
f 499 851 1014
f 1014 851 1325
f 1015 1012 1016
f 678 499 854
f 1014 854 499
f 1327 1173 687
f 854 1327 687
f 1017 1480 691
f 1480 853 691
f 687 1173 856
f 1173 1018 856
f 1019 1015 1016
f 1022 1020 855
f 855 1020 1016
f 1174 1016 1020
f 1016 1174 1019
f 1175 1017 858
f 862 1175 858
f 861 1019 860
f 861 1015 1019
f 1021 1019 1174
f 1019 1021 860
f 1022 860 1021
f 1020 1022 1023
f 858 693 862
f 1022 1021 1026
f 1022 865 1023
f 1022 1026 865
f 865 871 1023
f 862 866 1176
f 1176 866 1025
f 1026 868 865
f 866 869 1025
f 1028 1025 869
f 1024 1336 1027
f 1030 870 868
f 1030 868 1026
f 1029 1027 1336
f 1030 872 870
f 1028 869 876
f 1028 876 1032
f 877 1031 1178
f 1030 874 872
f 877 1034 1031
f 874 1030 1033
f 876 883 1032
f 1036 1034 877
f 874 1033 1035
f 1034 1036 1188
f 1033 884 1035
f 885 1037 883
f 885 1190 1037
f 1039 1033 1040
f 1033 1042 884
f 1033 1039 1042
f 1190 885 891
f 1038 1186 1191
f 888 1036 886
f 888 1053 1036
f 1041 888 1040
f 1040 888 1039
f 889 1039 888
f 1039 889 1047
f 1039 1047 1042
f 1045 1044 1049
f 891 1045 1193
f 891 1193 1190
f 1046 1053 888
f 892 1047 889
f 1046 1047 892
f 1047 1046 1041
f 888 1041 1046
f 1048 1042 1047
f 1048 895 1042
f 1043 1049 1044
f 1050 1052 894
f 1050 1191 1194
f 724 1053 892
f 892 1053 1046
f 1197 726 1055
f 726 1197 720
f 1052 1051 723
f 1508 1057 1048
f 1048 1054 895
f 1057 1054 1048
f 1055 726 899
f 896 1051 1198
f 724 1058 1053
f 904 1055 899
f 1198 902 1056
f 903 1058 724
f 1057 901 1054
f 1060 901 1057
f 902 1059 905
f 905 1059 906
f 1058 903 1064
f 1061 1066 1062
f 1059 911 906
f 1059 1063 911
f 1065 908 1206
f 911 1063 1067
f 1067 1063 1209
f 1213 1064 737
f 1061 916 1066
f 1067 1209 1069
f 918 1213 737
f 916 1072 1066
f 1066 1072 1068
f 1074 1067 1069
f 1216 920 913
f 1214 1216 913
f 1216 921 920
f 1071 922 921
f 1071 921 1216
f 1071 923 922
f 916 941 1072
f 1068 1073 1070
f 1068 1072 1073
f 1071 930 923
f 1218 924 931
f 1218 931 930
f 1075 924 1218
f 1072 941 1073
f 1070 1073 1215
f 1077 1074 1069
f 1081 1074 1077
f 918 1076 1223
f 1076 928 1082
f 930 1071 1218
f 941 1079 1219
f 941 1219 1073
f 1074 1081 938
f 1075 1218 1078
f 1079 941 1084
f 1219 1080 1073
f 938 1081 1086
f 783 947 1082
f 777 1078 1225
f 1087 940 939
f 1079 1222 1219
f 1087 1088 940
f 1228 948 944
f 1088 1228 944
f 1083 945 948
f 1228 1083 948
f 1084 1222 1079
f 950 1089 1093
f 1086 1089 950
f 1089 1086 1085
f 1086 1081 1085
f 1090 1224 947
f 784 1090 947
f 1090 784 942
f 1090 942 1094
f 1094 942 1091
f 1094 1091 1234
f 1095 951 1092
f 1092 952 1096
f 1096 952 1231
f 1231 952 1093
f 1391 1095 1092
f 1391 1092 1096
f 1105 1106 1104
f 1097 1106 1098
f 954 1106 1097
f 954 1097 1109
f 1109 1097 1099
f 1108 1107 1099
f 953 1100 1101
f 1102 1103 1104
f 1102 1104 954
f 954 1104 1106
f 1109 1099 1107
f 1109 1107 957
f 957 1107 1258
f 959 1111 792
f 1111 1261 792
f 1111 1110 1261
f 792 1261 1100
f 792 1100 953
f 1118 1119 1265
f 954 1109 957
f 957 1258 1114
f 1120 1258 1272
f 1114 1258 1120
f 958 800 1110
f 958 966 959
f 966 958 1115
f 1110 1115 958
f 1111 1115 1110
f 1115 1111 1271
f 959 1271 1111
f 1271 959 1116
f 1116 959 966
f 1112 1117 955
f 1112 955 961
f 961 963 1113
f 1113 963 964
f 1113 964 1118
f 1114 969 957
f 969 1114 1120
f 974 1270 799
f 799 1270 800
f 975 966 1115
f 1116 966 965
f 1112 965 1117
f 1118 964 972
f 1118 972 1121
f 1118 1121 1119
f 1119 1121 1124
f 1119 1124 1275
f 975 1274 1123
f 1121 972 976
f 1275 1124 1278
f 1122 969 1120
f 1123 978 975
f 1121 976 1125
f 1121 1125 1124
f 969 980 973
f 980 969 1122
f 1284 974 981
f 978 1123 1421
f 976 1126 1128
f 1125 976 1128
f 1125 1279 1124
f 1129 1284 981
f 980 1288 979
f 1127 980 1122
f 1285 978 1421
f 1126 986 1134
f 1128 1126 1134
f 984 979 1130
f 1131 979 1288
f 1288 980 1127
f 1285 1137 1133
f 1285 1133 978
f 814 1134 986
f 1130 1135 984
f 1130 1295 1135
f 988 1134 814
f 1135 1579 989
f 1135 1295 1579
f 1579 1138 989
f 1140 1139 1143
f 819 1138 1141
f 1448 991 1141
f 991 1712 1144
f 1448 1712 991
f 1145 995 1144
f 1142 999 996
f 1142 996 993
f 828 995 1145
f 828 1145 1146
f 1145 1148 1146
f 994 826 1147
f 1147 826 997
f 1146 1148 998
f 998 1148 1151
f 1152 992 834
f 997 831 1150
f 1150 831 1001
f 1000 998 1151
f 1150 1001 1002
f 1150 1002 1307
f 1309 1307 1002
f 651 1311 834
f 834 1311 1152
f 1154 1000 1151
f 1154 1151 1153
f 651 1157 1311
f 1149 1591 842
f 842 1591 1314
f 1002 841 1309
f 1155 1154 1153
f 841 1156 1309
f 1318 1154 1155
f 1314 1003 842
f 1159 1156 1004
f 1318 1158 1005
f 1007 1159 1004
f 1005 1158 1160
f 1161 1159 1007
f 1160 1008 1005
f 1009 1164 848
f 1007 847 1163
f 1007 1163 1161
f 1009 1165 1164
f 1323 1163 1010
f 847 1010 1163
f 1168 1011 1008
f 1012 1171 1009
f 1166 1009 1171
f 1009 1166 1165
f 1166 1171 1162
f 1167 1604 1013
f 1010 1013 1323
f 1013 1604 1323
f 1325 1011 1168
f 1015 1165 1170
f 1015 1164 1165
f 1169 1165 1166
f 1165 1169 1170
f 1171 1012 1170
f 1171 1172 1162
f 683 853 849
f 853 1167 849
f 1170 1169 1172
f 1170 1172 1171
f 1327 854 1014
f 1321 1015 1339
f 1017 1329 1480
f 1017 1175 1329
f 1018 1173 1737
f 1174 1172 1328
f 1172 1174 1020
f 1172 1020 1023
f 1331 1175 862
f 859 1018 1330
f 861 1339 1015
f 1328 1021 1174
f 862 1176 1331
f 859 1332 1024
f 1328 1026 1021
f 1179 1176 1025
f 1024 1332 1336
f 1178 1339 861
f 1328 1030 1026
f 1025 1028 1179
f 1177 1336 1488
f 1177 1029 1336
f 1180 1339 1178
f 1028 1032 1179
f 1181 1180 1178
f 1031 1181 1178
f 1495 879 1029
f 1495 1029 1177
f 1182 1180 1181
f 1034 1183 1031
f 1184 1031 1183
f 1031 1184 1181
f 1181 1184 1182
f 1184 1183 1341
f 1183 1033 1030
f 883 1185 1032
f 1186 879 1495
f 1192 1180 1187
f 1187 1180 1182
f 1188 1187 1182
f 1189 1034 1188
f 1189 1183 1034
f 1189 1033 1183
f 883 1037 1185
f 1192 1187 1036
f 1036 1187 1188
f 1346 1186 1497
f 1348 1040 1033
f 1348 1033 1189
f 1186 1346 1191
f 1348 1041 1040
f 1193 1045 1049
f 1349 1191 1346
f 1192 1053 1196
f 1036 1053 1192
f 1041 1048 1047
f 1193 1049 1351
f 1194 1191 1349
f 1048 1041 1348
f 1197 1195 720
f 720 1195 1043
f 1043 1195 1352
f 1043 1352 1049
f 1200 1051 1052
f 1052 1353 1200
f 1052 1050 1353
f 1353 1050 1194
f 1058 1196 1053
f 1198 1051 1355
f 1199 1051 1200
f 1055 1201 1197
f 904 1201 1055
f 902 1198 1202
f 1203 1057 1508
f 1201 904 1061
f 1062 1201 1061
f 1202 1059 902
f 1059 1202 1204
f 1063 1059 1204
f 1204 1359 1063
f 1204 1357 1359
f 1064 1205 1058
f 1206 1060 1057
f 1207 1062 1066
f 1063 1359 1209
f 1209 1359 1361
f 1203 1516 1057
f 1057 1516 1206
f 1207 1066 1208
f 1064 1364 1205
f 1206 1516 1365
f 1208 1066 1068
f 1208 1068 1070
f 1208 1070 1210
f 1209 1361 1069
f 1212 1064 1213
f 1364 1064 1212
f 1206 1365 1065
f 1365 1214 1065
f 1210 1070 1366
f 1069 1361 1211
f 1070 1215 1366
f 1365 1369 1214
f 1369 1216 1214
f 1215 1217 1366
f 1221 1069 1211
f 1212 1213 918
f 1218 1071 1216
f 1080 1215 1073
f 1215 1080 1217
f 1221 1077 1069
f 1080 1220 1217
f 1082 1223 1076
f 1657 1078 1218
f 1227 1219 1222
f 1219 1227 1080
f 1081 1077 1376
f 1376 1077 1221
f 1377 1223 1082
f 947 1377 1082
f 947 1224 1377
f 1530 1225 1078
f 1087 1225 1226
f 1222 1229 1227
f 1081 1376 1085
f 1530 1378 1225
f 1226 1225 1378
f 1379 1087 1226
f 1386 1088 1087
f 1382 1083 1228
f 1382 1084 1083
f 1383 1084 1382
f 1383 1222 1084
f 1094 1233 1090
f 1386 1087 1379
f 1088 1386 1228
f 1222 1383 1229
f 1089 1230 1093
f 1230 1089 1232
f 1232 1089 1085
f 1232 1085 1376
f 1095 1234 1091
f 1228 1386 1382
f 1093 1237 1231
f 1230 1237 1093
f 1390 1233 1094
f 1390 1094 1234
f 1238 1234 1095
f 1391 1238 1095
f 1096 1236 1235
f 1391 1096 1235
f 1236 1096 1231
f 1395 1240 1239
f 1397 1245 1244
f 1246 1098 1245
f 1246 1245 1397
f 1097 1098 1246
f 1097 1246 1239
f 1097 1239 1240
f 1097 1240 1099
f 1247 1240 1395
f 1100 1241 1101
f 1101 1241 1242
f 1101 1242 1102
f 1102 1242 1103
f 1103 1242 1243
f 1103 1265 1104
f 1265 1103 1250
f 1243 1250 1103
f 1250 1243 1251
f 1244 1251 1243
f 1266 1104 1265
f 1104 1266 1244
f 1251 1244 1266
f 1104 1244 1105
f 1105 1244 1245
f 1105 1252 1106
f 1252 1105 1245
f 1245 1098 1253
f 1106 1253 1098
f 1253 1106 1252
f 1254 1255 1253
f 1255 1240 1256
f 1240 1255 1099
f 1254 1099 1255
f 1108 1099 1254
f 1108 1257 1247
f 1256 1247 1257
f 1247 1256 1240
f 1108 1247 1107
f 1107 1247 1395
f 1107 1395 1248
f 1107 1248 1258
f 1248 1249 1408
f 1259 1248 1408
f 1258 1248 1259
f 1265 1250 1264
f 1265 1267 1266
f 1267 1252 1245
f 1267 1119 1252
f 1253 1252 1254
f 1257 1108 1268
f 1108 1254 1268
f 1259 1272 1258
f 1272 1259 1260
f 1272 1260 1269
f 800 1270 1110
f 1110 1270 1261
f 1262 1112 1263
f 1263 1112 961
f 1263 961 1113
f 1263 1113 1264
f 1264 1113 1118
f 1264 1118 1265
f 1267 1265 1119
f 1252 1119 1254
f 1254 1275 1268
f 1268 1275 1276
f 1270 974 1277
f 1271 1116 965
f 1271 965 1112
f 1254 1119 1275
f 1272 1269 1417
f 1273 1274 975
f 1273 975 1115
f 1275 1280 1276
f 1275 1278 1280
f 1122 1120 1272
f 1122 1272 1417
f 1281 1122 1417
f 974 1423 1277
f 1279 1278 1124
f 1278 1279 1280
f 1284 1423 974
f 1280 1279 1424
f 1282 1122 1281
f 1285 1421 1568
f 1287 1125 1128
f 1125 1287 1279
f 1279 1287 1428
f 1279 1428 1424
f 1122 1282 1127
f 1422 1286 1283
f 1284 1286 1422
f 1287 1291 1439
f 1287 1128 1291
f 1127 1289 1288
f 1289 1282 1429
f 1127 1282 1289
f 1290 1286 1129
f 1129 1286 1284
f 1437 1137 1568
f 1568 1137 1285
f 1291 1128 1134
f 979 1440 1130
f 1131 1440 979
f 1131 1292 1440
f 1288 1293 1131
f 1131 1293 1292
f 1293 1288 1289
f 1136 1434 1132
f 1132 1290 1129
f 1134 1442 1291
f 1707 1291 1442
f 1707 1439 1291
f 1130 1440 1295
f 1294 990 1437
f 1437 990 1137
f 988 1442 1134
f 992 1445 1575
f 992 1575 1136
f 992 1136 822
f 1294 993 990
f 1139 1442 988
f 1296 999 1142
f 1294 1142 993
f 1141 1447 1448
f 1297 1144 1712
f 1299 999 1296
f 1140 1143 1300
f 824 1300 1143
f 824 1301 1300
f 1145 1144 1297
f 1145 1298 1303
f 1457 1304 1303
f 992 1152 1445
f 824 994 1301
f 994 1302 1301
f 1302 994 1147
f 1305 1302 1147
f 1145 1303 1148
f 1148 1303 1304
f 1148 1304 1461
f 1149 1299 1591
f 1299 1149 999
f 1147 997 1150
f 1147 1150 1306
f 1306 1150 1307
f 1307 1310 1456
f 1148 1461 1151
f 1151 1461 1153
f 1153 1461 1463
f 1307 1309 1310
f 1308 1153 1463
f 1309 1312 1310
f 1312 1153 1310
f 1308 1310 1153
f 1309 1315 1312
f 1153 1312 1155
f 1316 1155 1312
f 1155 1316 1313
f 1308 1313 1316
f 1313 1308 1463
f 1463 1466 1313
f 1156 1315 1309
f 1316 1312 1315
f 1318 1155 1313
f 1317 1313 1466
f 1156 1319 1315
f 1319 1316 1315
f 1313 1317 1471
f 1313 1471 1318
f 1158 1318 1471
f 1319 1156 1159
f 1475 1319 1159
f 1320 1158 1471
f 1322 1162 1003
f 1322 1003 1314
f 1160 1158 1320
f 1164 1321 1157
f 1159 1161 1475
f 1476 1008 1160
f 1476 1160 1320
f 1168 1008 1476
f 1015 1321 1164
f 1322 1166 1162
f 1604 1167 1478
f 1325 1168 1606
f 1324 1169 1166
f 1324 1166 1322
f 1478 1167 1326
f 1326 1167 853
f 1014 1479 1327
f 1479 1014 1325
f 1324 1172 1169
f 1480 1326 853
f 1328 1172 1324
f 1737 1330 1018
f 1331 1739 1175
f 859 1330 1332
f 1482 1483 1332
f 1339 1333 1321
f 1335 1331 1176
f 1334 1335 1176
f 1332 1483 1336
f 1339 1491 1333
f 1334 1176 1179
f 1336 1483 1488
f 1339 1337 1491
f 1487 1030 1328
f 1334 1179 1338
f 1338 1179 1340
f 1488 1492 1177
f 1487 1623 1341
f 1341 1183 1030
f 1341 1030 1487
f 1179 1343 1340
f 1179 1032 1343
f 1180 1345 1339
f 1032 1185 1343
f 1177 1492 1495
f 1192 1345 1180
f 1341 1342 1184
f 1347 1182 1184
f 1347 1184 1342
f 1497 1186 1495
f 1347 1188 1182
f 1347 1189 1188
f 1037 1344 1185
f 1499 1344 1037
f 1190 1193 1037
f 1500 1037 1193
f 1499 1037 1500
f 1192 1350 1345
f 1348 1347 1624
f 1348 1189 1347
f 1196 1350 1192
f 1348 1624 1505
f 1193 1351 1500
f 1049 1352 1501
f 1353 1194 1502
f 1048 1348 1505
f 1195 1197 1354
f 1199 1355 1051
f 1355 1199 1637
f 1356 1199 1200
f 1353 1356 1200
f 1505 1508 1048
f 1201 1636 1197
f 1636 1354 1197
f 1506 1198 1355
f 1771 1357 1204
f 1205 1196 1058
f 1358 1062 1207
f 1359 1357 1639
f 1639 1511 1359
f 1358 1207 1208
f 1358 1208 1360
f 1361 1359 1511
f 1508 1516 1203
f 1360 1208 1210
f 1360 1210 1362
f 1515 1361 1511
f 1211 1361 1515
f 1211 1515 1363
f 1366 1362 1210
f 1362 1366 1367
f 1366 1217 1367
f 1367 1217 1523
f 1363 1221 1211
f 1217 1220 1523
f 1221 1363 1370
f 1363 1368 1370
f 1371 1212 918
f 918 1223 1371
f 1369 1653 1216
f 1528 1218 1216
f 1216 1653 1528
f 1657 1218 1528
f 1372 1080 1375
f 1372 1220 1080
f 1372 1523 1220
f 1660 1078 1657
f 1660 1530 1078
f 1375 1080 1227
f 1373 1376 1221
f 1374 1227 1229
f 1227 1374 1375
f 1090 1381 1224
f 1374 1662 1375
f 1376 1532 1232
f 1532 1376 1373
f 1385 1381 1090
f 1378 1802 1226
f 1226 1802 1536
f 1226 1536 1379
f 1379 1536 1386
f 1533 1383 1384
f 1383 1533 1229
f 1229 1533 1374
f 1374 1533 1534
f 1232 1389 1230
f 1232 1532 1389
f 1385 1090 1233
f 1536 1537 1386
f 1386 1537 1382
f 1382 1537 1538
f 1388 1387 1538
f 1235 1538 1387
f 1538 1235 1382
f 1236 1382 1235
f 1382 1236 1383
f 1383 1236 1384
f 1388 1384 1236
f 1231 1392 1236
f 1236 1392 1388
f 1237 1392 1231
f 1237 1230 1539
f 1539 1230 1389
f 1390 1234 1543
f 1238 1543 1234
f 1387 1388 1392
f 1547 1238 1391
f 1544 1391 1235
f 1394 1242 1550
f 1394 1246 1393
f 1246 1394 1239
f 1396 1395 1239
f 1241 1550 1242
f 1243 1242 1244
f 1244 1242 1394
f 1244 1394 1397
f 1397 1394 1393
f 1393 1398 1397
f 1398 1393 1399
f 1399 1393 1401
f 1246 1401 1393
f 1401 1246 1400
f 1400 1246 1397
f 1248 1395 1396
f 1551 1402 1249
f 1551 1249 1248
f 1396 1551 1248
f 1551 1403 1402
f 1404 1403 1551
f 1404 1557 1260
f 1405 1241 1100
f 1250 1251 1406
f 1398 1245 1397
f 1397 1245 1253
f 1397 1253 1400
f 1400 1253 1255
f 1400 1255 1256
f 1268 1555 1257
f 1268 1407 1555
f 1402 1407 1249
f 1408 1249 1407
f 1408 1409 1259
f 1410 1259 1409
f 1259 1410 1403
f 1402 1403 1410
f 1259 1403 1404
f 1259 1404 1260
f 1405 1270 1414
f 1270 1405 1261
f 1261 1405 1100
f 1262 1263 1406
f 1263 1264 1406
f 1406 1264 1250
f 1266 1267 1398
f 1398 1267 1245
f 1276 1407 1268
f 1408 1407 1276
f 1408 1276 1409
f 1409 1276 1412
f 1260 1557 1269
f 1269 1557 1413
f 1413 1557 1561
f 1559 1271 1112
f 1559 1112 1262
f 1277 1414 1270
f 1411 1274 1273
f 1411 1273 1115
f 1411 1115 1271
f 1415 1412 1276
f 1412 1415 1416
f 1413 1417 1269
f 1277 1418 1414
f 1280 1415 1276
f 1420 1417 1413
f 1423 1418 1277
f 1281 1417 1420
f 1419 1421 1123
f 1280 1424 1566
f 1280 1566 1415
f 1423 1422 1426
f 1419 1568 1421
f 1566 1424 1570
f 1281 1420 1282
f 1420 1425 1282
f 1427 1426 1283
f 1283 1426 1422
f 1284 1422 1423
f 1438 1424 1428
f 1438 1570 1424
f 1282 1425 1429
f 1132 1434 1426
f 1132 1426 1290
f 1290 1426 1427
f 1290 1436 1286
f 1436 1290 1430
f 1427 1430 1290
f 1427 1283 1431
f 1431 1283 1432
f 1286 1432 1283
f 1432 1286 1436
f 1432 1569 1431
f 1576 1287 1439
f 1577 1287 1576
f 1577 1428 1287
f 1433 1428 1577
f 1438 1428 1433
f 1432 1437 1569
f 1432 1436 1437
f 1433 1578 1438
f 1573 1289 1429
f 1575 1434 1136
f 1435 1294 1430
f 1430 1294 1436
f 1436 1294 1437
f 1293 1441 1292
f 1293 1289 1441
f 1296 1142 1844
f 1142 1294 1435
f 1440 1579 1295
f 1443 1440 1292
f 1443 1292 1580
f 1580 1292 1444
f 1444 1292 1441
f 1575 1445 1446
f 1579 1582 1138
f 1140 1711 1139
f 1582 1141 1138
f 1582 1447 1141
f 1145 1584 1298
f 1297 1584 1145
f 1584 1449 1298
f 1451 1450 1449
f 1455 1449 1588
f 1449 1455 1298
f 1456 1298 1455
f 1298 1456 1303
f 1457 1303 1456
f 1457 1458 1450
f 1588 1450 1458
f 1450 1588 1449
f 1457 1450 1304
f 1304 1450 1451
f 1461 1451 1452
f 1304 1451 1461
f 1717 1461 1452
f 1446 1152 1465
f 1152 1446 1445
f 1302 1305 1453
f 1305 1147 1454
f 1454 1147 1306
f 1454 1306 1455
f 1456 1455 1306
f 1457 1460 1458
f 1457 1456 1460
f 1461 1717 1592
f 1307 1456 1306
f 1460 1456 1310
f 1459 1460 1310
f 1463 1461 1592
f 1311 1465 1152
f 1464 1459 1310
f 1459 1464 1462
f 1462 1464 1468
f 1463 1592 1466
f 1595 1314 1591
f 1467 1310 1308
f 1464 1310 1467
f 1468 1464 1467
f 1467 1308 1316
f 1467 1316 1470
f 1468 1467 1597
f 1597 1467 1470
f 1317 1466 1469
f 1470 1316 1319
f 1472 1470 1319
f 1317 1469 1600
f 1471 1317 1600
f 1474 1311 1157
f 1475 1473 1319
f 1319 1473 1472
f 1729 1322 1314
f 1321 1474 1157
f 1475 1161 1603
f 1608 1474 1321
f 1477 1161 1163
f 1161 1477 1603
f 1323 1477 1163
f 1324 1322 1729
f 1604 1605 1323
f 1325 1606 1479
f 1610 1326 1480
f 1327 1611 1173
f 1321 1484 1608
f 1614 1329 1175
f 1614 1175 1739
f 1330 1737 1612
f 1333 1484 1321
f 1739 1331 1481
f 1482 1332 1330
f 1617 1483 1482
f 1333 1486 1484
f 1328 1616 1487
f 1483 1617 1620
f 1489 1484 1486
f 1491 1485 1333
f 1486 1333 1485
f 1486 1621 1489
f 1486 1485 1616
f 1485 1487 1616
f 1492 1483 1620
f 1488 1483 1492
f 1484 1489 1494
f 1490 1489 1621
f 1489 1490 1337
f 1491 1337 1490
f 1338 1340 1493
f 1339 1494 1337
f 1337 1494 1489
f 1491 1490 1623
f 1491 1623 1485
f 1485 1623 1487
f 1345 1494 1339
f 1493 1340 1343
f 1492 1752 1495
f 1342 1341 1623
f 1495 1752 1755
f 1345 1496 1494
f 1622 1343 1185
f 1497 1495 1755
f 1344 1625 1185
f 1344 1499 1625
f 1497 1498 1346
f 1627 1345 1350
f 1500 1762 1499
f 1629 1349 1346
f 1498 1629 1346
f 1764 1505 1624
f 1049 1501 1351
f 1502 1194 1349
f 1631 1763 1352
f 1352 1763 1501
f 1632 1353 1502
f 1195 1354 1635
f 1352 1195 1765
f 1199 1503 1637
f 1356 1503 1199
f 1504 1356 1353
f 1504 1353 1632
f 1644 1350 1196
f 1506 1202 1198
f 1506 1204 1202
f 1506 1771 1204
f 1509 1636 1201
f 1062 1509 1201
f 1358 1509 1062
f 1357 1771 1507
f 1357 1507 1639
f 1205 1644 1196
f 1360 1510 1358
f 1512 1510 1360
f 1514 1644 1205
f 1640 1516 1508
f 1512 1360 1362
f 1515 1511 1513
f 1517 1362 1367
f 1515 1513 1363
f 1513 1646 1363
f 1518 1516 1640
f 1518 1365 1516
f 1517 1367 1520
f 1519 1363 1646
f 1519 1646 1648
f 1364 1650 1205
f 1650 1364 1212
f 1363 1519 1368
f 1365 1518 1649
f 1367 1523 1520
f 1520 1523 1521
f 1521 1368 1520
f 1519 1520 1368
f 1520 1519 1522
f 1522 1519 1648
f 1649 1781 1365
f 1781 1369 1365
f 1368 1521 1370
f 1651 1370 1521
f 1370 1651 1524
f 1522 1524 1651
f 1524 1522 1648
f 1524 1648 1525
f 1652 1650 1212
f 1212 1371 1652
f 1781 1653 1369
f 1523 1372 1651
f 1523 1651 1521
f 1659 1651 1372
f 1373 1221 1524
f 1524 1221 1370
f 1373 1524 1525
f 1371 1527 1526
f 1527 1371 1223
f 1372 1531 1659
f 1658 1527 1223
f 1531 1372 1375
f 1529 1373 1525
f 1658 1223 1377
f 1224 1380 1377
f 1657 1799 1660
f 1801 1378 1530
f 1662 1374 1534
f 1531 1375 1662
f 1373 1529 1532
f 1224 1381 1380
f 1530 1660 1661
f 1530 1661 1801
f 1378 1801 1802
f 1535 1532 1529
f 1542 1233 1390
f 1388 1538 1668
f 1384 1388 1533
f 1388 1668 1533
f 1533 1668 1665
f 1533 1665 1534
f 1389 1540 1539
f 1540 1389 1532
f 1540 1532 1541
f 1541 1532 1535
f 1808 1385 1233
f 1808 1233 1542
f 1537 1667 1538
f 1544 1235 1387
f 1392 1544 1387
f 1237 1544 1392
f 1237 1539 1544
f 1545 1539 1540
f 1546 1543 1238
f 1547 1391 1544
f 1546 1238 1547
f 1549 1394 1548
f 1552 1820 1550
f 1550 1820 1394
f 1820 1548 1394
f 1394 1549 1239
f 1549 1396 1239
f 1549 1675 1396
f 1675 1551 1396
f 1676 1404 1551
f 1676 1551 1675
f 1823 1552 1241
f 1241 1552 1550
f 1398 1399 1553
f 1554 1399 1401
f 1556 1401 1400
f 1556 1554 1401
f 1556 1400 1256
f 1555 1556 1256
f 1680 1556 1555
f 1682 1561 1557
f 1405 1683 1823
f 1405 1823 1241
f 1262 1558 1559
f 1559 1558 1828
f 1558 1262 1406
f 1558 1406 1679
f 1679 1406 1251
f 1679 1251 1553
f 1553 1251 1266
f 1553 1266 1398
f 1257 1555 1256
f 1680 1555 1407
f 1402 1680 1407
f 1410 1680 1402
f 1687 1405 1414
f 1410 1409 1412
f 1410 1412 1560
f 1560 1412 1416
f 1563 1560 1416
f 1561 1682 1688
f 1684 1411 1559
f 1559 1411 1271
f 1561 1688 1413
f 1418 1562 1414
f 1274 1411 1564
f 1416 1565 1563
f 1563 1565 1690
f 1685 1563 1690
f 1564 1123 1274
f 1415 1565 1416
f 1688 1420 1413
f 1420 1688 1836
f 1564 1419 1123
f 1415 1566 1565
f 1565 1566 1690
f 1836 1696 1420
f 1423 1567 1418
f 1694 1419 1564
f 1426 1567 1423
f 1694 1568 1419
f 1420 1843 1425
f 1420 1696 1843
f 1434 1693 1426
f 1426 1693 1567
f 1694 1569 1437
f 1694 1437 1568
f 1438 1697 1570
f 1572 1430 1427
f 1572 1427 1431
f 1438 1574 1697
f 1573 1429 1425
f 1573 1425 1843
f 1575 1571 1434
f 1435 1430 1572
f 1578 1433 1577
f 1578 1574 1438
f 1844 1142 1435
f 1577 1704 1578
f 1289 1705 1441
f 1702 1705 1289
f 1702 1289 1573
f 1844 1700 1296
f 1440 1443 1579
f 1444 1441 1705
f 1700 1581 1296
f 1139 1707 1442
f 1711 1707 1139
f 1582 1579 1443
f 1585 1452 1709
f 1585 1852 1452
f 1581 1299 1296
f 1300 1711 1140
f 1719 1711 1300
f 1447 1586 1448
f 1448 1586 1712
f 1586 1999 1712
f 1712 1583 1297
f 1297 1583 1584
f 1449 1584 1451
f 1451 1584 1709
f 1451 1709 1452
f 1717 1452 1852
f 1581 1591 1299
f 1301 1719 1300
f 1587 1301 1302
f 1453 1587 1302
f 1713 1453 1305
f 1713 1305 1454
f 1714 1713 1454
f 1714 1454 1455
f 1714 1455 1588
f 1589 1588 1458
f 1589 1458 1460
f 1589 1460 1459
f 1589 1459 1590
f 1590 1459 1593
f 1459 1462 1593
f 1593 1462 1594
f 1462 1468 1594
f 1468 1597 1594
f 1596 1466 1592
f 1598 1465 1311
f 1466 1596 1469
f 1598 1311 1601
f 1599 1314 1595
f 1601 1311 1474
f 1869 1471 1600
f 1869 1320 1471
f 1729 1314 1599
f 1475 1602 1473
f 1727 1320 1869
f 1475 1603 1602
f 1476 1320 1727
f 1605 1477 1323
f 1874 1168 1476
f 1604 1478 2014
f 1168 1874 1606
f 1729 1878 1609
f 1609 1324 1729
f 1326 1732 1478
f 1606 1607 1479
f 1609 1328 1324
f 1611 1327 1479
f 1607 1611 1479
f 1611 1877 1173
f 1877 1737 1173
f 1484 1613 1608
f 1612 1482 1330
f 1484 1615 1613
f 1616 1328 1609
f 1331 1335 1481
f 1618 1746 1615
f 1484 1618 1615
f 1747 1616 1609
f 1335 1334 1745
f 1620 1617 1883
f 1748 1620 1883
f 1616 1621 1486
f 1747 1621 1616
f 1334 1338 1619
f 1493 1619 1338
f 1493 1750 1619
f 1484 1494 1618
f 1621 1747 1490
f 1620 1748 1752
f 1493 1343 1750
f 1752 1492 1620
f 1750 1343 1754
f 1343 1622 1754
f 1623 1490 1624
f 1624 1347 1342
f 1624 1342 1623
f 1625 1622 1185
f 1497 1755 1894
f 1498 1497 1894
f 1345 1627 1496
f 1626 1625 1499
f 1499 1761 1626
f 1624 1628 1764
f 1499 1762 1761
f 1629 1498 1760
f 1630 1351 1501
f 1500 1351 1630
f 1500 1630 1762
f 1502 1349 1629
f 1763 1899 1501
f 1501 1899 1630
f 1633 1632 1502
f 1633 1502 1897
f 1635 1765 1195
f 1352 1765 1631
f 1503 1356 1768
f 1769 1350 1644
f 1638 1634 1354
f 1638 1354 1636
f 1355 1770 1506
f 1355 1637 1770
f 1771 1506 1770
f 1509 1638 1636
f 1774 1358 1510
f 1774 1509 1358
f 1639 1507 1772
f 1772 1775 1639
f 1505 1640 1508
f 1512 1641 1510
f 1511 1639 1775
f 1775 1642 1511
f 1511 1642 1513
f 1512 1362 1517
f 1513 1643 1646
f 1645 1517 1777
f 1777 1517 1520
f 1777 1520 1647
f 1915 1514 1650
f 1514 1205 1650
f 1648 1646 1911
f 1647 1520 1522
f 1654 1647 1522
f 1778 1648 1911
f 1654 1522 1651
f 1525 1648 1778
f 1659 1782 1651
f 1654 1651 1782
f 1778 1783 1525
f 1787 1371 1526
f 1655 1526 1656
f 1656 1526 1527
f 1653 1790 1528
f 1928 1657 1528
f 1529 1525 1785
f 1656 1527 1658
f 1928 1796 1657
f 1799 1657 1796
f 1659 1531 1797
f 1798 1658 1377
f 1380 1798 1377
f 1665 1662 1534
f 1531 1662 1805
f 1805 1797 1531
f 1535 1529 1785
f 1385 1663 1381
f 1810 1536 1802
f 1664 1665 1668
f 1662 1665 1804
f 1808 1663 1385
f 1536 1810 1537
f 1810 1666 1537
f 1667 1668 1538
f 1671 1544 1539
f 1545 1671 1539
f 1669 1545 1540
f 1669 1540 1541
f 1808 1542 1809
f 1809 1542 1390
f 1672 1809 1390
f 1543 1672 1390
f 1537 1666 1667
f 1544 1670 1547
f 1671 1670 1544
f 1673 1672 1543
f 1673 1543 1546
f 1947 1547 1670
f 1814 1548 1820
f 1952 1548 1814
f 1548 1952 1549
f 1952 1815 1549
f 1554 1674 1399
f 1675 1549 1815
f 1679 1824 1558
f 1679 1553 1674
f 1674 1553 1399
f 1404 1676 1557
f 1557 1676 1677
f 1557 1677 1682
f 1682 1677 1678
f 1678 1968 1682
f 1683 1405 1830
f 1680 1410 1681
f 1681 1410 1560
f 1687 1830 1405
f 1684 1559 1828
f 1686 1560 1563
f 1686 1563 1685
f 1688 1682 1968
f 1562 1687 1414
f 1411 1684 1973
f 1686 1685 1832
f 1689 1564 1973
f 1973 1564 1411
f 1685 1690 1832
f 1688 1972 1836
f 1692 1832 1690
f 1567 1691 1418
f 1689 1694 1564
f 1690 1566 1692
f 1567 1693 1691
f 1838 1694 1689
f 1695 1566 1570
f 1692 1566 1695
f 1694 1838 1569
f 1695 1570 1845
f 1434 1571 1693
f 1842 1435 1572
f 1842 1572 1431
f 1842 1431 1838
f 1838 1431 1569
f 1570 1697 1845
f 1573 1843 1698
f 1575 1699 1571
f 1574 1578 1701
f 1701 1847 1574
f 1702 1573 1698
f 1575 1446 1699
f 1983 1700 1844
f 1439 1708 1576
f 1708 1577 1576
f 1577 1708 1703
f 1703 1704 1577
f 1705 1702 1706
f 1707 1708 1439
f 1580 1710 1443
f 1710 1580 1988
f 1580 1444 1988
f 1849 1709 1583
f 1860 1581 1700
f 1710 1582 1443
f 1584 1583 1709
f 1710 1855 1582
f 1855 1447 1582
f 1447 1855 1586
f 1712 1995 1583
f 1852 1853 1717
f 1717 1853 1858
f 1446 1465 1718
f 1860 1591 1581
f 1587 1719 1301
f 1856 1587 1453
f 1856 1453 1713
f 1714 1588 1715
f 1715 1588 1589
f 1715 1589 1590
f 1715 1590 1716
f 1716 1590 1720
f 1720 1590 1593
f 1593 1721 1720
f 1592 1717 1858
f 1859 1718 1465
f 1722 1859 1465
f 1595 1860 1861
f 1595 1591 1860
f 1593 1594 1721
f 1596 1592 1858
f 1598 1722 1465
f 1594 1597 1724
f 1723 1597 1470
f 1724 1597 1723
f 1596 2007 1469
f 2007 1864 1469
f 1861 1599 1595
f 1723 1470 1866
f 1864 1600 1469
f 1472 1866 1470
f 1726 1866 1472
f 1473 1726 1472
f 1474 1725 1601
f 1474 1871 1725
f 1727 1869 1870
f 1728 1476 1727
f 1477 1730 1603
f 1874 1476 1728
f 1608 1871 1474
f 1605 1730 1477
f 1734 1871 1608
f 2014 2138 1604
f 2138 1605 1604
f 1731 1607 1606
f 1606 1874 1731
f 1732 2014 1478
f 1613 1734 1608
f 1326 1879 1732
f 1610 1879 1326
f 1735 1610 1480
f 1735 1480 1329
f 1733 1611 1607
f 1611 1733 1877
f 1737 2018 1612
f 1734 1738 1741
f 1613 1738 1734
f 1609 1878 1742
f 1735 1329 1614
f 1614 1736 1735
f 1880 1614 1739
f 1740 1739 1481
f 1612 1881 1482
f 1741 1738 1744
f 1615 1742 1613
f 1743 1613 1742
f 1613 1743 1738
f 1744 1738 1743
f 1747 1609 1742
f 1335 1740 1481
f 1335 1745 1740
f 1617 1482 1883
f 1883 1482 1881
f 1741 1744 1746
f 1618 1741 1746
f 1749 1741 1618
f 1746 1747 1615
f 1742 1615 1747
f 1745 1334 1619
f 1883 1890 1748
f 1749 1618 1891
f 1747 1746 1888
f 1619 1751 1887
f 1619 1750 1751
f 1494 1891 1618
f 1888 1490 1747
f 1752 1748 1890
f 1750 1754 1751
f 1753 1752 1890
f 1494 1756 1891
f 1753 1755 1752
f 1496 1756 1494
f 1754 1622 1757
f 2032 1624 1490
f 2032 1490 1888
f 1894 1755 1758
f 1622 1625 1759
f 1759 1757 1622
f 1496 1627 1756
f 1625 1626 1759
f 1628 1624 2032
f 1894 1760 1498
f 1761 1762 2036
f 1629 1760 2035
f 1502 1629 1897
f 1897 1629 1896
f 1350 1769 1627
f 1763 1631 1767
f 1634 1635 1354
f 1635 2040 1765
f 1503 1765 1766
f 1765 1503 1631
f 1768 1631 1503
f 1631 1768 1767
f 1768 1356 1504
f 1633 1504 1632
f 1902 1505 1764
f 1637 1503 1766
f 1637 1766 1770
f 1644 1773 1769
f 1507 1904 1772
f 1771 1904 1507
f 1509 1903 1638
f 1510 1907 1774
f 1505 1902 1640
f 1641 1907 1510
f 1512 1645 1641
f 1642 1643 1513
f 1642 1776 1643
f 1512 1517 1645
f 1776 2052 1643
f 1643 1911 1646
f 1911 1643 2052
f 1912 1518 1640
f 1780 1777 1647
f 1915 1650 1779
f 1912 1649 1518
f 1654 1780 1647
f 1778 1911 1914
f 1652 1779 1650
f 1780 1654 1782
f 1779 1652 1786
f 1371 1921 1652
f 1652 1921 1786
f 1371 1787 1921
f 1781 1784 1653
f 1916 1784 1781
f 1789 1653 1784
f 1785 1525 1783
f 1526 1655 1787
f 1656 1916 1655
f 1788 1655 1916
f 1788 1789 1656
f 1784 1656 1789
f 1916 1656 1784
f 1653 1789 1926
f 1653 1926 1790
f 1928 1528 1790
f 1787 1655 1917
f 1917 1655 1788
f 1917 1788 1919
f 1791 1919 1656
f 1919 1788 1656
f 1656 1658 1791
f 1658 1798 1793
f 1926 1792 1790
f 1659 1797 1782
f 1782 1797 1920
f 1791 1658 1793
f 1793 1798 1794
f 1800 1661 1660
f 1804 1805 1662
f 1785 1933 1535
f 1935 1795 1794
f 1935 1794 1798
f 1799 1936 1660
f 1660 1936 1800
f 1801 1661 1800
f 1803 1665 1664
f 1665 1803 1804
f 1535 1934 1541
f 1535 1933 1934
f 1807 1380 1381
f 1807 1381 1663
f 1663 1806 1807
f 1800 1937 1801
f 1801 1937 1941
f 1801 1941 1802
f 1802 1941 1810
f 1811 1668 1667
f 1668 1811 1664
f 1669 1541 1934
f 1666 1942 1667
f 1667 1942 1811
f 1671 1812 1670
f 1671 1545 1943
f 1943 1545 1669
f 1547 1813 1546
f 1547 1947 1813
f 1818 1677 1817
f 1956 1820 1552
f 1554 1958 1674
f 1825 1554 1556
f 1675 1815 1816
f 1675 1821 1676
f 1821 1822 1676
f 1817 1676 1822
f 1676 1817 1677
f 1678 1677 1819
f 1955 1678 1819
f 1823 1683 1964
f 1823 1956 1552
f 1824 2093 1558
f 1824 1679 1674
f 1680 1825 1556
f 1825 1680 1681
f 1681 1827 1826
f 1968 1678 1955
f 1683 1830 1964
f 1681 1560 1686
f 1681 1686 1827
f 1827 1686 1829
f 1829 1686 1831
f 1830 1687 1833
f 1686 1832 1831
f 1562 1833 1687
f 1972 1688 1968
f 1834 1833 1418
f 1418 1833 1562
f 1689 1973 1975
f 1832 1835 1831
f 1832 1692 1835
f 1972 2100 1836
f 1834 1418 1691
f 1839 1836 2100
f 1975 1838 1689
f 1835 1692 1980
f 1836 1839 1696
f 1693 1837 1691
f 1695 1980 1692
f 1839 1841 1696
f 1571 1840 1837
f 1571 1837 1693
f 1843 1696 1841
f 1699 1840 1571
f 1983 1844 1842
f 1842 1844 1435
f 1574 1847 1697
f 1697 1847 1984
f 1984 1845 1697
f 1698 1843 1846
f 1446 1718 1699
f 2109 1700 1983
f 1698 1848 1702
f 1700 2109 1860
f 1704 2112 1578
f 1578 2112 1701
f 1848 1985 1706
f 1848 1706 1702
f 1707 1850 1708
f 1987 1708 1850
f 1708 1987 1703
f 1988 1444 1989
f 1989 1444 1705
f 1706 1989 1705
f 1851 1995 2242
f 1709 1849 1585
f 1711 1850 1707
f 1993 1710 1988
f 1583 1995 1851
f 1720 2119 1716
f 2124 1711 1719
f 2124 1850 1711
f 1993 1855 1710
f 1855 1998 1586
f 1998 1999 1586
f 1712 1999 1995
f 1713 1714 1715
f 1713 1715 1854
f 1854 1715 1716
f 1858 1853 1992
f 2002 1719 1587
f 2002 1587 1856
f 1856 1713 1996
f 1857 1720 1721
f 1858 1992 2127
f 1857 1721 1594
f 1857 1594 2005
f 1862 1596 2127
f 2127 1596 1858
f 2005 1594 1724
f 1598 1863 1722
f 1596 1862 2255
f 1596 2255 2007
f 1863 1598 1865
f 1861 2258 1599
f 1601 1865 1598
f 1864 1867 1600
f 1867 1864 2009
f 1601 1725 1865
f 1866 1726 1868
f 2262 1869 1600
f 1867 2262 1600
f 1473 1872 1726
f 1870 1869 2262
f 2131 1873 1599
f 2135 1872 1602
f 1473 1602 1872
f 1599 1873 1729
f 1603 1730 1602
f 1602 1730 2135
f 2012 1871 1734
f 1878 1729 1873
f 2014 1875 2138
f 1731 2015 1607
f 2013 2015 1731
f 1731 1874 2013
f 2015 1876 1607
f 1607 1876 1733
f 1733 1876 1877
f 1735 1879 1610
f 1737 1877 2018
f 1612 2018 2020
f 1612 2020 1881
f 1741 1882 1734
f 1743 1742 1878
f 1736 1614 1880
f 2021 1739 1740
f 1743 1884 1744
f 1740 1745 2022
f 1745 2148 2022
f 1881 2023 1883
f 1882 1886 1891
f 1749 1884 1741
f 1885 1741 1884
f 1741 1885 1882
f 1886 1882 1885
f 1744 1884 1746
f 1745 1619 1887
f 2148 1745 1887
f 1883 2023 1890
f 2023 2024 1890
f 1891 1886 1749
f 1886 2026 1749
f 1888 1749 2026
f 1884 1749 1888
f 1888 1746 1884
f 1887 1751 1889
f 1888 2026 2028
f 1889 1751 2029
f 1753 1890 2024
f 1751 1754 2029
f 2028 2032 1888
f 1757 2029 1754
f 1758 1755 1753
f 1892 1758 1753
f 1758 1892 1894
f 1893 1759 1626
f 1628 2032 2155
f 1894 2035 1760
f 2035 1894 1892
f 1626 1761 1893
f 1628 2155 2157
f 1629 2035 1896
f 1895 1627 1769
f 1762 1630 2038
f 1762 2038 2036
f 2157 1764 1628
f 1767 1898 1763
f 1899 2038 1630
f 1900 1633 1897
f 1902 1764 2157
f 1635 1634 2039
f 2039 2040 1635
f 2040 1766 1765
f 1768 1901 1767
f 2042 1768 1504
f 2042 1901 1768
f 2042 1504 1633
f 1638 1903 1634
f 1770 1766 1904
f 1904 1771 1770
f 2043 1772 1904
f 2043 2168 1772
f 2168 2046 1772
f 1509 1906 1903
f 1906 1509 1774
f 1907 2169 1774
f 2046 1775 1772
f 2046 2296 1775
f 1775 1908 1642
f 1644 2172 1773
f 1645 2050 1641
f 1776 1642 1908
f 2170 1776 1908
f 1514 2172 1644
f 1640 1902 2173
f 1645 1777 2051
f 1909 2051 1777
f 2173 1912 1640
f 1780 1909 1777
f 1909 1780 1910
f 1911 2052 2055
f 1913 1910 1780
f 1914 1911 2055
f 1780 1782 1913
f 1783 1778 1914
f 1649 2308 1781
f 1916 1781 2308
f 2059 1913 1782
f 2177 1783 1914
f 1916 2308 1788
f 1788 1918 1917
f 1919 1789 1788
f 1919 1788 1917
f 1782 1920 2059
f 1783 2177 1785
f 1917 1922 1787
f 1917 1918 1922
f 1923 1922 1918
f 1923 1924 1791
f 1919 1791 1924
f 1919 1924 1789
f 1789 1924 1925
f 1789 1925 1926
f 1927 1926 1925
f 2062 1790 1792
f 1928 1790 2062
f 1921 1787 1929
f 1929 1787 1922
f 1929 1922 1923
f 1930 1929 1791
f 1929 1923 1791
f 1793 1930 1791
f 1793 1927 1930
f 1794 1926 1793
f 1927 1793 1926
f 1927 2061 1795
f 1931 1795 2061
f 1792 1795 1931
f 1795 1792 1794
f 1926 1794 1792
f 1792 1931 2062
f 1932 1797 1805
f 1930 1927 1935
f 1935 1927 1795
f 1799 2323 1936
f 1796 2323 1799
f 1938 1804 1803
f 1938 1805 1804
f 2063 1805 1938
f 1805 2063 1932
f 2065 1935 1798
f 2065 1798 1380
f 1807 2077 1380
f 1936 2066 1800
f 1800 2066 2067
f 1811 2068 1664
f 1664 2069 1803
f 2068 2069 1664
f 1803 2069 1938
f 1934 2193 1669
f 1939 1807 1806
f 1806 1663 1940
f 1809 1946 1808
f 2073 1810 1941
f 1666 1810 2079
f 1942 1666 2079
f 1942 2074 1811
f 1812 1671 2075
f 1671 2076 2075
f 1943 2076 1671
f 1944 1943 1669
f 1944 1669 1945
f 1945 1669 2193
f 1940 1663 2078
f 2078 1663 1808
f 2078 1808 1946
f 1948 1670 1812
f 1948 1812 2075
f 1949 1672 1673
f 1813 1673 1546
f 1950 1673 1813
f 1951 1950 1813
f 1951 1813 1947
f 1951 1947 2080
f 2080 1947 1670
f 2082 1952 1814
f 1952 2083 1815
f 1815 2083 1816
f 1817 1822 1953
f 1816 1817 1953
f 1677 1954 1819
f 1818 1954 1677
f 1956 2084 1820
f 1814 1820 2084
f 1957 1824 1674
f 1958 1957 1674
f 1959 1958 1554
f 2087 1554 1825
f 2087 1959 1554
f 1825 1965 2087
f 1675 1816 1821
f 1821 1816 1953
f 1821 1826 1822
f 1821 1953 2088
f 2088 1953 1960
f 1822 1960 1953
f 1960 1822 1961
f 1961 1822 1826
f 1961 1962 1960
f 1964 2211 1823
f 1956 1823 2211
f 1681 1965 1825
f 1965 1826 1821
f 1681 1826 1965
f 1961 1826 1827
f 1961 1827 1962
f 1962 1827 1963
f 1963 1827 1829
f 1963 1829 1967
f 1955 2092 1968
f 1968 2092 1969
f 1830 2342 1964
f 2096 1828 2093
f 2093 1828 1558
f 1967 1829 1831
f 1966 1967 1831
f 1972 1968 1969
f 2098 1830 1970
f 1828 1971 1684
f 1966 1831 1974
f 1834 1970 1833
f 1833 1970 1830
f 1971 1973 1684
f 1831 1835 1974
f 2100 1972 1969
f 1975 1973 2102
f 1976 1974 1835
f 1834 1691 2103
f 1979 1976 1835
f 2100 1977 1839
f 1837 2103 1691
f 1838 1978 2104
f 1978 1838 1975
f 1980 1979 1835
f 1839 1977 2105
f 2104 1842 1838
f 2107 1842 2104
f 1845 1981 1695
f 1981 1980 1695
f 1982 1843 1841
f 1841 1839 2105
f 1982 1841 2105
f 2107 1983 1842
f 1845 1984 1981
f 1846 1843 1982
f 1698 1846 2229
f 1718 2110 1699
f 1701 2230 1847
f 2229 1848 1698
f 2110 1718 2121
f 2109 2111 1860
f 1703 1987 1704
f 2235 1704 1987
f 1704 2235 2112
f 2114 2233 1849
f 1850 1986 1987
f 2242 1990 1851
f 1583 1851 2114
f 1583 2114 1849
f 2233 1585 1849
f 1585 2233 1852
f 1852 2233 1853
f 2238 1992 1853
f 1859 2121 1718
f 2111 1997 1860
f 1994 1993 1988
f 1999 2389 1995
f 1854 1996 1713
f 1991 1854 1716
f 1991 1716 2119
f 2124 1986 1850
f 2124 1719 2001
f 1993 2126 1855
f 2126 1998 1855
f 1998 2123 1999
f 1996 2000 1856
f 2120 1720 1857
f 2004 2120 1857
f 2002 2001 1719
f 2003 2002 1856
f 2003 1856 2000
f 2004 1857 2005
f 1722 2129 1859
f 1997 2397 1861
f 1997 1861 1860
f 1724 2006 2005
f 2006 1724 2130
f 2397 2258 1861
f 2130 1724 2008
f 2008 1724 1723
f 2007 2009 1864
f 2258 2131 1599
f 1866 1868 1723
f 1867 2009 2132
f 1726 2133 1868
f 1726 1872 2133
f 1871 2012 1725
f 2010 1872 2135
f 2011 1727 1870
f 2011 2264 1728
f 1728 1727 2011
f 2134 1873 2131
f 2264 1874 1728
f 1734 2016 2012
f 2139 1605 2138
f 1605 2139 1730
f 1874 2264 2013
f 2134 1878 1873
f 2013 2407 2015
f 1732 2269 2014
f 2014 2269 1875
f 2270 1876 2015
f 2270 2017 1876
f 1876 2017 1877
f 1877 2017 2018
f 2144 2016 1734
f 1743 1878 2134
f 2143 1879 1735
f 1736 2143 1735
f 2019 1736 1880
f 1882 2144 1734
f 1880 1739 2021
f 1881 2020 2023
f 1882 2030 2144
f 1885 1884 1743
f 2023 2147 2024
f 2024 2147 2025
f 2030 1882 1891
f 1885 2274 1886
f 1889 2148 1887
f 2027 2148 1889
f 2274 2026 1886
f 2024 2025 2149
f 2027 1889 2029
f 2149 1753 2024
f 2030 1891 2281
f 1756 2281 1891
f 2031 1753 2149
f 1892 1753 2031
f 2033 1757 1759
f 2034 2033 1759
f 1892 2031 2154
f 1627 1895 1756
f 2034 1759 1893
f 2284 2035 1892
f 2284 1892 2154
f 2036 2156 1761
f 1761 2156 1893
f 2035 2286 1896
f 2038 2158 2036
f 1897 1896 2287
f 2287 1896 2286
f 1895 1769 1905
f 2037 1898 1767
f 1898 2161 1763
f 1763 2436 1899
f 2161 2436 1763
f 2436 2038 1899
f 2291 1633 1900
f 1900 1897 2287
f 2167 2039 1634
f 2040 2041 1766
f 1767 1901 2037
f 1633 2291 2042
f 1903 2167 1634
f 1766 2164 1904
f 2043 1904 2164
f 2044 1903 1906
f 1906 2045 2044
f 1906 1774 2045
f 2169 2045 1774
f 2157 2298 1902
f 1905 1769 1773
f 1907 2047 2169
f 2048 2047 1907
f 1907 1641 2048
f 1641 2049 2048
f 2049 1641 2050
f 1775 2296 1908
f 1645 2051 2050
f 2298 2173 1902
f 1909 2174 2051
f 2053 2052 1776
f 2172 1514 2054
f 1909 1910 2057
f 2052 2053 2175
f 2055 2052 2175
f 1915 2054 1514
f 2173 2056 1912
f 1910 2058 2057
f 1910 1913 2058
f 1914 2055 2175
f 2178 1915 1779
f 1912 2056 2176
f 2176 1649 1912
f 2177 1914 2304
f 2176 2307 1649
f 2307 2308 1649
f 1918 1788 2308
f 2060 1785 2177
f 1918 2179 1923
f 1923 2179 1924
f 1925 1924 2179
f 2060 2064 1785
f 2179 2182 1925
f 1925 2182 1927
f 2182 2061 1927
f 1932 1920 1797
f 1785 2064 1933
f 2061 2311 1931
f 1931 2311 2062
f 2184 1934 1933
f 1933 2064 2184
f 1930 1935 2065
f 1380 2326 2065
f 2323 2186 1936
f 2189 1800 2067
f 2189 1937 1800
f 2315 2069 2068
f 2069 2187 1938
f 1938 2187 2063
f 2077 2326 1380
f 1807 2070 2077
f 1807 1939 2070
f 1806 2066 1939
f 2320 1939 2066
f 1939 2320 2071
f 2072 2071 2320
f 2071 2072 1940
f 2067 1940 2072
f 1940 2067 1806
f 2066 1806 2067
f 2067 2072 2189
f 1937 2321 1941
f 2321 2073 1941
f 2079 1810 2073
f 2325 2074 1942
f 1811 2190 2068
f 1944 2076 1943
f 2070 1939 2071
f 2078 2071 1940
f 1809 1949 1946
f 1946 1949 2194
f 1672 1949 1809
f 2073 2195 2079
f 2324 2325 2079
f 2079 2325 1942
f 2080 1670 1948
f 1950 1949 1673
f 2082 2200 1952
f 2200 2083 1952
f 1819 1954 2199
f 1819 2199 1955
f 1955 2199 2092
f 2205 2084 1956
f 1814 2084 2082
f 2085 1957 1958
f 2086 2085 1958
f 2086 1958 1959
f 2209 2087 1965
f 2088 2209 1965
f 2089 1960 1962
f 2089 2088 1960
f 2090 1962 1963
f 2203 1963 1967
f 2091 2204 1967
f 2343 2211 1964
f 2094 2093 1824
f 2094 2345 2093
f 2094 1824 2348
f 2348 1824 1957
f 2088 1965 1821
f 1966 2091 1967
f 2091 1966 2097
f 2342 1830 2098
f 2499 2342 2098
f 2096 2214 1828
f 1966 1974 2097
f 1976 2097 1974
f 1969 2099 2100
f 2360 1970 1834
f 2358 2217 1973
f 2358 1973 1971
f 2102 1973 2217
f 1977 2100 2361
f 2100 2099 2361
f 2103 2101 1834
f 1978 1975 2102
f 1977 2361 2219
f 2364 1840 2106
f 1837 1840 2364
f 1837 2364 2103
f 1980 2108 1979
f 2219 2105 1977
f 1840 1699 2106
f 1981 2225 1980
f 1699 2110 2106
f 2109 1983 2107
f 1846 1982 2226
f 2230 1984 1847
f 2229 1846 2226
f 2370 1701 2112
f 2370 2230 1701
f 2229 2231 1848
f 2115 2235 1987
f 2231 2117 1985
f 2231 1985 1848
f 2113 2232 1851
f 2233 2114 2373
f 1986 2240 1987
f 2240 2115 1987
f 2116 2241 1989
f 1989 2241 1988
f 2116 1989 1706
f 2117 2116 1706
f 1706 1985 2117
f 1990 2242 2118
f 1990 2113 1851
f 2234 1853 2233
f 1853 2234 2238
f 2129 2121 1859
f 1994 1988 2241
f 2123 2389 1999
f 2242 1995 2389
f 2245 1996 1854
f 2246 1854 1991
f 2119 1720 2120
f 1992 2238 2247
f 2124 2122 1986
f 2124 2001 2125
f 1994 2126 1993
f 2254 2003 2000
f 2251 2000 1996
f 1992 2247 2127
f 2003 2253 2002
f 2128 2004 2005
f 1863 2129 1722
f 2396 2007 2255
f 2008 2259 2130
f 2396 2009 2007
f 2396 2738 2009
f 1863 1865 2136
f 1723 2261 2008
f 2132 2009 2738
f 1725 2136 1865
f 1723 1868 2261
f 2262 1867 2132
f 2010 2133 1872
f 2263 1870 2262
f 2012 2136 1725
f 2011 1870 2263
f 2016 2267 2012
f 2139 2265 1730
f 2013 2264 2137
f 2407 2013 2137
f 2412 2269 1732
f 1875 2269 2140
f 2410 2270 2015
f 2017 2142 2018
f 2142 2271 2018
f 1879 2412 1732
f 2143 1736 2019
f 2415 2019 1880
f 2415 1880 2021
f 2021 2145 2415
f 2020 2018 2271
f 2273 2023 2020
f 2134 1885 1743
f 2021 1740 2145
f 2145 1740 2022
f 2147 2023 2273
f 2148 2146 2022
f 2586 2025 2147
f 2275 2025 2586
f 2149 2025 2275
f 2029 2150 2027
f 2029 2151 2150
f 1757 2033 2151
f 1757 2151 2029
f 2429 2032 2028
f 2429 2028 2026
f 2152 2151 2033
f 2031 2430 2154
f 1895 2281 1756
f 2034 2153 2033
f 2429 2155 2032
f 2153 2034 2434
f 2429 2432 2155
f 1893 2434 2034
f 2156 2036 2438
f 2158 2438 2036
f 1895 1905 2162
f 2160 2037 2159
f 2037 2160 1898
f 2160 2161 1898
f 2437 2038 2436
f 2163 2039 2167
f 2039 2163 2040
f 2163 2041 2040
f 2159 2041 2160
f 1766 2041 2164
f 2159 2164 2041
f 2164 2159 2165
f 2037 2165 2159
f 2165 2037 1901
f 2166 2165 1901
f 2167 1903 2044
f 2157 2442 2298
f 2046 2443 2296
f 2296 2444 1908
f 2299 2050 2051
f 2170 2446 1776
f 1773 2172 2054
f 2171 2051 2174
f 2446 2053 1776
f 2057 2174 1909
f 2173 2448 2056
f 1915 2449 2054
f 2175 2303 1914
f 2449 1915 2178
f 1914 2303 2304
f 2058 1913 2059
f 1786 2178 1779
f 2304 2305 2177
f 1786 2623 2178
f 2059 1920 2180
f 2179 1918 2308
f 2177 2181 2060
f 2310 1786 1921
f 2179 2311 2182
f 1920 1932 2312
f 2312 2180 1920
f 2060 2181 2064
f 2313 1921 1929
f 1930 2313 1929
f 2061 2182 2311
f 2063 2183 1932
f 2183 2312 1932
f 2064 2181 2453
f 1930 2185 2313
f 1930 2065 2185
f 2462 1928 2062
f 2462 1796 1928
f 2323 1796 2462
f 2186 2066 1936
f 2190 2315 2068
f 2315 2455 2069
f 2455 2187 2069
f 2187 2188 2063
f 2063 2188 2183
f 2184 2317 1934
f 2184 2064 2453
f 2185 2065 2326
f 2186 2320 2066
f 2320 2189 2072
f 2189 2321 1937
f 2195 2073 2321
f 2463 2074 2325
f 2074 2190 1811
f 2463 2190 2074
f 2191 2076 1944
f 2192 2191 1944
f 2192 1944 1945
f 2193 1934 2317
f 2070 2196 2077
f 2070 2197 2196
f 2071 2197 2070
f 2071 2078 2197
f 1946 2194 2078
f 2321 2472 2195
f 2195 2324 2079
f 2328 2194 1949
f 2653 1951 2080
f 1948 2653 2080
f 2081 2198 1818
f 1818 2198 1954
f 2479 2332 2199
f 2082 2482 2200
f 2200 2335 2083
f 2335 2483 2083
f 2483 2201 2083
f 2083 2201 1816
f 1817 2201 2081
f 1817 1816 2201
f 1817 2081 1818
f 2092 2199 2332
f 2092 2332 2491
f 2205 2337 2084
f 2084 2337 2082
f 2348 1957 2206
f 2207 2085 2086
f 1959 2213 2086
f 1959 2208 2213
f 2087 2208 1959
f 2089 2209 2088
f 2090 2089 1962
f 2090 1963 2203
f 2203 1967 2204
f 2092 2491 1969
f 2211 2344 1956
f 2346 2345 2094
f 2212 2207 2086
f 2212 2086 2213
f 2210 2091 2097
f 2352 1969 2491
f 2499 2098 2506
f 2214 2096 2095
f 2096 2093 2345
f 2095 2096 2345
f 1969 2352 2099
f 2357 2098 1970
f 2357 2506 2098
f 2353 2358 1971
f 2214 1971 1828
f 2215 2097 1976
f 2360 1834 2216
f 2215 1976 2365
f 2361 2099 2352
f 2101 2216 1834
f 2217 2514 2102
f 2103 2364 2218
f 2103 2218 2101
f 1978 2514 2220
f 2514 1978 2102
f 1976 1979 2221
f 1976 2221 2365
f 2364 2106 2363
f 2104 2220 2515
f 1978 2220 2104
f 2108 2221 1979
f 2223 2105 2219
f 1980 2225 2108
f 2108 2225 2222
f 2106 2110 2224
f 2368 2225 1981
f 2227 1982 2105
f 2227 2226 1982
f 2224 2110 2228
f 2521 2523 2109
f 1984 2369 1981
f 2121 2377 2110
f 2109 2523 2111
f 1984 2230 2369
f 2226 2372 2229
f 1997 2111 2526
f 2235 2375 2370
f 2235 2370 2112
f 2236 2380 2113
f 2236 2113 1990
f 2114 1851 2232
f 1991 2718 2381
f 2239 2238 2234
f 2727 1997 2526
f 2115 2240 2374
f 2116 2533 2241
f 2116 2384 2533
f 2389 2385 2242
f 2242 2243 2118
f 1990 2244 2236
f 2118 2244 1990
f 2244 2118 2245
f 2243 2245 2118
f 2246 3062 2244
f 2246 1991 2381
f 1991 2119 2718
f 2718 2119 2237
f 2237 2119 2120
f 2247 2238 2239
f 2122 2240 1986
f 2241 2388 1994
f 2248 2251 1996
f 1996 2245 2248
f 2244 2245 1854
f 2244 1854 2246
f 2004 2534 2120
f 2534 2004 2249
f 2249 2004 2128
f 2121 2129 2880
f 2125 2122 2124
f 2125 2001 2250
f 1994 2388 2126
f 2388 2542 2126
f 2542 1998 2126
f 1998 2392 2123
f 2391 2392 1998
f 2251 2254 2000
f 2540 2249 2128
f 2252 2250 2001
f 2252 2001 2002
f 2253 2252 2002
f 2394 2253 2003
f 2128 2005 2540
f 2540 2005 2006
f 2255 1862 2546
f 2546 1862 2127
f 2727 2397 1997
f 2257 2006 2130
f 2552 2006 2256
f 2256 2006 2257
f 2130 2259 2257
f 2008 2261 2259
f 2260 2132 2738
f 1868 2133 2400
f 2743 2133 2010
f 2561 2134 2131
f 2135 2742 2010
f 2903 2564 2011
f 2011 2263 2903
f 2403 2401 1730
f 2135 2401 2560
f 2135 1730 2401
f 2011 2564 2264
f 2267 2136 2012
f 2570 2265 2406
f 1730 2265 2403
f 2266 2137 2264
f 2266 2264 2404
f 1875 2750 2138
f 2750 2406 2138
f 2138 2406 2139
f 2139 2406 2265
f 2015 2407 2268
f 2407 2574 2268
f 2144 2267 2016
f 2144 2272 2267
f 2268 2410 2015
f 2270 2411 2017
f 2017 2411 2141
f 2409 1885 2134
f 2019 2419 2143
f 2019 2413 2419
f 2020 2271 2581
f 2581 2273 2020
f 2272 2144 2417
f 2145 2022 2146
f 1885 2409 2274
f 2146 2148 2420
f 2276 2420 2148
f 2276 2148 2027
f 2276 2027 2150
f 2276 2150 2279
f 2278 2144 2030
f 2589 2026 2274
f 2277 2149 2421
f 2421 2149 2275
f 2151 2279 2150
f 2281 2278 2030
f 2280 2149 2277
f 2282 2278 2281
f 2430 2031 2280
f 2280 2031 2149
f 2772 2282 2281
f 2281 1895 2772
f 2154 2433 2283
f 2283 2284 2154
f 2162 2772 1895
f 2432 2285 2155
f 1893 2156 2434
f 2156 2438 2598
f 2156 2598 2764
f 2286 2035 2284
f 2285 2157 2155
f 2038 2437 2158
f 2288 2287 2286
f 2041 2603 2160
f 2160 2290 2161
f 2606 2042 2291
f 2602 2291 1900
f 2602 1900 2287
f 2442 2157 2285
f 2167 2289 2163
f 2165 2292 2164
f 2166 2292 2165
f 2605 2166 1901
f 2042 2605 1901
f 2292 2608 2164
f 2164 2608 2043
f 2293 2167 2044
f 2610 2044 2045
f 2610 2293 2044
f 2610 2045 2169
f 2611 2610 2169
f 2609 2043 2608
f 2043 2609 2168
f 2168 2294 2046
f 2609 2294 2168
f 2047 2611 2169
f 2443 2046 2294
f 2443 2295 2296
f 2297 2048 2049
f 2297 2049 2050
f 2613 2444 2296
f 2298 2442 2967
f 2299 2445 2050
f 1908 2444 2170
f 2171 2299 2051
f 2967 2173 2298
f 2446 2447 2053
f 2618 1773 2054
f 2173 2967 2448
f 2174 2057 2300
f 2053 2447 2175
f 2619 2056 2448
f 2300 2057 2301
f 2175 2447 2303
f 2301 2057 2302
f 2057 2058 2302
f 2303 2792 2304
f 2056 2621 2176
f 2059 2302 2058
f 2304 2792 2305
f 2302 2059 2306
f 2306 2059 2180
f 2177 2305 2451
f 2180 2309 2306
f 2181 2177 2451
f 2310 2623 1786
f 2308 2307 2179
f 2452 2311 2179
f 2309 2180 2312
f 1921 2313 2310
f 2307 2452 2179
f 2316 2309 2312
f 2314 2062 2311
f 2462 2062 2314
f 2455 2628 2187
f 2628 2457 2187
f 2187 2457 2188
f 2630 2317 2184
f 2630 2184 2453
f 2318 2313 2185
f 2319 2318 2185
f 2473 2463 2325
f 2191 2322 2076
f 2465 1945 2193
f 2319 2185 2467
f 2467 2185 2326
f 2077 2196 2326
f 2186 2468 2320
f 2320 2468 2469
f 2320 2469 2189
f 2189 2471 2321
f 2471 2472 2321
f 2472 2644 2195
f 2195 2644 2324
f 2322 1948 2075
f 2322 2474 1948
f 2075 2076 2322
f 2813 2196 2197
f 2327 2197 2078
f 2327 2655 2197
f 2477 2327 2078
f 2649 2078 2194
f 2328 1949 1950
f 1951 2328 1950
f 2081 2331 2198
f 2198 2329 1954
f 1954 2329 2199
f 2199 2329 2330
f 2199 2330 2479
f 2333 2082 2337
f 2333 2482 2082
f 2482 2333 2339
f 2334 2335 2200
f 2483 2663 2201
f 2663 2480 2201
f 2081 2201 2480
f 2202 2090 2203
f 2481 2202 2203
f 2481 2203 2204
f 2333 2337 2485
f 2339 2338 2485
f 2206 2485 2338
f 2485 2206 2333
f 1957 2333 2206
f 2085 2333 1957
f 2333 2085 2339
f 2207 2339 2085
f 2338 2339 2207
f 2334 2340 2335
f 2335 2340 2488
f 2335 2488 2341
f 2335 2341 2483
f 2089 2090 2202
f 2091 2336 2204
f 2336 2091 2210
f 2343 1964 2342
f 2669 2344 2343
f 2343 2344 2211
f 2205 1956 2344
f 2347 2346 2094
f 2347 2094 2348
f 2348 2206 2338
f 2212 2504 2207
f 2486 2212 2213
f 2349 2213 2208
f 2350 2349 2208
f 2351 2350 2208
f 2489 2208 2087
f 2351 2208 2489
f 2356 2210 2097
f 2497 2352 2491
f 2498 2499 2506
f 2354 2214 2095
f 2354 2095 2345
f 2345 2346 2355
f 2510 2358 2507
f 2507 2358 2353
f 2214 2353 1971
f 2215 2356 2097
f 2359 2356 2215
f 2360 2357 1970
f 2217 2510 2509
f 2217 2358 2510
f 2512 2361 2352
f 2218 2511 2101
f 2101 2511 2216
f 2217 2362 2514
f 2516 2215 2365
f 2512 2219 2361
f 2363 2106 2224
f 2104 2515 2696
f 2108 2222 2221
f 2519 2223 2219
f 2519 2219 2512
f 2696 2107 2104
f 2700 2222 2225
f 2223 2366 2105
f 2366 2223 2519
f 2521 2109 2696
f 2696 2109 2107
f 2700 2225 2368
f 2227 2372 2226
f 2227 2105 2366
f 2224 2228 2367
f 2369 2368 1981
f 2228 2110 2377
f 2524 2526 2523
f 2523 2526 2111
f 2371 2369 2230
f 2229 2525 2231
f 2229 2372 2525
f 2370 2371 2230
f 2232 2376 2114
f 2233 2373 2710
f 2233 2710 2234
f 2115 2374 2235
f 2235 2374 2375
f 2532 2117 2231
f 2380 2232 2113
f 2382 2718 2237
f 2379 2378 2240
f 2240 2378 2374
f 2241 2533 2383
f 2116 2117 2532
f 2385 2389 2536
f 2236 2243 2380
f 2243 2385 2380
f 2243 2242 2385
f 2245 2243 2723
f 2236 2723 2243
f 2723 2236 2386
f 2386 2236 2244
f 2386 2244 3062
f 3062 2246 2381
f 2120 2382 2237
f 2382 2120 2534
f 2247 2239 2537
f 2241 2383 2387
f 2388 2241 2387
f 2251 2248 2887
f 2248 2245 2723
f 2248 2723 2390
f 1998 2542 2391
f 2546 2127 2247
f 2546 2247 2537
f 2393 2252 2253
f 2395 2394 2003
f 2395 2003 2254
f 2880 2129 2733
f 2006 2552 2540
f 2892 2255 2546
f 1863 2733 2129
f 3065 2397 2727
f 2892 2396 2255
f 2396 2892 2554
f 2258 2397 2398
f 2398 2131 2258
f 2738 2396 2399
f 1863 2136 2557
f 1868 2400 2261
f 2133 2743 2400
f 2740 2263 2262
f 2262 2132 2260
f 2262 2260 2740
f 2741 2561 2398
f 2398 2561 2131
f 2742 2743 2010
f 2560 2401 2744
f 2742 2135 2560
f 2265 2402 2403
f 2566 2402 2265
f 2404 2264 2564
f 2267 2405 2136
f 2137 2266 2572
f 2140 2750 1875
f 2572 2407 2137
f 2134 2561 2408
f 2272 2752 2267
f 2408 2409 2134
f 2270 2410 3122
f 2017 2141 2142
f 2141 2580 2142
f 2142 2580 2271
f 2585 2412 1879
f 2143 2585 1879
f 2270 3122 2411
f 2414 2413 2019
f 2414 2019 2415
f 2757 2414 2415
f 2416 2415 2145
f 2419 2418 2143
f 2145 2758 2416
f 2146 2758 2145
f 2758 2146 2420
f 2586 2147 2273
f 2409 2589 2274
f 2588 2275 2586
f 2144 2424 2417
f 2591 2421 2275
f 2424 2144 2278
f 2279 2422 2276
f 2423 2277 2421
f 2423 2421 2593
f 2422 2279 2426
f 2279 2425 2426
f 2425 2277 2426
f 2423 2426 2277
f 2427 2426 2423
f 2423 2593 2427
f 2282 2424 2278
f 2429 2026 2589
f 2151 2425 2279
f 2428 2425 2152
f 2277 2425 2280
f 2428 2280 2425
f 2280 2428 2427
f 2426 2427 2428
f 2152 2425 2151
f 2430 2280 2427
f 2430 2427 2593
f 2431 2152 2033
f 2153 2431 2033
f 2433 2154 2430
f 2434 2765 2153
f 2153 2765 2431
f 2434 2156 2764
f 2286 2284 2939
f 2435 2290 2768
f 2437 2771 2158
f 2158 2771 2601
f 2288 2602 2287
f 2288 2286 2939
f 2785 2772 2162
f 2163 2289 2773
f 2603 2439 2160
f 2290 2160 2439
f 2290 2435 2161
f 2161 2435 2436
f 2041 2163 2603
f 2440 2292 2166
f 2441 2440 2166
f 2441 2166 2605
f 2605 2042 2606
f 2162 1905 2785
f 2782 2047 2048
f 2297 2782 2048
f 2445 2297 2050
f 2296 2295 2613
f 2967 2442 2966
f 2170 2965 2446
f 2444 2965 2170
f 2617 1905 1773
f 2615 2171 2174
f 2616 2447 2446
f 2618 2617 1773
f 2615 2174 2300
f 2789 2447 2616
f 2303 2447 2789
f 2791 2301 2302
f 2449 2618 2054
f 2792 2303 3166
f 2621 2056 2619
f 2791 2302 2620
f 2620 2302 2306
f 2306 2309 2450
f 2451 2305 2795
f 2176 2970 2307
f 2451 2624 2181
f 2183 2316 2312
f 2309 2316 2798
f 2624 2453 2181
f 2310 2313 2458
f 2318 2452 2626
f 2318 2311 2452
f 2318 2454 2311
f 2641 2311 2454
f 2641 2314 2311
f 2627 2315 2800
f 2627 2455 2315
f 2455 2456 2628
f 2624 2630 2453
f 2318 2459 2313
f 2318 2626 2459
f 2460 2459 2626
f 2460 2461 2319
f 2454 2319 2461
f 2318 2319 2454
f 2454 2461 2641
f 2463 2800 2190
f 2190 2800 2315
f 2635 2464 2191
f 2635 2191 2192
f 2465 2192 1945
f 2193 2466 2465
f 2466 2193 2317
f 2459 2460 2632
f 2632 2460 2319
f 2467 2632 2319
f 2326 2475 2467
f 2323 2468 2186
f 2809 2468 2323
f 2469 2470 2189
f 2470 2471 2189
f 2644 2980 2324
f 2324 2473 2325
f 2980 2473 2324
f 2326 2196 2478
f 2327 2476 2655
f 2477 2642 2327
f 2649 2477 2078
f 2812 2652 1951
f 2812 1951 2653
f 2653 1948 2474
f 2329 2656 2330
f 2657 2198 2331
f 2198 2657 2329
f 2479 2662 2332
f 2665 2200 2482
f 2334 2200 2665
f 2658 2822 2202
f 2481 2658 2202
f 2660 2481 2204
f 2660 2204 2336
f 2660 2336 2661
f 2661 2336 2210
f 2661 2210 2496
f 2662 2491 2332
f 2205 2484 2337
f 2339 2665 2482
f 2339 2485 2665
f 2334 2671 2340
f 2671 2666 2340
f 2666 2486 2487
f 2340 2666 2487
f 2487 2488 2340
f 2488 2487 2349
f 2209 2489 2087
f 2209 2490 2489
f 2490 2209 2089
f 2089 2202 2822
f 2490 2089 2822
f 2500 2343 2342
f 2500 2669 2343
f 2344 2825 2205
f 2205 2825 2484
f 2347 2502 2346
f 2348 2503 2347
f 2338 2503 2348
f 2207 2503 2338
f 2486 2492 2212
f 2212 2492 2504
f 2213 2487 2486
f 2493 2492 2486
f 2349 2487 2213
f 2351 2495 2350
f 2356 2496 2210
f 2667 2496 2356
f 2499 2500 2342
f 2214 2501 2353
f 2676 2501 2214
f 2676 2214 2354
f 2355 2354 2345
f 2502 2355 2346
f 2503 2207 2504
f 2494 2350 2505
f 2349 2350 2494
f 2837 2495 2351
f 2667 2356 2359
f 2501 2507 2353
f 2216 2686 2360
f 2360 2686 2357
f 2845 2509 2510
f 2215 2688 2359
f 2352 2685 2512
f 2497 2685 2352
f 2362 2850 2514
f 2509 2362 2217
f 2516 2694 2215
f 2513 2691 2363
f 2363 2691 2364
f 2364 2691 2218
f 2692 2220 2514
f 2221 2516 2365
f 2363 2224 2513
f 2513 2224 2695
f 2692 2515 2220
f 2221 2222 2516
f 2518 2517 2519
f 2520 2698 2224
f 2696 2699 2521
f 2366 2519 2517
f 2367 2520 2224
f 3045 2372 2227
f 3045 2705 2372
f 2228 2523 2367
f 2523 2228 2524
f 2522 2524 2228
f 2521 2367 2523
f 2704 2368 2369
f 2228 2377 2522
f 2370 2704 2371
f 2371 2704 2369
f 2114 2530 2373
f 2376 2530 2114
f 2373 2530 2710
f 2531 2234 2710
f 2378 2712 2527
f 2374 2378 2527
f 2374 2527 2528
f 2374 2528 2375
f 2375 2528 2529
f 2375 2529 2370
f 2532 2231 2525
f 2878 2727 2526
f 2716 2715 2532
f 2531 2239 2234
f 2880 2377 2121
f 2379 2538 2535
f 2379 2240 2538
f 2715 2384 2116
f 2715 2116 2532
f 2385 2536 2380
f 2724 2386 3062
f 2122 2538 2240
f 2123 2539 2389
f 2389 2539 2536
f 2390 2887 2248
f 2540 2726 2249
f 2541 2538 2122
f 2541 2122 2125
f 2541 2125 2250
f 2387 3261 2388
f 2388 3073 2542
f 2391 2542 2543
f 2391 2543 2544
f 2729 2391 2544
f 2392 2391 2729
f 2729 2888 2392
f 2123 2392 2539
f 2254 2251 2545
f 2545 2251 2887
f 2726 2540 2889
f 2725 2546 2537
f 2252 2731 2250
f 2253 2548 2393
f 2393 2548 2547
f 2253 2543 2548
f 2549 2548 2543
f 2548 2549 2550
f 2394 2543 2253
f 2543 2394 2544
f 2550 2544 2394
f 2544 2550 2549
f 2394 2551 2550
f 2394 2395 2551
f 2395 2254 2545
f 2540 2552 2889
f 2548 2550 2551
f 2889 2552 2553
f 2552 2256 2553
f 2257 2737 2256
f 2398 2397 3065
f 2259 2737 2257
f 2554 2399 2396
f 2261 2737 2259
f 2556 2260 2738
f 3087 2741 2398
f 2261 2400 2555
f 2740 2260 2556
f 2136 2559 2557
f 2746 2563 2562
f 2744 2401 2746
f 2560 2902 2742
f 2564 3103 2404
f 2566 2265 2570
f 2566 2562 2402
f 2402 2562 2563
f 2402 2567 2403
f 2563 2567 2402
f 2563 2746 2568
f 2401 2568 2746
f 2568 2401 2569
f 2403 2569 2401
f 2569 2403 2567
f 2404 2568 2569
f 2905 2568 2404
f 2570 2406 2907
f 2572 2266 2567
f 2567 2266 2569
f 2569 2266 2404
f 2752 2573 2405
f 2752 2405 2267
f 2406 2750 2907
f 2571 2574 2407
f 2571 2407 2572
f 2140 2269 2575
f 2751 2576 2268
f 2268 2574 2751
f 2577 2409 2408
f 2269 2578 2575
f 2412 2578 2269
f 2268 2916 2410
f 2411 2754 2141
f 2579 2754 2411
f 2272 2577 2752
f 2577 2272 2584
f 2417 2584 2272
f 2584 2417 2755
f 2583 2755 2417
f 2409 2577 2584
f 2412 2585 2578
f 2143 2418 2585
f 2585 2418 2759
f 3122 2919 2411
f 2411 2919 2920
f 2920 2579 2411
f 2757 2415 2416
f 2581 2582 2273
f 2582 2586 2273
f 2417 2761 2583
f 2584 2755 2409
f 2587 2418 2419
f 2587 2419 2413
f 2755 2589 2409
f 2276 2592 2590
f 2588 2591 2275
f 2422 2592 2276
f 2591 2593 2421
f 2594 2593 2591
f 2595 2422 2426
f 2763 2429 2589
f 2595 2426 2428
f 2152 2595 2428
f 2596 2430 2593
f 2763 2432 2429
f 2596 2433 2430
f 2432 2763 3150
f 2765 2597 2431
f 2772 2957 2282
f 2434 2764 2765
f 2285 2432 3150
f 2768 2600 2435
f 2600 2769 2435
f 2769 2770 2435
f 2435 3145 2436
f 2770 3145 2435
f 2436 3145 2437
f 2158 2601 2438
f 2438 2601 2598
f 2947 2288 2939
f 2772 2785 2957
f 2603 2440 2439
f 2440 2603 2950
f 2599 2950 2603
f 2950 2599 2775
f 2768 2775 2599
f 2775 2768 2604
f 2290 2604 2768
f 2604 2290 2439
f 2441 2604 2439
f 2441 2952 2604
f 2605 2776 2441
f 2777 2606 2291
f 2777 2291 2602
f 2778 2777 2602
f 2167 2779 2289
f 2773 2774 2163
f 2603 2163 2774
f 2607 2440 2950
f 2292 2440 2607
f 2439 2440 2441
f 2285 3587 2442
f 2167 2293 2779
f 2610 2958 2293
f 2609 2960 2294
f 2612 2611 2047
f 2782 2612 2047
f 2781 2443 2294
f 2443 2961 2295
f 2781 2961 2443
f 2613 2614 2444
f 2786 2445 2299
f 2444 2614 2965
f 1905 2617 3372
f 2446 3162 2616
f 3166 2303 2789
f 2448 2967 2619
f 2306 2794 2620
f 2306 2450 2794
f 2795 2305 2792
f 2797 2449 2178
f 2622 2176 2621
f 2797 2178 2623
f 2798 2450 2309
f 2624 2451 2796
f 2310 2625 2623
f 2970 3396 2307
f 2452 2307 3396
f 2981 2625 2310
f 2458 2981 2310
f 2626 2452 3189
f 2800 2974 2627
f 2627 2456 2455
f 2628 2799 2457
f 3182 2799 2628
f 2803 2188 2457
f 2183 2188 2803
f 2183 2803 2316
f 2316 2804 2629
f 2626 3189 2631
f 2631 2460 2626
f 2461 2631 2632
f 2460 2631 2461
f 2633 2641 2461
f 2633 2461 2632
f 2645 2800 2463
f 2464 2801 2191
f 2636 2635 2192
f 2636 2192 2465
f 2457 2976 2803
f 2317 2637 2466
f 2317 2630 2637
f 2978 2630 2624
f 2458 2313 2459
f 2632 2638 2459
f 2632 2631 2638
f 2806 2638 2631
f 2638 2806 2639
f 2640 2639 2806
f 2639 2640 2475
f 2633 2475 2640
f 2475 2633 2467
f 2632 2467 2633
f 2633 2640 2641
f 3198 2323 2462
f 3198 2462 2314
f 2646 2468 2809
f 2642 2468 2646
f 2643 2469 2468
f 2643 2468 2642
f 2470 2469 2643
f 2471 2811 2472
f 2472 2807 2644
f 2808 2980 2644
f 2463 2473 2645
f 2801 2474 2322
f 2801 2322 2191
f 2458 2459 2654
f 2654 2459 2638
f 2638 2639 2654
f 2478 2816 2326
f 2323 3198 2809
f 2809 2990 2646
f 2810 2647 2985
f 2476 2985 2647
f 2985 2476 2646
f 2327 2646 2476
f 2646 2327 2642
f 2647 2810 2648
f 2477 2643 2642
f 2648 2643 2477
f 2643 2648 2810
f 2477 2649 2648
f 2194 2650 2649
f 2328 2650 2194
f 2652 2328 1951
f 2654 2639 2475
f 2654 2475 2326
f 2654 2326 2816
f 2655 2813 2197
f 2655 2476 2647
f 3413 2196 2813
f 2656 2329 2657
f 2656 2479 2330
f 2656 2819 2479
f 2480 2820 2081
f 2081 2820 2331
f 2659 2658 2481
f 2659 2481 2660
f 2819 2662 2479
f 2483 3002 2663
f 2664 2337 2484
f 2664 2485 2337
f 2665 2485 2664
f 2671 2334 2665
f 2349 2673 2488
f 2674 2488 2673
f 2674 2341 2488
f 2836 2341 2674
f 2483 2341 3002
f 2497 2491 2662
f 2662 3210 2668
f 2662 2668 2497
f 2669 2825 2344
f 3005 2825 2669
f 2484 2670 2664
f 2664 2671 2665
f 2672 2666 2671
f 2672 2493 2486
f 2666 2672 2486
f 2673 2494 2493
f 2673 2493 2672
f 2673 2349 2494
f 2673 2505 2674
f 2674 2827 2836
f 2489 2828 2351
f 2828 2489 2490
f 2498 2829 2499
f 2499 2829 2500
f 2501 2676 2830
f 2677 2676 2354
f 2832 2677 2354
f 2832 2354 2355
f 2678 2355 2502
f 2834 2678 2679
f 2678 2502 2679
f 2347 2679 2502
f 2347 2503 2679
f 2504 2680 2503
f 2492 2680 2504
f 2673 2672 2681
f 2673 2681 2505
f 2505 2681 2684
f 2505 2350 2674
f 2495 2674 2350
f 2674 2495 2827
f 2682 2827 2495
f 2827 2682 2681
f 2684 2681 2682
f 2837 2682 2495
f 2837 2351 2828
f 3017 2667 2359
f 2686 2683 2357
f 2357 2838 2506
f 2683 2838 2357
f 2498 2506 2838
f 2501 2839 2507
f 2840 2501 2830
f 2493 2687 2492
f 2492 2687 2680
f 2493 2494 2687
f 2505 2684 2494
f 2684 2682 2844
f 2844 2682 2837
f 2508 2686 2216
f 3226 2689 2509
f 2509 2689 2362
f 2510 2507 2845
f 2851 2494 2684
f 2687 2494 2851
f 2691 3439 2218
f 3439 2511 2218
f 2511 2508 2216
f 2689 2850 2362
f 2846 2680 2687
f 2851 2684 2844
f 2694 2688 2215
f 2690 2512 2685
f 2850 2692 2514
f 2516 2693 2694
f 2512 2690 2859
f 2515 2513 2696
f 2695 2696 2513
f 2696 2695 2699
f 2701 2697 2222
f 2222 2697 2516
f 2517 2697 2862
f 2697 2517 2516
f 2518 2516 2517
f 2516 2518 2693
f 2519 2512 2859
f 2224 2698 2695
f 2866 2701 2700
f 2222 2700 2701
f 2366 3045 2227
f 2366 2517 2862
f 2865 2867 2703
f 2866 2368 2704
f 2869 2866 2704
f 2368 2866 2700
f 2377 2702 2522
f 2524 2522 2706
f 2702 2706 2522
f 2706 2702 2707
f 2520 2707 2702
f 2707 2520 2367
f 2367 2521 2707
f 2709 2703 2867
f 2869 2704 2709
f 2705 2874 2525
f 2705 2525 2372
f 2706 2526 2524
f 2878 2526 2706
f 2527 2712 2708
f 2527 2708 2528
f 2528 2708 2703
f 2528 2703 2529
f 2529 2703 2709
f 2529 2709 2370
f 2370 2709 2704
f 2717 2716 2532
f 2532 2525 2717
f 2376 2232 2711
f 2719 2718 2382
f 2535 2712 2379
f 2379 2712 2378
f 2882 2383 2713
f 2713 2383 2533
f 2713 2533 2714
f 2714 2533 2384
f 2714 2384 2715
f 2884 2721 2380
f 2380 2721 2232
f 2722 2382 2534
f 2720 2239 2531
f 2720 2537 2239
f 2380 2536 2884
f 3067 2723 2386
f 2249 2722 2534
f 2726 2722 2249
f 2882 2387 2383
f 3261 3073 2388
f 2392 2888 2539
f 3070 2545 2887
f 2731 2252 2393
f 3073 2728 2542
f 2542 2728 2543
f 2728 2549 2543
f 2544 2549 2729
f 2549 2728 2729
f 2395 2545 2730
f 2730 2545 3070
f 2890 2546 2725
f 2547 2731 2393
f 2547 2548 2732
f 2551 2395 2730
f 2732 2551 2730
f 2890 2892 2546
f 2732 2548 2551
f 2734 2554 2892
f 2737 2735 2256
f 2554 2734 2736
f 3065 3087 2398
f 2736 2399 2554
f 2733 1863 2557
f 2261 2555 2737
f 2736 2738 2399
f 2557 2739 2897
f 3093 2898 2400
f 2400 2898 2555
f 2557 2558 2739
f 2400 2743 3093
f 2903 2263 2740
f 2559 2558 2557
f 2901 2744 2904
f 2560 2901 2902
f 3292 2564 2903
f 2405 2559 2136
f 2900 2561 2741
f 3495 2561 2900
f 2744 2746 2904
f 2744 2901 2560
f 3292 3103 2564
f 2565 2561 3495
f 2566 2570 2747
f 2566 2745 2562
f 2567 2563 2572
f 2563 3107 2572
f 2563 2568 3107
f 2905 2404 3103
f 2573 2748 2405
f 2570 2907 2747
f 2913 2573 2752
f 2748 2573 2749
f 2913 2749 2573
f 2565 2748 2749
f 2408 2565 2749
f 2561 2565 2408
f 2574 3109 2751
f 3109 2574 2571
f 2749 2914 2408
f 2576 3114 2268
f 2914 2577 2408
f 3116 2753 2575
f 3116 2575 2578
f 2754 3519 2141
f 2141 3519 2580
f 2271 3119 2581
f 2580 3119 2271
f 2916 3122 2410
f 2413 2414 2756
f 4075 3313 2586
f 2582 4075 2586
f 2760 2759 2418
f 2587 2760 2418
f 2756 2587 2413
f 2590 3895 2420
f 3895 2758 2420
f 3121 2589 2755
f 2276 2590 2420
f 3319 2761 2424
f 2417 2424 2761
f 2589 3121 3530
f 2926 2925 2422
f 2422 2925 2592
f 2762 2594 2591
f 3530 2763 2589
f 2595 2926 2422
f 2929 2593 2594
f 2282 3138 2424
f 2931 2595 2152
f 2926 2595 2931
f 2929 2596 2593
f 2431 2931 2152
f 2282 3356 3138
f 2597 2931 2431
f 3338 2433 2596
f 2283 2433 3338
f 3570 2284 2283
f 3570 2283 3139
f 2598 3350 2764
f 2939 2284 3570
f 3143 2599 2603
f 2934 2599 3143
f 2934 2768 2599
f 2769 2600 2766
f 2769 2942 2770
f 3145 2771 2437
f 2601 2767 2598
f 2946 2602 2288
f 2775 2951 2950
f 2952 2775 2604
f 2606 2776 2605
f 2949 3151 2607
f 2949 2607 2950
f 2293 2958 2779
f 3151 2956 2607
f 2607 2956 2292
f 2956 2608 2292
f 2608 2959 2609
f 2780 2958 2610
f 2780 2610 2611
f 2612 2780 2611
f 2960 2781 2294
f 2782 2297 2962
f 2783 2297 2445
f 2783 2962 2297
f 2961 2613 2295
f 2784 2613 2961
f 2784 2963 2613
f 2964 2445 2786
f 2786 2299 2171
f 2787 2786 2171
f 2965 3162 2446
f 3372 2785 1905
f 2788 2171 2615
f 3162 3163 2616
f 2300 2788 2615
f 2790 3164 2301
f 2301 3164 2300
f 3165 2789 2616
f 2791 2790 2301
f 2789 3165 3166
f 3372 2617 2618
f 2790 2791 2793
f 2793 2791 2620
f 3166 2969 2792
f 2792 2969 3169
f 3167 2621 2619
f 2793 2620 2794
f 3169 2795 2792
f 2795 2796 2451
f 2176 2622 2970
f 2450 2798 2973
f 2797 2623 2625
f 2629 2798 2316
f 2629 2973 2798
f 3396 3189 2452
f 2971 2627 2974
f 2627 3175 2456
f 2456 3175 2972
f 2972 2628 2456
f 2972 3177 2628
f 2628 3177 3182
f 2799 2976 2457
f 2804 2316 2803
f 2796 3386 2978
f 2624 2796 2978
f 2802 2801 2464
f 2802 2464 2634
f 2635 2634 2464
f 2976 3187 2803
f 2630 2805 2637
f 2631 3189 2806
f 2979 2641 2640
f 2979 2640 2806
f 2314 2641 2979
f 2811 2471 2470
f 2807 2472 2811
f 2807 2808 2644
f 3191 2636 2465
f 3402 2465 2466
f 3402 2466 2637
f 3412 2809 3198
f 2990 2985 2646
f 2643 2810 2470
f 2651 2650 2328
f 2652 2651 2328
f 2812 2653 2474
f 2458 2654 2988
f 2655 2817 2813
f 2814 2647 2648
f 2814 2655 2647
f 2814 2648 2649
f 2814 2649 2650
f 2815 2989 2654
f 2815 2654 2816
f 2816 2478 2196
f 3413 2816 2196
f 2657 2996 2656
f 2657 2331 2820
f 2659 2821 2658
f 2659 2660 2818
f 2823 2660 2661
f 2823 2818 2660
f 2819 3210 2662
f 2823 2661 2496
f 3002 2341 2836
f 2496 2667 2824
f 2500 2829 2669
f 2829 3005 2669
f 2670 3004 2826
f 2484 3004 2670
f 3008 2664 2670
f 3008 2671 2664
f 2835 2671 3008
f 2835 2672 2671
f 3022 2836 2827
f 2828 2490 3003
f 2675 2829 2498
f 2677 2831 2676
f 2676 2831 2830
f 2678 2826 2355
f 3004 2355 2826
f 2355 3004 2832
f 3007 2832 3004
f 2832 3007 2833
f 2834 2833 3007
f 2834 2826 2678
f 2826 2834 2670
f 2670 2834 3008
f 3008 3222 2835
f 2835 2843 2672
f 2843 2681 2672
f 3022 2827 2681
f 3220 2497 2668
f 2498 2838 2675
f 2840 2839 2501
f 2840 2830 2841
f 2841 2830 2831
f 2831 2677 3015
f 3015 2677 2832
f 3015 2832 2833
f 2679 2833 2834
f 2679 3030 2833
f 2503 2842 2679
f 2679 2842 3030
f 2680 2842 2503
f 2843 3022 2681
f 2844 2837 3016
f 3016 2837 2828
f 2848 3017 2359
f 3220 2685 2497
f 2508 3018 2686
f 3019 2509 2845
f 3019 3226 2509
f 2845 2507 2839
f 2846 2842 2680
f 3022 2843 2847
f 2688 2848 2359
f 2849 3026 3220
f 3026 2685 3220
f 3439 3027 2511
f 2511 3027 2508
f 3028 2855 2850
f 2844 2852 2851
f 2694 2858 2688
f 2858 2848 2688
f 3026 2690 2685
f 2691 2513 2853
f 3236 2691 2853
f 2692 2850 2855
f 3033 2846 2856
f 2856 2846 2687
f 2851 2856 2687
f 2694 2693 2857
f 3044 2694 2857
f 2858 2694 3044
f 2698 2853 2695
f 2699 2695 3038
f 2853 3038 2695
f 3038 2853 2860
f 2513 2860 2853
f 2860 2513 2515
f 2515 2692 2860
f 2861 2856 2851
f 2861 2851 2852
f 2861 2852 3035
f 2697 2701 2857
f 2857 2862 2697
f 2862 2857 2863
f 2693 2863 2857
f 2863 2693 2518
f 3242 2519 2859
f 2518 2519 3242
f 3050 2699 3038
f 3047 3033 2864
f 2864 3033 2856
f 2864 2856 2865
f 2865 2856 2861
f 2861 3035 3049
f 2366 2862 3045
f 2520 2702 2698
f 2698 2702 3061
f 2521 2699 3050
f 2703 2864 2865
f 2865 2861 2867
f 2867 2861 3049
f 2377 3061 2702
f 2707 2521 3050
f 2708 2871 2864
f 2708 2864 2703
f 2709 2867 3049
f 2709 3049 2868
f 2709 2868 2869
f 2707 2878 2706
f 2879 2871 2712
f 2712 2871 2708
f 2872 2714 2873
f 2873 2714 2876
f 2525 2874 2717
f 2530 2376 2711
f 2710 2875 2531
f 2531 2875 2720
f 3060 2720 2875
f 2879 2712 2535
f 2713 2714 2872
f 2876 2714 2715
f 2876 2715 2716
f 2876 2716 2717
f 2721 2711 2232
f 3253 3461 2381
f 2877 2381 2718
f 2877 3253 2381
f 2877 2718 2719
f 2722 3255 2382
f 3059 3064 2882
f 3059 2882 2713
f 2721 2884 3258
f 2381 3461 3062
f 3060 2537 2720
f 3060 2881 2537
f 2878 3065 2727
f 2879 2535 3066
f 2535 2538 3066
f 2883 2884 2536
f 2390 2723 3067
f 3067 2386 2724
f 2724 3062 3464
f 2881 2725 2537
f 2882 2885 2387
f 3261 2387 2885
f 2536 2539 2883
f 2539 2886 2883
f 2887 2390 3070
f 3070 2390 3067
f 2539 2888 2886
f 2889 3068 2726
f 2891 2250 2731
f 2729 2728 3076
f 2888 2729 3076
f 2730 3070 3069
f 3078 2891 2731
f 3078 2731 2547
f 3074 3075 2728
f 3075 3076 2728
f 2890 3267 2892
f 2732 3078 2547
f 3080 2732 2730
f 2256 2735 2553
f 2735 2893 2553
f 3267 2734 2892
f 2737 2894 2735
f 2733 2557 2895
f 2555 2894 2737
f 2555 2896 2894
f 2736 2556 2738
f 2897 2895 2557
f 2896 2555 2898
f 2740 2556 3282
f 2739 3092 2897
f 2739 2558 2900
f 2899 2900 2558
f 2741 3092 2739
f 3087 3092 2741
f 2902 3291 2742
f 2742 3291 2743
f 2743 3291 3093
f 2740 3486 2903
f 2559 2899 2558
f 2739 2900 2741
f 2901 3098 2902
f 2405 3505 2559
f 3100 2745 2747
f 2745 2904 2562
f 2562 2904 2746
f 3102 2905 3103
f 2565 3495 2906
f 2566 2747 2745
f 3107 2568 2905
f 2750 2909 2907
f 2908 3109 2571
f 2908 2571 3107
f 3107 2571 2572
f 2749 2913 2910
f 2748 2565 2906
f 2748 2906 2911
f 2140 3110 2909
f 2750 2140 2909
f 2576 2912 3304
f 2910 2914 2749
f 2753 3110 2575
f 2575 3110 2140
f 2912 2576 2751
f 2913 2577 2915
f 2913 2752 2577
f 2918 3116 2578
f 2578 2585 2918
f 3114 3117 2268
f 2916 2268 3117
f 3519 3118 2580
f 2761 2915 2583
f 2755 2583 2915
f 2577 2917 2915
f 2577 2914 2917
f 2585 2759 2918
f 3312 2757 2416
f 3125 3312 2416
f 3125 2416 2758
f 3121 2755 2915
f 2921 2918 2759
f 2759 2760 2921
f 2587 3128 2760
f 2922 2587 2756
f 2922 3128 2587
f 2586 3313 2588
f 3313 3129 2588
f 2923 2921 2760
f 2923 2760 3128
f 3132 2590 2592
f 3129 2591 2588
f 3129 2762 2591
f 3132 2592 2925
f 2927 2925 2926
f 2924 2594 2762
f 2928 2594 2924
f 2929 2594 2928
f 3136 2763 3530
f 2927 2926 3137
f 2926 2931 3137
f 3550 2763 3136
f 3333 2596 2929
f 3338 2596 3333
f 2957 3356 2282
f 2765 2933 2597
f 3139 2283 3338
f 2764 2933 2765
f 3350 2933 2764
f 2600 2768 2934
f 3140 2600 2934
f 2600 3140 2766
f 3140 2935 2766
f 2767 3579 2598
f 3579 3580 2598
f 2941 2935 3147
f 2935 2941 2766
f 2940 2766 2941
f 2766 2940 2769
f 2952 2769 2940
f 2942 2769 2952
f 2942 2943 2936
f 3147 2936 2943
f 2936 3147 2935
f 2942 2936 2770
f 2770 2936 3341
f 2770 3341 3145
f 2771 3145 3347
f 2771 3347 3349
f 2771 3349 2937
f 2771 2944 2601
f 2944 2771 2954
f 2937 2954 2771
f 2954 2937 2945
f 2955 2601 2944
f 2601 2955 2938
f 2945 2938 2955
f 2938 2945 2937
f 2601 2938 2767
f 2602 2946 2778
f 2946 3759 2778
f 2948 2773 2289
f 2774 3143 2603
f 2951 2949 2950
f 2951 2775 2940
f 2940 2775 2952
f 2952 2943 2942
f 3352 2952 2441
f 3352 2441 2776
f 2953 2776 2606
f 2953 2606 2777
f 2954 2953 2777
f 2777 2944 2954
f 2777 2955 2944
f 2778 2955 2777
f 2955 2778 3759
f 2779 2948 2289
f 2608 2956 2959
f 3342 3587 2285
f 2959 2960 2609
f 2785 3590 2957
f 3156 3154 2780
f 2612 3156 2780
f 3156 2612 2782
f 2960 3157 2781
f 3157 2961 2781
f 2964 2783 2445
f 2613 2963 2614
f 3587 2966 2442
f 2614 3366 2965
f 2787 2171 2788
f 2788 2300 3164
f 2616 3163 3165
f 3164 2790 2968
f 2967 3167 2619
f 2793 2968 2790
f 3171 3372 2618
f 3171 2618 2449
f 2797 3171 2449
f 2794 3373 2793
f 3167 3168 2622
f 2621 3167 2622
f 2794 2450 3373
f 2795 3169 3170
f 3173 3373 2450
f 2795 3170 2796
f 3168 3172 2622
f 2970 2622 3172
f 2450 2973 3173
f 3174 2627 2971
f 3174 3175 2627
f 3175 3176 2972
f 2629 3183 2973
f 3386 2796 3170
f 3172 3604 2970
f 3604 3396 2970
f 2634 3389 3181
f 3187 2976 2799
f 2975 2629 2804
f 2629 2975 3183
f 2800 2645 2974
f 3180 2801 2802
f 3181 2802 2634
f 2635 3390 2634
f 2803 3187 2804
f 3187 2977 2804
f 2978 2805 2630
f 2978 3188 2805
f 2979 2806 3189
f 2980 3397 2473
f 2474 2801 3190
f 3191 2465 3402
f 2982 2981 2458
f 2984 2314 2979
f 2991 2985 2990
f 2985 3194 2810
f 2810 2986 2470
f 3194 2986 2810
f 2470 2986 2811
f 2811 3407 2807
f 2812 2987 2652
f 2983 2982 2458
f 2988 2983 2458
f 2654 2989 2988
f 3412 3199 2809
f 2809 3199 2990
f 3200 3617 2814
f 3200 2814 2650
f 3614 3200 2650
f 3614 2650 2651
f 2992 2988 2989
f 2994 2815 2993
f 2816 2993 2815
f 2817 2655 2814
f 3202 2993 2816
f 2995 2816 3413
f 2998 2996 2657
f 2996 3203 2656
f 2820 2997 2657
f 2997 2998 2657
f 3203 2819 2656
f 3203 3000 2819
f 2820 2480 3001
f 2999 2821 2659
f 2659 2818 2999
f 3206 2999 2818
f 2823 3206 2818
f 3000 3209 2819
f 2819 3209 3210
f 2663 3002 3211
f 2480 2663 3001
f 2663 3211 3001
f 3212 2822 2658
f 2658 2821 3212
f 2496 2824 2823
f 2490 2822 3212
f 3003 2490 3212
f 2667 3011 2824
f 3217 2668 3210
f 3006 2825 3005
f 3218 2484 2825
f 3218 2825 3006
f 3004 2484 3218
f 3002 2836 3010
f 3003 3215 2828
f 2667 3017 3011
f 3004 3218 3007
f 3007 3008 2834
f 3009 2835 3222
f 3010 2836 3022
f 2828 3215 3016
f 3217 3220 2668
f 2683 3012 2838
f 3012 3221 2838
f 2838 3221 2675
f 2840 3013 2839
f 3228 2841 3014
f 2831 3014 2841
f 2831 3015 3014
f 2833 3021 3015
f 3009 3229 2835
f 3229 2843 2835
f 3010 3022 3023
f 3011 3017 3219
f 2683 2686 3018
f 3019 2845 2839
f 3019 2839 3020
f 3020 2839 3013
f 3021 2833 3030
f 3034 2843 3229
f 3016 3024 2844
f 3025 3017 2848
f 3025 3026 3017
f 2849 3017 3026
f 3017 2849 3219
f 3439 2691 3236
f 3028 2850 2689
f 3029 3028 2689
f 3029 2689 3226
f 2846 3030 2842
f 3034 3031 2843
f 3031 2847 2843
f 3022 2847 3023
f 3032 2852 3024
f 3024 2852 2844
f 2858 3235 3025
f 2848 2858 3025
f 2855 2854 2692
f 3047 3030 2846
f 3033 3047 2846
f 3034 3039 3031
f 2847 3031 3040
f 3032 3035 2852
f 3032 3024 3036
f 2859 2690 3242
f 2690 3445 3242
f 2698 3236 2853
f 2698 3037 3236
f 2854 2860 2692
f 3249 3030 3047
f 3039 3053 3031
f 3041 3035 3032
f 3041 3032 3036
f 3036 2868 3041
f 3042 2868 3036
f 3043 3044 2701
f 2857 2701 3044
f 3246 3045 2863
f 2863 3045 2862
f 3242 2863 2518
f 3242 3246 2863
f 3037 2698 3046
f 3051 3050 3038
f 3053 3039 3251
f 3053 3048 3031
f 3031 3048 3040
f 3040 3048 3057
f 3049 3035 3041
f 2868 3042 2869
f 2869 3042 2866
f 2866 3042 3241
f 2866 3241 3043
f 2866 3043 2701
f 3246 2870 3045
f 3052 3047 2871
f 2864 2871 3047
f 3053 3251 3055
f 3048 3056 3057
f 3049 3041 2868
f 2870 2705 3045
f 3053 3055 2872
f 3053 2872 2873
f 3053 2873 3048
f 3048 2873 3056
f 2870 2874 2705
f 2711 3252 2530
f 2530 3665 2710
f 3252 3665 2530
f 3050 2878 2707
f 2871 2879 3052
f 3059 2713 3055
f 3055 2713 2872
f 2873 2876 3056
f 3056 2876 3057
f 3057 2876 3058
f 3058 2876 2717
f 3058 2717 3054
f 3054 2717 2874
f 3255 3254 2719
f 2880 3061 2377
f 2719 2382 3255
f 3256 2881 3060
f 3061 2880 3680
f 2722 2726 3257
f 3063 2881 3256
f 2878 3668 3065
f 2884 2883 3258
f 3067 2724 3464
f 3064 2885 2882
f 3262 3070 3067
f 3063 2725 2881
f 2880 2733 3680
f 3072 3066 2538
f 3072 2538 2541
f 2888 3076 2886
f 2889 3071 3068
f 3063 2890 2725
f 3072 2541 2250
f 3072 2250 2891
f 3073 3074 2728
f 2553 3071 2889
f 3069 3081 2730
f 3081 3069 3077
f 2893 3071 2553
f 3078 3083 2891
f 2732 3079 3078
f 2730 3081 3080
f 2735 3082 2893
f 3083 3078 3084
f 3079 3085 3084
f 3078 3079 3084
f 2732 3086 3079
f 3080 3086 2732
f 3087 3065 3874
f 3088 2736 2734
f 2894 2896 3089
f 2736 3088 2556
f 2897 3090 2895
f 2898 3289 2896
f 3090 2897 3091
f 2740 3282 3486
f 2559 3091 2899
f 2900 2899 3495
f 3091 3495 2899
f 3495 3091 3094
f 2897 3094 3091
f 3094 2897 3092
f 2903 3486 3292
f 3099 3105 3104
f 3096 3100 3095
f 2745 3100 3096
f 2745 3096 2904
f 2904 3096 3097
f 2904 3097 2901
f 3306 3505 2405
f 3104 3105 2909
f 3104 2909 3108
f 2747 3105 3099
f 2747 3099 3100
f 3107 2905 3102
f 2906 3495 3506
f 2907 2909 3105
f 2907 3105 2747
f 2908 3106 3109
f 3106 2908 3107
f 2748 3306 2405
f 2748 2911 3306
f 2909 3110 3108
f 2751 3109 2912
f 2911 3112 3111
f 2910 3111 3112
f 3111 2910 2913
f 3304 3513 2576
f 3112 2914 2910
f 3513 3114 2576
f 2917 2913 2915
f 3115 2914 3112
f 3114 3517 3117
f 2579 3309 2754
f 2754 3309 3519
f 3119 2582 2581
f 2761 3120 2915
f 2915 3120 3121
f 2917 2914 3115
f 2921 3516 2918
f 3117 3311 2916
f 2916 3311 3122
f 3127 2919 3122
f 3127 2920 2919
f 3123 2920 3127
f 2920 3123 2579
f 2414 3124 2756
f 3124 2414 2757
f 2761 3126 3120
f 3122 3311 3127
f 3127 3318 3123
f 3128 2922 3316
f 2922 2756 3124
f 2923 3320 2921
f 3128 3130 2923
f 3530 3121 3314
f 3132 3529 2590
f 3129 3131 2762
f 3900 3131 3129
f 3131 2924 2762
f 2927 3132 2925
f 2924 2927 2928
f 2927 2924 3132
f 3131 3132 2924
f 3132 3131 3133
f 3134 3133 3131
f 3138 3319 2424
f 3133 3134 3135
f 2928 3135 3134
f 3135 2928 3137
f 3137 2928 2927
f 2929 2928 3134
f 2930 2929 3134
f 2930 3331 2929
f 3331 3333 2929
f 2597 2932 2931
f 3550 3150 2763
f 2597 2933 2932
f 2935 3140 3141
f 2935 3141 2936
f 3142 2936 3141
f 2936 3144 3341
f 3142 3144 2936
f 3347 3348 3349
f 3349 2938 2937
f 2938 3749 2767
f 2598 3580 3350
f 3570 3351 2939
f 2940 2941 3146
f 3352 3148 2943
f 2943 3148 3147
f 3352 3345 3148
f 2945 3149 2954
f 2955 3149 2945
f 2947 2939 3351
f 3357 2773 2948
f 2949 2951 3146
f 3146 2951 2940
f 2943 2952 3352
f 3149 2953 2954
f 3342 2285 3150
f 2958 3153 2779
f 3360 2956 3151
f 3360 3152 2956
f 3362 3153 2958
f 3154 3362 2958
f 3154 2958 2780
f 3155 2959 2956
f 2957 3590 4136
f 2962 3156 2782
f 2784 2961 3364
f 3158 3156 2962
f 2783 3158 2962
f 2783 2964 3159
f 3364 2963 2784
f 3160 2964 2786
f 3366 2614 2963
f 3366 3367 2965
f 3367 3162 2965
f 3590 2785 3369
f 3780 3165 3163
f 2785 3372 3369
f 4340 2967 2966
f 3165 3780 3166
f 3780 3370 3166
f 2969 3166 3370
f 3594 3167 2967
f 3167 3594 3168
f 3371 3169 2969
f 3395 2797 2625
f 3176 3175 3378
f 3176 3600 2972
f 2972 3600 3177
f 3600 3178 3177
f 2973 3183 3173
f 3181 3180 2802
f 3179 3177 3178
f 3179 3182 3177
f 3182 3385 2799
f 3385 3606 2799
f 3606 3187 2799
f 3184 2978 3386
f 3613 3395 2625
f 3613 2625 2981
f 3185 2974 2645
f 3186 3390 2635
f 3186 2635 2636
f 3187 3608 2977
f 2804 2977 2975
f 3396 3400 3189
f 2807 3611 2808
f 2808 3611 2980
f 2980 3611 3397
f 2473 3397 3185
f 2473 3185 2645
f 3180 3190 2801
f 3191 3612 2636
f 3615 3191 3402
f 3402 2637 2805
f 3192 3398 2981
f 3192 2981 2982
f 3189 3400 3616
f 3189 3616 2979
f 3193 2984 2979
f 2986 3407 2811
f 2807 3407 3611
f 2987 2651 2652
f 3190 2812 2474
f 3195 3192 2982
f 3195 2982 2983
f 2979 3809 3193
f 3193 3197 2984
f 3198 2314 2984
f 3198 2984 3197
f 3621 2991 2990
f 2991 3194 2985
f 2815 3193 2989
f 3196 2989 3193
f 2989 3196 2992
f 2992 3196 2994
f 3201 2994 3196
f 3197 2994 3201
f 2994 3197 2815
f 3193 2815 3197
f 3806 2817 2814
f 2988 2992 3410
f 3410 2992 2994
f 3410 2994 2993
f 2993 3202 3410
f 3413 2813 2817
f 3202 2816 3631
f 3631 2816 2995
f 2820 3001 2997
f 3001 3423 2997
f 3204 2821 2999
f 3206 3205 2999
f 3208 3207 2823
f 3207 3206 2823
f 3000 3208 3209
f 3208 3000 3207
f 3419 3207 3000
f 3209 3427 3210
f 3001 3211 3423
f 3204 3212 2821
f 2824 3208 2823
f 3011 3213 2824
f 3213 3208 2824
f 3216 3213 3011
f 3002 3214 3211
f 3214 3002 3010
f 3215 3003 3637
f 3428 2675 3221
f 2675 3428 2829
f 2829 3428 3005
f 3005 3432 3006
f 3428 3432 3005
f 3006 3432 3433
f 3433 3218 3006
f 3008 3007 3218
f 3214 3010 3023
f 3011 3219 3216
f 3221 3643 3428
f 2840 2841 3013
f 3218 3434 3008
f 3434 3222 3008
f 3223 3009 3222
f 3224 3016 3215
f 3027 3436 2508
f 3436 3018 2508
f 2683 3018 3012
f 3012 3018 3431
f 3226 3019 3227
f 3020 3227 3019
f 3013 2841 3228
f 3233 3228 3014
f 3015 3021 3014
f 3014 3021 3233
f 3434 3223 3222
f 3223 3229 3009
f 3016 3224 3024
f 3025 3230 3225
f 3026 3025 3231
f 3025 3225 3231
f 3219 2849 3231
f 3219 3231 3225
f 3220 3231 2849
f 3438 3439 3236
f 3439 3835 3027
f 3232 3029 3226
f 3232 3226 3227
f 3030 3244 3021
f 3223 3239 3229
f 3239 3034 3229
f 3234 3023 2847
f 3036 3024 3224
f 3036 3224 3442
f 3235 3230 3025
f 3445 2690 3231
f 2690 3026 3231
f 3445 3231 3220
f 2855 3237 2854
f 3238 3021 3244
f 3040 3240 3234
f 3040 3234 2847
f 3234 3240 3447
f 3042 3036 3442
f 3044 3235 2858
f 3037 3456 3236
f 3249 3244 3030
f 3239 3039 3034
f 3452 3039 3239
f 3042 3442 3241
f 3043 3241 3444
f 3247 3046 2698
f 3037 3243 3456
f 3243 3037 3051
f 3046 3051 3037
f 3038 3243 3051
f 3240 3040 3057
f 3240 3057 3250
f 3240 3250 3447
f 2870 3246 3245
f 2698 3061 3247
f 3046 3050 3051
f 3046 3664 3050
f 3052 3249 3047
f 3452 3251 3039
f 3250 3054 3248
f 3248 3054 2874
f 3248 2874 2870
f 3248 2870 3245
f 3251 3059 3055
f 3057 3058 3250
f 3250 3058 3054
f 2710 3665 2875
f 2875 3665 4202
f 3664 2878 3050
f 2721 3460 2711
f 3666 2711 3460
f 3254 2877 2719
f 2875 3458 3060
f 3458 3256 3060
f 3668 2878 3664
f 3066 3259 2879
f 2879 3259 3052
f 3251 3465 3064
f 3064 3059 3251
f 3258 3460 2721
f 3464 3062 3461
f 3257 3462 2722
f 3258 2883 3260
f 3067 3464 3466
f 2726 3068 3257
f 3468 3259 3066
f 2886 3467 2883
f 2883 3467 3260
f 3067 3466 3262
f 3072 3468 3066
f 2886 3265 3467
f 3070 3262 3069
f 3267 2890 3063
f 3063 3867 3267
f 3261 3677 3073
f 3677 3264 3073
f 3073 3264 3074
f 3265 2886 3076
f 3069 3262 3266
f 3270 3072 2891
f 3271 3075 3074
f 3271 3074 3268
f 3075 3269 3076
f 3269 3265 3076
f 3265 3269 3275
f 3069 3266 3077
f 3278 3270 3083
f 3270 2891 3083
f 3269 3075 3271
f 3081 3077 3080
f 3077 3266 3470
f 3084 3272 3083
f 3083 3272 3278
f 3474 3084 3268
f 3084 3474 3272
f 3273 3272 3474
f 3273 3274 3085
f 3271 3085 3274
f 3085 3271 3084
f 3268 3084 3271
f 3271 3274 3269
f 3269 3274 3275
f 3276 3080 3077
f 2735 3691 3082
f 3683 2734 3267
f 3277 3272 3273
f 3278 3272 3277
f 3079 3277 3085
f 3277 3273 3085
f 3079 3086 3277
f 3080 3276 3086
f 3480 3276 3077
f 3077 3475 3480
f 2735 2894 3691
f 3691 2894 3089
f 3683 3088 2734
f 3277 3086 3279
f 3279 3086 3276
f 3280 3276 3480
f 3279 3276 3280
f 3278 3293 3487
f 3277 3293 3278
f 3293 3277 3279
f 3280 3480 3281
f 2896 3482 3089
f 3485 3482 2896
f 3283 2556 3088
f 3282 2556 3283
f 3284 3293 3279
f 3285 3279 3280
f 3284 3279 3285
f 3285 3280 3286
f 3286 3280 3287
f 3287 3280 3281
f 3288 3287 3281
f 3090 3091 3505
f 3874 3092 3087
f 3493 3291 3098
f 3093 3289 2898
f 2559 3505 3091
f 3874 3495 3094
f 3094 3092 3874
f 3294 3293 3284
f 3294 3284 3295
f 3295 3284 3285
f 3286 3287 3095
f 3095 3287 3096
f 3096 3287 3097
f 3097 3287 3288
f 3097 3288 3290
f 3097 3290 2901
f 2901 3290 3098
f 2902 3098 3291
f 3293 3294 3300
f 3104 3294 3295
f 3104 3295 3099
f 3099 3295 3285
f 3099 3296 3100
f 3296 3099 3297
f 3285 3297 3099
f 3286 3297 3285
f 3297 3286 3298
f 3095 3298 3286
f 3100 3298 3095
f 3298 3100 3296
f 3502 3101 3102
f 3504 3103 3292
f 3108 3300 3294
f 3108 3294 3104
f 3301 3296 3297
f 3301 3106 3296
f 3296 3106 3298
f 3298 3106 3299
f 3299 3106 3107
f 3299 3107 3101
f 3101 3107 3102
f 2906 3506 3302
f 3303 3300 3108
f 3305 3106 3301
f 3511 2906 3302
f 3110 3303 3108
f 3304 2912 3305
f 3305 2912 3109
f 3305 3109 3106
f 3714 3111 2913
f 2911 3111 3306
f 3306 3111 3714
f 3511 2911 2906
f 3889 2911 3511
f 2753 3307 3110
f 3110 3307 3303
f 3513 3304 3711
f 3112 2911 3889
f 3113 3307 2753
f 3513 3517 3114
f 2917 3714 2913
f 2917 3308 3714
f 3889 3115 3112
f 3515 3115 3889
f 3113 2753 3116
f 3516 3116 2918
f 3516 3113 3116
f 2580 3118 3514
f 2580 3514 3119
f 3119 3514 4073
f 4073 2582 3119
f 2582 3713 4075
f 2917 3115 3308
f 3308 3115 3310
f 3121 3310 3115
f 3310 3121 3120
f 3516 2921 3317
f 3524 3516 3317
f 3123 3717 2579
f 2579 3717 3309
f 3124 2757 3523
f 3894 2757 3312
f 3894 3523 2757
f 3515 3314 3115
f 3314 3121 3115
f 3117 3522 3311
f 3311 3522 3315
f 3315 3127 3311
f 3527 3127 3315
f 3318 3127 3527
f 3317 2921 3320
f 3128 3322 3130
f 3128 3316 3322
f 3316 2922 3528
f 3317 3320 3536
f 2923 3323 3320
f 3130 3321 2923
f 2923 3321 3323
f 3130 3322 3321
f 3536 3320 3323
f 3324 3131 3900
f 3324 3134 3131
f 3138 3329 3319
f 3133 3135 3325
f 3134 3135 2930
f 3135 3134 3325
f 3324 3325 3134
f 3325 3324 3326
f 3327 3326 3324
f 3724 3136 3530
f 3137 3330 3135
f 3330 2930 3135
f 2930 3330 3327
f 3326 3327 3330
f 3329 3138 3328
f 2931 3330 3137
f 3327 3331 2930
f 3330 2931 3742
f 3328 3138 3743
f 3356 3743 3138
f 2932 3742 2931
f 3927 3150 3550
f 3140 3334 3546
f 3546 3332 3335
f 2934 3334 3140
f 3140 3546 3141
f 3141 3546 3335
f 3141 3335 3336
f 3141 3336 3552
f 3141 3552 3337
f 3141 3337 3142
f 3339 3337 3559
f 3559 3341 3339
f 3340 3341 3559
f 3564 3145 3340
f 3564 3347 3145
f 3927 3342 3150
f 3554 3334 3143
f 3571 3554 3143
f 3143 3334 2934
f 3146 3343 3555
f 3148 3344 3343
f 3344 3337 3346
f 3337 3344 3142
f 3148 3142 3344
f 3345 3142 3148
f 3142 3345 3144
f 3346 3144 3345
f 3144 3346 3339
f 3339 3346 3337
f 3144 3339 3341
f 3341 3340 3145
f 3349 3569 2938
f 3569 3749 2938
f 3749 3579 2767
f 4301 3351 3570
f 3571 2774 3358
f 3571 3143 2774
f 3555 3572 3146
f 3146 2941 3343
f 3343 2941 3147
f 3343 3147 3148
f 3353 3352 2776
f 3353 2776 2953
f 3354 2953 3149
f 3354 3353 2953
f 3149 2955 3759
f 3581 2288 2947
f 3581 2946 2288
f 3357 3358 2773
f 2774 2773 3358
f 3582 3151 3572
f 3151 2949 3572
f 3572 2949 3146
f 3582 3359 3151
f 2948 2779 3583
f 2779 3153 3583
f 3359 3360 3151
f 3152 3155 2956
f 3155 3361 2959
f 3361 2960 2959
f 3361 3157 2960
f 3362 3154 3584
f 3156 3363 3154
f 3158 3363 3156
f 3157 3364 2961
f 3584 3154 3363
f 3365 3363 3158
f 3588 2783 3159
f 3774 2964 3160
f 3774 3159 2964
f 3160 2786 3368
f 3368 2786 2787
f 3589 3368 2787
f 3589 2787 2788
f 3161 3589 2788
f 3962 3163 3162
f 3164 3161 2788
f 3962 3780 3163
f 3164 2968 3591
f 4340 3594 2967
f 2793 3592 2968
f 3371 2969 3370
f 3596 3372 3171
f 3785 3373 3173
f 3374 3170 3169
f 3374 3169 3371
f 3171 2797 3380
f 3168 3599 3172
f 3597 3376 3375
f 3597 3377 3376
f 3597 3378 3377
f 3374 3379 3170
f 3380 2797 3395
f 3784 2971 3388
f 2971 3375 3174
f 3174 3375 3376
f 3174 3381 3175
f 3376 3381 3174
f 3381 3376 3382
f 3377 3382 3376
f 3377 3378 3383
f 3175 3383 3378
f 3383 3175 3381
f 3178 3384 3179
f 3183 3785 3173
f 3170 3379 3386
f 2974 3388 2971
f 3381 3181 3389
f 3381 3389 3383
f 3389 2634 3390
f 3391 3384 3393
f 3384 3391 3179
f 3392 3179 3391
f 3179 3392 3182
f 3393 3182 3392
f 3182 3393 3385
f 3385 3393 3384
f 3394 3183 2975
f 3607 3184 3386
f 3386 3379 3607
f 3604 3610 3396
f 3185 3388 2974
f 3390 3186 3391
f 3391 3186 3392
f 3612 3186 2636
f 3610 3399 3398
f 3610 3398 3396
f 3400 3396 3398
f 3190 3180 3798
f 3615 3801 3191
f 3802 2805 3188
f 3188 2978 3184
f 3403 3613 2981
f 3403 2981 3398
f 3398 3399 3403
f 3403 3399 3404
f 3405 3404 3399
f 3404 3405 3192
f 3400 3192 3405
f 3398 3192 3400
f 3405 3616 3400
f 3406 3194 3990
f 2986 3194 3406
f 3408 3614 2651
f 3408 2651 2987
f 3190 2987 2812
f 3403 3404 3195
f 3404 3192 3195
f 2979 3616 3809
f 3809 3196 3193
f 2991 3805 3194
f 3409 3617 3200
f 3614 3409 3200
f 3809 3620 3196
f 3196 3620 3201
f 3411 3197 3201
f 3411 3201 3620
f 3411 3198 3197
f 3806 2814 3617
f 3622 2983 3997
f 3997 2983 2988
f 3808 2817 3806
f 3415 3414 3410
f 3415 3410 3202
f 3813 3413 2817
f 3415 3202 3631
f 3630 2995 3413
f 3417 2996 2998
f 3416 2996 3417
f 3416 3203 2996
f 2997 3420 2998
f 2998 3420 3417
f 3416 3418 3203
f 3203 3418 3000
f 3419 3000 3418
f 2997 3423 3420
f 3204 2999 3632
f 2999 3205 3632
f 3421 3205 3206
f 3421 3206 3207
f 3209 3208 3422
f 3421 3422 3208
f 3422 3421 3419
f 3207 3419 3421
f 3209 3422 3427
f 3423 3211 3214
f 3424 3212 3204
f 3424 3204 3425
f 3425 3204 3632
f 3426 3421 3213
f 3421 3208 3213
f 3426 3213 3216
f 3210 3427 3635
f 3423 3214 3636
f 3637 3003 3212
f 3424 3637 3212
f 3635 3217 3210
f 3023 3429 3214
f 3214 3429 3636
f 3637 3435 3215
f 3430 3216 3219
f 3635 3220 3217
f 3437 3220 3635
f 3012 3431 3640
f 3640 3643 3012
f 3012 3643 3221
f 3428 3643 3432
f 3651 3218 3433
f 3434 3218 3651
f 3441 3023 3234
f 3023 3441 3429
f 3215 3435 3224
f 3642 3430 3225
f 3225 3430 3219
f 3013 3655 3020
f 3013 3228 3655
f 3228 3233 3650
f 3225 3230 3642
f 3027 3648 3436
f 3027 3835 3648
f 3232 3028 3029
f 3232 3649 3028
f 3440 3227 3020
f 3440 3020 3655
f 3434 4018 3223
f 3234 3447 3441
f 3435 3442 3224
f 3442 3435 3645
f 3646 3444 3443
f 3230 3235 3444
f 3437 3445 3220
f 3438 3236 3456
f 3446 3237 2855
f 3446 2855 3028
f 3446 3028 3649
f 3238 3233 3021
f 3661 3239 3223
f 3441 3447 3448
f 3241 3442 3645
f 3241 3645 3443
f 3241 3443 3444
f 3043 3444 3044
f 3044 3444 3235
f 3242 3449 3658
f 3242 3445 3449
f 3451 3450 3038
f 3038 3450 3243
f 3038 2860 2854
f 3038 2854 3451
f 3661 3452 3239
f 3245 3246 3658
f 3658 3246 3242
f 3046 3247 3455
f 3243 3450 3456
f 3457 3244 3249
f 3661 3848 3452
f 3447 3250 3448
f 3448 3250 3248
f 3448 3248 3453
f 3453 3248 3454
f 3454 3248 3245
f 3455 3664 3046
f 3848 3860 3452
f 3860 3465 3251
f 3860 3251 3452
f 3252 2711 3666
f 2875 4202 3845
f 3459 3457 3249
f 3052 3459 3249
f 3253 2877 3254
f 3462 3669 3255
f 3259 3459 3052
f 3460 3258 3671
f 3461 3667 3464
f 2722 3462 3255
f 3061 3680 3673
f 3468 3459 3259
f 3464 3463 3466
f 3256 3851 3063
f 3861 3064 3465
f 4033 3065 3668
f 3064 3861 2885
f 3676 3262 3466
f 3863 3068 3071
f 3867 3063 3851
f 3065 4033 3263
f 3861 3677 2885
f 2885 3677 3261
f 3863 3071 3471
f 2895 3680 2733
f 3468 3072 3270
f 3265 3469 3467
f 3262 3470 3266
f 3470 3262 3676
f 3681 3267 3867
f 3270 3473 3468
f 3268 3074 3264
f 3677 3268 3264
f 3275 3469 3265
f 2893 3082 3071
f 3071 3082 3471
f 3263 3874 3065
f 3473 3270 3278
f 3472 3268 3677
f 3472 3474 3268
f 3469 3275 3476
f 3470 3475 3077
f 3681 3683 3267
f 3477 3274 3273
f 3477 3273 3474
f 3275 3274 3477
f 3687 3474 3472
f 3474 3687 3477
f 3477 3478 3479
f 3477 3479 3275
f 3275 3479 3476
f 3475 3481 3480
f 3685 3088 3683
f 3278 3487 3473
f 3477 3687 3478
f 3685 3283 3088
f 3484 3478 3687
f 3281 3480 3481
f 3281 3481 3489
f 3489 3481 3692
f 3283 3486 3282
f 3090 3505 2895
f 3478 3491 3479
f 3478 3484 3491
f 3491 3488 3479
f 3288 3281 3489
f 3878 3289 3494
f 3289 3485 2896
f 3496 3487 3293
f 3491 3499 3488
f 3288 3489 3290
f 3290 3489 3490
f 3701 3290 3490
f 3701 3098 3290
f 3701 3493 3098
f 3493 3494 3291
f 3291 3494 3093
f 3093 3494 3289
f 3486 4063 3292
f 3484 3497 3491
f 3491 3498 3499
f 3502 3501 3500
f 3292 4063 3504
f 3506 3495 3874
f 3293 3300 3496
f 3497 3508 3509
f 3497 3498 3491
f 3497 3509 3498
f 3498 3297 3298
f 3498 3298 3299
f 3498 3299 3499
f 3499 3299 3101
f 3499 3101 3492
f 3492 3101 3500
f 3500 3101 3502
f 3502 3102 3503
f 3503 3102 3103
f 3503 3103 3504
f 3510 3507 3306
f 3507 3505 3306
f 3509 3305 3301
f 3509 3301 3498
f 3498 3301 3297
f 3302 3510 3511
f 3510 3302 3507
f 3512 3507 3302
f 3302 3506 3512
f 3508 3304 3305
f 3508 3305 3509
f 3710 3303 3307
f 3706 3711 3508
f 3711 3304 3508
f 3306 3714 3712
f 3309 3518 3519
f 3519 3520 3118
f 3713 2582 4073
f 3308 3310 3714
f 3522 3117 3517
f 3717 3718 3309
f 3125 3521 3892
f 3312 3125 3892
f 2758 3521 3125
f 4248 2758 3895
f 3313 4075 4076
f 3126 3310 3120
f 3318 3719 3123
f 3318 3720 3719
f 3123 3719 3717
f 3523 2922 3124
f 4076 3525 3313
f 3313 3525 3129
f 3535 3526 3524
f 3524 3317 3535
f 3522 3531 3315
f 3527 3315 3531
f 3720 3318 3527
f 3720 3527 3533
f 3528 2922 3899
f 3900 3129 3525
f 3319 3126 2761
f 3536 3535 3317
f 3533 3527 3532
f 3527 3531 3532
f 3534 3316 3528
f 3323 3537 3536
f 3721 3323 3531
f 3323 3721 3537
f 3538 3537 3721
f 3537 3538 3539
f 3321 3531 3323
f 3531 3321 3532
f 3539 3532 3321
f 3532 3539 3538
f 3321 3542 3539
f 3322 3542 3321
f 3316 3534 3322
f 3900 4259 3731
f 3541 3535 3536
f 3541 3536 3537
f 3542 3322 3543
f 3322 3534 3543
f 3543 3534 3727
f 3325 3540 3133
f 3731 3324 3900
f 3329 4092 3319
f 3543 3539 3542
f 3326 3540 3325
f 3731 3327 3324
f 3544 3541 3537
f 3544 3537 3539
f 3539 3543 3544
f 3328 3735 3329
f 3545 3541 3544
f 3326 3330 3742
f 4110 3331 3731
f 3731 3331 3327
f 3550 3136 3737
f 3547 3545 3544
f 3547 3544 3548
f 3546 3545 3547
f 3549 3333 3331
f 3549 3331 4110
f 3554 3545 3546
f 3553 3545 3554
f 3546 3547 3332
f 3547 3557 3332
f 3547 3548 3557
f 3557 3548 3551
f 3551 3548 3552
f 3552 3548 3920
f 3333 3549 3338
f 3334 3554 3546
f 3557 3556 3332
f 3561 3332 3556
f 3332 3561 3335
f 3558 3335 3561
f 3335 3558 3336
f 3336 3558 3551
f 3557 3551 3558
f 3336 3551 3552
f 3337 3552 3920
f 3920 3559 3337
f 3560 2932 2933
f 2932 3560 4296
f 3338 3549 3934
f 3744 3553 3554
f 3744 3554 3752
f 3556 3555 3561
f 3558 3561 3563
f 3567 3576 3566
f 3567 3566 3565
f 3568 3576 3567
f 3560 2933 3350
f 3139 3338 3934
f 3139 3934 3570
f 3752 3554 3571
f 3555 3343 3561
f 3561 3343 3344
f 3561 3344 3563
f 3563 3344 3562
f 3346 3562 3344
f 3573 3562 3346
f 3575 3574 3353
f 3574 3565 3566
f 3565 3574 3564
f 3575 3564 3574
f 3564 3575 3347
f 3354 3347 3575
f 3347 3354 3348
f 3576 3348 3354
f 3348 3355 3349
f 3355 3348 3576
f 3568 3577 3576
f 3578 3349 3355
f 3349 3578 3568
f 3577 3568 3578
f 3349 3568 3569
f 3580 3754 3350
f 3345 3573 3346
f 3573 3345 3352
f 3573 3352 3931
f 3931 3352 3353
f 3575 3353 3354
f 3149 3576 3354
f 3149 3355 3576
f 3581 3759 2946
f 3936 2947 3351
f 3936 3581 2947
f 3358 3357 3756
f 2957 4136 3356
f 2948 3583 3357
f 3153 3362 3583
f 3359 3152 3360
f 3359 3762 3152
f 3152 3762 3155
f 3762 3763 3155
f 3155 3763 3361
f 3361 3763 3764
f 3361 3764 3157
f 3363 3585 3584
f 3365 3585 3363
f 3158 3588 3365
f 2783 3588 3158
f 3157 3769 3364
f 3769 3586 3364
f 3364 3586 2963
f 2963 3770 3366
f 3586 3770 2963
f 3587 3342 4144
f 3365 3588 3952
f 3952 3588 3773
f 3779 3368 3589
f 3367 4143 3162
f 3164 3964 3161
f 3164 3591 3964
f 2966 3587 3781
f 3968 3370 3780
f 3593 3592 2793
f 2793 3373 3593
f 3969 3371 3370
f 3595 3593 3373
f 3373 3785 3595
f 3371 3969 3978
f 3168 3594 4162
f 3371 3978 3374
f 3380 3596 3171
f 4162 3599 3168
f 3375 3782 3597
f 3378 3597 3176
f 3176 3597 3598
f 3176 3598 3600
f 3599 3980 3172
f 2971 3784 3375
f 3381 3382 3181
f 3601 3377 3383
f 3601 3382 3377
f 3600 3788 3178
f 3788 3384 3178
f 3384 3789 3385
f 3380 3395 3387
f 3980 4174 3172
f 3172 4174 3604
f 3180 3792 3793
f 3792 3180 3181
f 3792 3181 3382
f 3601 3383 3389
f 3601 3389 3602
f 3602 3389 3390
f 3602 3390 3391
f 3602 3391 3393
f 3605 3602 3393
f 3385 3603 3606
f 3606 3603 3187
f 3603 3795 3187
f 3609 3387 3395
f 3613 3609 3395
f 3610 3604 4174
f 3798 3180 3793
f 3392 3605 3393
f 3605 3392 3186
f 3605 3186 3612
f 2977 3608 2975
f 2975 4178 3394
f 3800 3397 3611
f 3798 3401 3190
f 2805 3802 3402
f 3607 3188 3184
f 3610 3985 3399
f 3985 3405 3399
f 2986 3406 3407
f 3615 3402 3802
f 3618 3613 3403
f 3403 3195 3618
f 3805 2991 3621
f 3805 3990 3194
f 3618 3195 3622
f 3195 2983 3622
f 3619 3809 3616
f 3807 2990 3199
f 3807 3621 2990
f 3620 3809 3623
f 3623 3624 3620
f 3624 3411 3620
f 3812 3198 3411
f 3812 3412 3198
f 3199 3412 3812
f 2817 3808 3994
f 3626 3997 2988
f 3410 3626 2988
f 3410 3627 3626
f 3414 3627 3410
f 3415 3624 3414
f 3623 3414 3624
f 3414 3623 3627
f 3625 3627 3623
f 3625 3811 3415
f 3624 3415 3811
f 3624 3811 3411
f 3411 3811 3812
f 3813 2817 3994
f 3810 3627 3625
f 3810 3625 3628
f 3629 3628 3415
f 3628 3625 3415
f 3631 3629 3415
f 3630 3413 3813
f 3417 3819 3416
f 3819 3418 3416
f 3420 3820 3417
f 3421 3632 3205
f 3421 3633 3632
f 3418 3634 3419
f 3419 3634 3422
f 3427 3422 3634
f 3636 3821 3423
f 3423 3821 3420
f 3633 3421 3426
f 3635 3427 3634
f 3824 3424 3425
f 3216 3638 3426
f 3424 3824 3637
f 3430 3638 3216
f 3637 3639 3435
f 3637 3824 3827
f 3637 3827 3639
f 3642 3641 3638
f 3430 3642 3638
f 3836 3432 3643
f 3833 3432 3836
f 3433 3432 4013
f 3441 3644 3429
f 3829 3429 3644
f 3436 3431 3018
f 3832 3431 3436
f 3431 4011 3640
f 3640 4011 3643
f 3432 3833 4013
f 4013 3651 3433
f 4018 3434 3651
f 3435 3639 3645
f 3645 3639 3827
f 3645 3827 3443
f 3230 3646 3641
f 3230 3641 3642
f 3439 3438 3834
f 3834 3835 3439
f 3436 3648 3832
f 3227 3440 3232
f 3228 3650 3655
f 3444 3646 3230
f 3647 3445 3437
f 3456 3653 3438
f 3654 3649 3440
f 3440 3649 3232
f 3233 3840 3650
f 3233 3238 3840
f 4018 4023 3223
f 3661 3223 4023
f 3644 3441 3448
f 3644 3448 3453
f 3644 3453 3656
f 3644 3656 3652
f 3647 3449 3445
f 3456 3659 3653
f 3659 3450 3653
f 3451 3653 3450
f 3660 3653 3451
f 3451 2854 3237
f 3660 3451 3237
f 3844 3840 3238
f 3656 3453 3454
f 3656 3454 4009
f 3454 3245 3657
f 3657 3245 3658
f 3456 3663 3662
f 3455 3662 3663
f 3662 3455 3247
f 3450 3663 3456
f 3659 3663 3450
f 3847 3238 3244
f 3844 3238 3847
f 3247 3061 3662
f 3662 3061 4204
f 3664 3455 3663
f 3848 3661 4023
f 3847 3244 3457
f 3849 3666 3460
f 4025 3667 3253
f 4025 3253 3254
f 2875 3845 3458
f 3670 4204 3061
f 3850 3668 3664
f 3847 3457 3675
f 3675 3457 3459
f 3461 3253 3667
f 3254 3255 3669
f 3464 3667 4027
f 3256 4205 3851
f 3061 3673 3670
f 3861 3465 3860
f 3258 3260 3862
f 3672 3466 3463
f 3260 3674 3862
f 3068 3863 3257
f 3851 3859 3867
f 3675 3459 3468
f 3674 3260 3467
f 3672 3676 3466
f 3473 3675 3468
f 3678 3674 3467
f 3871 3467 3469
f 3678 3467 3871
f 3676 4042 3470
f 4042 3679 3470
f 2895 3483 3680
f 3082 3682 3471
f 3469 3476 3689
f 3871 3469 3689
f 3470 3679 3475
f 3487 3675 3473
f 3690 3475 3679
f 3682 3082 3691
f 3487 3686 3675
f 3684 3687 3472
f 3689 3476 3479
f 3688 3689 3479
f 3690 3481 3475
f 3689 3688 3693
f 3481 3690 3692
f 3692 3690 3694
f 3694 3690 4048
f 3688 3488 3693
f 3695 3486 3283
f 3695 3879 3486
f 3505 3483 2895
f 3505 3883 3483
f 3684 3882 3687
f 3882 3484 3687
f 3688 3479 3488
f 3489 3692 3694
f 3489 3694 3490
f 3694 3697 3490
f 3697 3694 3698
f 3876 3699 3698
f 3876 3698 3694
f 3289 3878 3485
f 3686 3487 3705
f 3496 3705 3487
f 3882 3497 3484
f 3488 3499 3693
f 3693 3499 3492
f 3696 3693 3492
f 3700 3697 3702
f 3697 3700 3490
f 3701 3490 3700
f 3701 3501 3493
f 3703 3493 3501
f 3493 3703 3698
f 3702 3698 3703
f 3698 3702 3697
f 3493 3698 3699
f 3493 3699 3494
f 3492 3500 3700
f 3700 3500 3701
f 3701 3500 3501
f 3704 3502 3503
f 4063 3503 3504
f 3506 3874 3885
f 3300 3705 3496
f 3882 3706 3497
f 3706 3508 3497
f 3507 3708 3505
f 3303 3705 3300
f 3306 3707 3510
f 3507 3512 3708
f 3511 3707 3708
f 3707 3511 3510
f 3303 3710 3705
f 3709 3511 3708
f 3709 3708 3512
f 3709 3889 3511
f 3715 3710 3113
f 3710 3307 3113
f 3517 3513 3711
f 4073 4074 3713
f 3516 3715 3113
f 3715 3516 3524
f 3518 3520 3519
f 2758 4248 3521
f 3714 3310 3126
f 3716 3522 3517
f 3309 3718 3518
f 3524 3526 3715
f 3717 3719 3718
f 3523 3896 2922
f 2922 3896 3899
f 3893 3896 3523
f 3901 3522 3716
f 3720 3722 3719
f 3319 4260 3126
f 3898 3530 3314
f 3515 3898 3314
f 3901 3721 3522
f 3721 3531 3522
f 3532 3538 3533
f 3726 3720 3533
f 3720 3726 3722
f 3528 3902 3534
f 3902 3528 3899
f 3132 4082 3529
f 3132 3133 4082
f 3133 3906 4082
f 3319 4092 4260
f 3725 3538 3721
f 3538 3725 3533
f 3533 3725 3726
f 3133 3540 3906
f 3724 3530 3898
f 3901 3723 3729
f 3901 3730 3721
f 3721 3730 3725
f 3727 3534 3905
f 3905 3534 3902
f 3728 3535 3541
f 3901 3729 3730
f 3725 3730 3726
f 3727 3733 3543
f 3326 3734 3540
f 3329 3910 4092
f 3729 3732 3730
f 3329 3736 3910
f 3735 3736 3329
f 3736 3735 3737
f 3136 3724 3736
f 3545 3728 3541
f 3729 3739 3732
f 3733 3544 3543
f 3544 3733 3738
f 3742 3734 3326
f 3917 3734 3742
f 3736 3737 3136
f 3739 3741 3732
f 3732 3741 3740
f 3553 3728 3545
f 3544 3920 3548
f 3544 3738 3920
f 4114 3549 4110
f 3741 3557 3740
f 3740 3557 3745
f 3921 3559 3920
f 2932 4296 3742
f 3927 3550 3737
f 3922 3555 3739
f 3739 3555 3556
f 3739 3556 3741
f 3741 3556 3557
f 3563 3557 3558
f 3745 3557 3563
f 3559 3921 3746
f 3922 3929 3555
f 3745 3563 3562
f 3745 3562 3748
f 3340 3559 3746
f 3340 3746 3564
f 3564 3746 3565
f 3565 3746 3567
f 3567 3746 3747
f 3567 3753 3568
f 3568 3926 3569
f 3753 3926 3568
f 4295 3749 3569
f 4122 3749 4295
f 4301 3570 3934
f 3571 3751 3752
f 3938 3744 3752
f 3744 3938 3750
f 3752 3751 3929
f 3929 3751 3572
f 3929 3572 3555
f 3562 3573 3748
f 3748 3573 3931
f 3930 3931 3353
f 3930 3353 3574
f 3566 3930 3574
f 3577 3566 3576
f 3578 3753 3577
f 3749 4122 3579
f 3579 4122 3580
f 3756 3750 3358
f 3757 3750 3938
f 3750 3757 3358
f 3758 3358 3757
f 3358 3758 3571
f 3751 3571 3758
f 3758 3582 3572
f 3751 3758 3572
f 3578 3355 3149
f 3578 3149 4304
f 4304 3149 3759
f 3351 3755 3936
f 3756 3357 3937
f 3757 3582 3758
f 3757 3359 3582
f 3927 4144 3342
f 3362 3760 3583
f 3761 3760 3362
f 3762 3359 3943
f 3769 3157 3764
f 3761 3771 3765
f 3766 3761 3362
f 3766 3771 3761
f 3584 3767 3362
f 3362 3767 3766
f 3767 3584 3585
f 3763 3946 3764
f 3764 3946 3768
f 3764 3768 3769
f 3365 3777 3585
f 3365 3952 3777
f 3773 3588 3159
f 3774 3773 3159
f 3778 3160 3368
f 3770 3775 3366
f 3366 4317 3367
f 3776 3772 3766
f 3776 3766 3767
f 3776 3767 3956
f 3956 3767 3585
f 3956 3585 3777
f 4142 3778 3368
f 3779 4142 3368
f 4143 3962 3162
f 3965 3780 3962
f 3591 2968 3592
f 4340 2966 3781
f 4329 3969 3370
f 4329 3370 3968
f 3369 3372 4504
f 3597 3782 3783
f 3597 3783 3598
f 3783 3972 3598
f 3973 3788 3598
f 3375 3784 3782
f 3600 3598 3788
f 3790 3785 3796
f 4354 3374 3978
f 3784 3388 3791
f 4167 3792 3382
f 4167 3382 3786
f 3786 3382 3601
f 3601 3787 3786
f 3602 3787 3601
f 3794 3787 3602
f 3384 3788 3789
f 3385 3789 3603
f 3183 3796 3785
f 3979 3379 3374
f 3374 4354 3979
f 3388 3981 3791
f 3794 3602 3605
f 3394 3796 3183
f 3797 3607 3379
f 3979 3797 3379
f 3185 3397 3800
f 3185 3981 3388
f 3612 3799 3605
f 4176 3799 3612
f 4177 2975 3608
f 4178 2975 4177
f 4178 3984 3394
f 3796 3394 3984
f 3609 3613 3803
f 4174 3985 3610
f 3988 3986 3407
f 3407 3986 3611
f 3986 3800 3611
f 3191 4176 3612
f 4176 3191 3801
f 3188 4365 3802
f 4365 3188 3607
f 3406 3988 3407
f 3804 3408 2987
f 3804 3190 3401
f 2987 3190 3804
f 3989 3801 3615
f 3989 3615 3802
f 3618 3803 3613
f 3405 4361 3616
f 3619 3616 4361
f 3990 4179 3406
f 3621 3991 3805
f 3806 3617 3409
f 3807 3199 3812
f 3621 3807 3991
f 3619 4184 3809
f 3623 3809 3993
f 3993 3810 3625
f 3623 3993 3625
f 3628 3811 3625
f 3628 3625 3810
f 3996 3812 3811
f 3627 3814 3626
f 3810 3814 3627
f 3810 3993 3814
f 3815 3814 3993
f 3814 3815 3816
f 3628 3629 3816
f 3628 3816 3811
f 3811 3816 3996
f 3813 3818 3630
f 3816 3817 3814
f 3817 3816 3629
f 3631 3817 3629
f 3818 3813 3998
f 4001 3631 2995
f 4001 2995 3630
f 3820 3420 3821
f 3417 3820 4002
f 3417 4002 3819
f 3819 4002 4003
f 3819 4003 3634
f 3418 3819 3634
f 3820 3821 3823
f 3633 3425 3632
f 4003 3822 3634
f 3822 3635 3634
f 3821 3636 3823
f 3425 3825 3824
f 3828 3425 3633
f 3825 3425 3828
f 3638 3828 3426
f 3828 3633 3426
f 3635 3822 3826
f 3429 3829 3636
f 3829 3823 3636
f 3827 3824 3825
f 3830 3827 3825
f 3830 3825 3828
f 3830 3828 3641
f 3641 3828 3638
f 3826 3437 3635
f 3829 3644 3831
f 4008 3647 3826
f 3647 3437 3826
f 4011 3431 3832
f 3836 3643 4011
f 4012 3833 3836
f 3831 3644 3652
f 3443 3827 3830
f 3443 3830 3646
f 3646 3830 3641
f 3832 4187 4011
f 4012 4013 3833
f 4018 3651 4013
f 3657 3449 4008
f 4008 3449 3647
f 3837 4014 3438
f 3837 3438 3653
f 3838 3237 3446
f 3649 3838 3446
f 3839 3440 3655
f 3839 3655 3842
f 3650 3842 3655
f 3650 3840 3843
f 3652 3656 3831
f 3831 3656 4009
f 4009 3454 3657
f 3657 3658 3449
f 3456 3841 3659
f 3653 3660 3837
f 4192 3837 3660
f 3837 4192 3841
f 3659 3841 4192
f 3660 3237 4193
f 4193 3237 3838
f 3842 3650 3843
f 4020 4023 4018
f 3663 4019 3664
f 3663 3659 4019
f 3847 3846 3844
f 3854 3848 4023
f 3666 4819 3252
f 3252 4819 3665
f 4680 3254 3669
f 3845 4024 3458
f 4204 3670 4026
f 3847 4039 3846
f 3847 3675 4039
f 3849 3460 3671
f 3458 4205 3256
f 4208 3851 4205
f 3853 3852 3668
f 3668 3850 3853
f 3855 3671 3862
f 3463 4207 4210
f 3463 3464 4207
f 4207 3464 4027
f 3851 4208 3856
f 4033 3668 3852
f 4046 3848 3854
f 3848 4046 3860
f 3862 3671 3258
f 3857 3672 3463
f 3857 3463 4210
f 3863 4036 3257
f 4036 4028 3257
f 3858 4036 3863
f 3856 3859 3851
f 3675 3869 4039
f 3865 3859 3864
f 4046 3861 3860
f 3862 3674 3678
f 4042 3676 3672
f 3865 3867 3859
f 3861 3472 3677
f 3471 3866 3863
f 4218 3867 3865
f 3868 3679 4042
f 4218 3681 3867
f 4562 3681 4218
f 3675 4056 3869
f 4046 3472 3861
f 3872 3679 3868
f 4562 3873 3681
f 4046 3870 3472
f 3870 3684 3472
f 3689 4047 3871
f 3873 3683 3681
f 4048 3690 3872
f 3872 3690 3679
f 3683 4055 3685
f 3683 3873 4055
f 4056 3675 3686
f 3689 3875 4047
f 3689 3693 3875
f 3482 3691 3089
f 3283 3685 4055
f 3870 3881 3684
f 3693 3880 3875
f 3876 4048 4057
f 3694 4048 3876
f 3485 3878 4225
f 3882 3684 3881
f 3693 3696 3880
f 3876 4057 3699
f 3699 4057 3877
f 3699 3877 4230
f 3699 4230 3494
f 3494 4230 3878
f 3486 3879 4063
f 3884 4056 3686
f 3696 3492 3700
f 3696 3700 3880
f 3880 3700 3702
f 3703 3704 3702
f 3705 3884 3686
f 3501 3704 3703
f 3704 3501 3502
f 3505 4243 3883
f 3884 3705 3886
f 3708 4243 3505
f 3882 4069 3706
f 3881 4069 3882
f 3708 3707 4243
f 3885 3512 3506
f 3705 3887 3886
f 3712 3707 3306
f 3709 3512 3885
f 3710 3887 3705
f 3891 3706 4069
f 3715 3888 3887
f 3710 3715 3887
f 3891 3711 3706
f 3715 3890 3888
f 3891 3517 3711
f 3714 3126 3712
f 3526 3890 3715
f 3891 3716 3517
f 3520 3518 4079
f 4595 3521 4248
f 3718 4078 3518
f 3894 3893 3523
f 4242 3716 3891
f 3719 4253 3718
f 3896 3893 4254
f 2590 4251 3895
f 3529 4251 2590
f 4081 3898 3515
f 4081 3515 3889
f 3897 3126 4260
f 3535 3903 3526
f 3526 3903 3890
f 4242 3901 3716
f 3899 3896 3902
f 3723 3901 4242
f 3726 3904 3722
f 4084 3722 3904
f 4093 3724 3898
f 3728 3903 3535
f 3909 3903 3728
f 3906 3540 4106
f 3909 3908 3907
f 3903 3909 3907
f 3904 3726 3730
f 3914 3904 3730
f 3905 3733 3727
f 3734 4106 3540
f 3731 4259 4100
f 3908 3909 3913
f 3911 3733 3905
f 4106 3734 3917
f 3731 4100 4110
f 3328 4102 3735
f 3912 3910 3736
f 3910 3912 4102
f 3737 4102 3912
f 4102 3737 3735
f 4093 3912 3736
f 3724 4093 3736
f 3913 3909 3918
f 3728 3918 3909
f 3916 3729 3723
f 3732 3914 3730
f 3911 3738 3733
f 3738 3911 4104
f 4110 4100 3915
f 4456 3737 3912
f 4456 3912 4093
f 3740 3914 3732
f 3914 3740 3919
f 4117 3737 4456
f 3553 3918 3728
f 3916 3922 3739
f 3729 3916 3739
f 3738 4104 3920
f 3744 3918 3553
f 3919 3740 3745
f 3919 3745 3923
f 3920 4104 3921
f 4104 4108 3921
f 4117 3927 3737
f 3928 3918 3750
f 3744 3750 3918
f 3747 3746 3921
f 4293 3926 3925
f 4293 3925 3924
f 4114 3934 3549
f 3756 3928 3750
f 4126 3922 4112
f 4126 3929 3922
f 3745 3748 3923
f 3931 3923 3748
f 3932 3924 3933
f 3924 3932 3747
f 3747 3932 3567
f 3753 3567 3932
f 3753 3933 3925
f 3925 3933 3924
f 3753 3925 3926
f 3569 3926 4295
f 3756 3935 3928
f 3929 3938 3752
f 4126 3938 3929
f 3930 3566 3577
f 3930 3577 3932
f 3932 3577 3753
f 3938 4126 3939
f 4304 3759 3581
f 3356 4308 3743
f 3940 3357 3941
f 3937 3357 3940
f 3937 3935 3756
f 3939 3757 3938
f 3583 3941 3357
f 3939 3359 3757
f 3760 3941 3583
f 3942 3359 3939
f 3943 3942 4133
f 3942 3943 3359
f 3765 3760 3761
f 3944 3943 4133
f 3945 3762 3943
f 3945 3763 3762
f 3946 3763 3945
f 4145 3760 3765
f 3943 3944 3945
f 3945 3951 4138
f 3769 3768 4135
f 3769 4316 3586
f 3948 3770 3586
f 3948 3586 3947
f 4145 3765 3949
f 3949 3765 3771
f 3766 3944 3771
f 4134 3771 3944
f 3771 4134 3949
f 3950 3949 4134
f 3950 3951 3772
f 3945 3772 3951
f 3772 3945 3766
f 3944 3766 3945
f 3945 4138 3946
f 3946 4138 4139
f 3946 4139 3768
f 3768 4139 4135
f 3774 3953 3773
f 3160 3947 3774
f 3774 3947 3953
f 3954 3953 3947
f 3953 3954 3958
f 3955 3958 3954
f 3958 3955 3778
f 3948 3778 3955
f 3778 3948 3160
f 3947 3160 3948
f 3948 3955 3770
f 3955 3775 3770
f 3776 3950 3772
f 3776 3949 3950
f 3777 3957 3956
f 3952 3773 4319
f 4319 3773 3953
f 4142 4320 3778
f 4626 3779 3589
f 4317 4143 3367
f 3963 3776 3956
f 3960 3957 3777
f 3961 3589 3161
f 3587 4144 3781
f 3956 3957 3963
f 3963 3957 3960
f 3966 3949 3776
f 3966 3776 3963
f 3967 3964 3591
f 3780 3965 3968
f 4329 3968 3965
f 3592 3967 3591
f 3592 3593 3967
f 4641 3967 3593
f 4641 3593 3970
f 4154 3972 3971
f 3970 3593 3595
f 4504 3372 3596
f 3782 4159 3971
f 3782 3971 3783
f 3783 3971 3972
f 3594 4340 4162
f 3784 4159 3782
f 4167 3976 4160
f 3598 3972 3973
f 3785 3974 3595
f 3790 3974 3785
f 3784 3975 4159
f 3976 4167 3786
f 3976 3786 3977
f 3977 3786 3787
f 3788 3973 4164
f 3788 4164 3789
f 4162 4169 3599
f 4169 3980 3599
f 3791 3975 3784
f 4166 3792 4167
f 3789 4511 3603
f 4166 3793 3792
f 3605 4170 3794
f 3799 4170 3605
f 3603 4511 3795
f 3800 3982 3185
f 3185 3982 3981
f 3187 3983 3608
f 3795 3983 3187
f 3800 3986 3982
f 3401 4360 3804
f 4365 3607 3987
f 3987 3607 3797
f 4174 4361 3985
f 4179 3988 3406
f 3408 4180 3614
f 3989 4181 3801
f 3405 3985 4361
f 3409 3614 4519
f 4361 4183 3619
f 3990 3805 3991
f 3806 4182 4368
f 4182 3806 3409
f 3992 3618 3622
f 4368 3808 3806
f 4183 4184 3619
f 3993 3809 4184
f 4379 3807 3812
f 3992 3622 3995
f 3995 3622 3997
f 3993 4184 4374
f 3993 4374 3815
f 3996 3816 3815
f 4375 3807 4379
f 3814 3999 3626
f 3626 3999 3997
f 3815 4374 3996
f 3999 3814 3817
f 3817 3631 3999
f 4000 3999 3631
f 4000 3631 4001
f 4002 3820 3823
f 4004 4002 3823
f 4002 4004 4003
f 3823 4005 4004
f 4004 4006 4003
f 4006 3826 3822
f 4006 3822 4003
f 4005 3823 3829
f 4004 4005 4006
f 3829 3831 4005
f 4005 4007 4006
f 4005 3831 4007
f 4007 4008 4006
f 4006 4008 3826
f 3831 4009 4007
f 3835 3834 4010
f 3835 4187 3648
f 4010 4187 3835
f 3648 4187 3832
f 4009 3657 4007
f 4007 3657 4008
f 3438 4014 3834
f 3649 4017 3838
f 3649 3654 4017
f 3440 3839 3654
f 4015 3839 3842
f 4012 4390 4016
f 4012 4016 4013
f 4018 4013 4016
f 4393 3841 3456
f 3837 3841 4014
f 4014 3841 4393
f 4193 4192 3660
f 4017 3654 4196
f 4196 3654 4197
f 4197 3654 3839
f 4020 4018 4200
f 3456 3662 4393
f 4192 4019 3659
f 4021 4015 3842
f 4021 3842 3843
f 3840 3844 3843
f 3665 4391 4202
f 4204 4393 3662
f 4022 4021 3843
f 4022 3843 3844
f 3844 3846 4022
f 4020 4200 4402
f 4819 4201 3665
f 4020 4206 4023
f 4020 4402 4206
f 4023 4206 3854
f 4025 4679 4824
f 4679 4025 3254
f 4679 3254 4680
f 4024 4205 3458
f 3670 3852 4026
f 3850 3664 4019
f 3671 4403 3849
f 3671 3855 4403
f 3670 4029 3852
f 3852 4029 4030
f 3852 3853 4026
f 4031 4026 3853
f 3853 3850 4031
f 3862 4035 3855
f 3257 4028 3462
f 4032 3856 4208
f 3670 3673 4029
f 4030 4033 3852
f 4034 3846 4039
f 4040 4046 3854
f 3856 3858 3859
f 3858 3856 4036
f 4032 4036 3856
f 4036 4032 4037
f 3854 4206 4040
f 3863 3866 3858
f 4037 4032 4038
f 3864 4038 4032
f 4038 3864 3866
f 3859 3866 3864
f 3866 3859 3858
f 3865 3864 4032
f 4211 3865 4032
f 4560 3673 3680
f 4043 4039 3869
f 3678 4041 3862
f 4041 4035 3862
f 3857 4042 3672
f 4033 4217 3263
f 3678 4044 4041
f 4042 3857 3868
f 4044 3678 3871
f 4045 3866 3471
f 3680 3483 4560
f 3871 4047 4044
f 3682 4222 3471
f 3471 4222 4045
f 4040 3870 4046
f 4217 3874 3263
f 4047 3875 4051
f 4048 3872 4223
f 4049 3682 3691
f 3682 4049 4222
f 4414 4055 3873
f 4043 3869 4056
f 4050 3870 4040
f 3875 4058 4051
f 3482 4052 3691
f 4049 3691 4052
f 4054 4053 4055
f 4048 4223 4057
f 3482 3485 4052
f 4052 3485 4225
f 4421 3695 3283
f 3283 4055 4053
f 3283 4053 4421
f 4056 4064 4043
f 4058 3875 3880
f 4058 3880 4059
f 3878 4231 4225
f 4050 3881 3870
f 4059 3880 3702
f 4063 4062 4061
f 4063 3879 4572
f 4050 4235 3881
f 3702 3704 4059
f 4059 3704 4060
f 4060 3704 3503
f 4060 3503 4233
f 4061 3503 4063
f 3884 4064 4056
f 4243 4240 3883
f 3884 4067 4064
f 4065 4069 4235
f 4235 4069 3881
f 4068 3884 3886
f 4068 4067 3884
f 3886 4066 4068
f 4066 3886 4065
f 3887 4065 3886
f 4065 3887 4072
f 4065 4072 4069
f 3712 4243 3707
f 3885 3889 3709
f 4070 4067 4068
f 3888 4072 3887
f 4072 3888 4071
f 4070 4071 3888
f 4071 4070 4068
f 3890 4067 4070
f 3888 3890 4070
f 4072 4071 4242
f 4072 4242 4069
f 4077 4067 3890
f 4069 4242 3891
f 3118 4245 3514
f 3514 4245 4073
f 4074 4246 3713
f 4247 3892 3521
f 4595 4247 3521
f 4246 4075 3713
f 3126 3897 3712
f 3518 4078 4079
f 3894 4740 3893
f 3894 3312 3892
f 4593 3894 3892
f 3895 4251 4248
f 4082 4080 3529
f 4080 4251 3529
f 4257 4077 3890
f 4258 3719 3722
f 3719 4258 4253
f 4253 4258 4255
f 4256 3900 3525
f 3903 4257 3890
f 4084 4258 3722
f 4085 3902 3896
f 4085 3896 4254
f 3906 4269 4082
f 4259 3900 4256
f 4261 4093 3898
f 4257 4087 4086
f 4087 4257 4088
f 3903 4088 4257
f 4089 4083 3907
f 4083 3723 4242
f 3904 4097 4084
f 3902 3911 3905
f 3902 4085 4090
f 4090 4085 4268
f 3907 4088 3903
f 4272 4088 3907
f 3908 4089 3907
f 4089 3916 4083
f 3916 3723 4083
f 3911 3902 4090
f 4106 4091 3906
f 4450 4100 4259
f 4094 4087 4088
f 3908 3913 4095
f 4094 4095 3913
f 4095 4094 4272
f 4088 4272 4094
f 4096 3908 4095
f 4096 4089 3908
f 4089 4096 3916
f 3914 4103 4097
f 3914 4097 3904
f 4098 4090 4099
f 3911 4090 4098
f 4101 4100 4450
f 4102 4092 3910
f 4107 4087 4094
f 4098 4104 3911
f 4098 4099 4105
f 4278 3915 4100
f 3918 4107 3913
f 3913 4107 4094
f 4096 4280 3916
f 3919 4103 3914
f 4103 3919 4113
f 4109 4104 4098
f 4108 4104 4109
f 4109 4098 4105
f 4109 4105 4288
f 4290 4106 3917
f 4616 3328 3743
f 4280 4112 3916
f 3919 3923 4113
f 3742 4290 3917
f 4291 4114 4110
f 3928 4111 3918
f 3918 4111 4107
f 4112 3922 3916
f 3923 4115 4113
f 3921 4108 4109
f 4109 4288 3921
f 4290 3742 4296
f 3743 4308 4616
f 3747 3921 3924
f 3924 3921 4288
f 3924 4288 4293
f 4293 4116 3926
f 4466 4296 3560
f 4114 4464 3934
f 4119 4118 4111
f 3928 4119 4111
f 4126 4112 4299
f 3923 3931 4115
f 4115 3931 4120
f 4120 3931 3930
f 3932 4120 3930
f 4120 3932 3933
f 4295 3926 4116
f 4123 3754 3580
f 3350 4466 3560
f 3754 4466 3350
f 4464 4301 3934
f 3935 4124 3928
f 3928 4124 4119
f 4305 4119 4124
f 4124 4126 4299
f 3933 3753 3578
f 3933 3578 4121
f 4121 3578 4304
f 4122 4123 3580
f 4301 3755 3351
f 4125 4118 4119
f 4127 4118 4125
f 4124 3935 4129
f 3937 4129 3935
f 4119 4305 4125
f 4124 4129 4126
f 3927 4117 4765
f 4127 4125 3941
f 3941 4125 3940
f 4128 4125 4305
f 4125 4128 3940
f 4129 3940 4128
f 3940 4129 3937
f 4129 3939 4126
f 4136 4308 3356
f 3941 4130 4127
f 4128 3942 4129
f 3760 4130 3941
f 4129 3942 3939
f 3760 4131 4130
f 4313 4133 3942
f 3760 4132 4131
f 4133 4134 3944
f 4315 3769 4135
f 4316 3947 3586
f 4145 4132 3760
f 4137 4134 4133
f 4146 3951 3950
f 4146 3950 4134
f 4138 3951 4146
f 4140 4139 4138
f 4316 3769 4485
f 4316 3954 3947
f 3955 3954 3775
f 3366 4767 4317
f 3775 4767 3366
f 4138 4146 4140
f 4319 3777 3952
f 4141 3958 3778
f 4141 3953 3958
f 4320 4141 3778
f 4626 3589 3959
f 4148 4132 4145
f 4146 4150 4140
f 3777 4147 3960
f 4147 3777 4325
f 4325 3777 4319
f 3961 3959 3589
f 4143 4488 3962
f 4144 5069 3781
f 4145 4149 4148
f 4137 4327 4134
f 4134 4327 4146
f 4146 4327 4150
f 3960 4151 3963
f 3964 3961 3161
f 4488 3965 3962
f 4149 4145 3966
f 3966 4145 3949
f 3963 4151 3966
f 4152 4151 3960
f 4328 3960 4147
f 4152 3960 4328
f 4328 4147 4325
f 4153 3966 4151
f 4155 4149 3966
f 4155 3966 4153
f 4154 4153 4151
f 4154 4151 4152
f 4154 4152 4334
f 4152 4328 4334
f 4329 4497 3969
f 4156 4154 4334
f 4155 4153 3971
f 3971 4153 4154
f 4156 4334 4339
f 4159 4155 3971
f 4156 3972 4154
f 4346 4156 4339
f 3595 3974 3970
f 3969 4497 4348
f 3972 4156 3973
f 4156 4346 3973
f 4348 3978 3969
f 3975 4165 4158
f 3975 4158 4159
f 4344 4160 4157
f 4160 3976 4161
f 4161 3976 3977
f 4163 4161 3977
f 3973 4346 4164
f 4348 4508 3978
f 4167 4344 4166
f 4344 4167 4160
f 4163 3977 3787
f 4353 4163 3787
f 4164 4507 3789
f 3978 4508 4354
f 3791 4352 4165
f 3791 4165 3975
f 3787 3794 4353
f 4170 4353 3794
f 4168 4511 3789
f 3380 3387 4171
f 4352 3981 4172
f 3981 4352 3791
f 4166 4509 3793
f 4511 4173 3795
f 3796 4357 3790
f 3609 4171 3387
f 3980 4516 4174
f 4512 3982 3986
f 3982 4512 4172
f 3982 4172 3981
f 3798 3793 4175
f 4662 3799 4176
f 4662 4355 3799
f 4173 3983 3795
f 3608 3983 4177
f 3796 3984 4357
f 4516 4807 4174
f 4360 3401 4175
f 4175 3401 3798
f 4807 4361 4174
f 4179 4362 3988
f 3804 4180 3408
f 4364 3989 3802
f 4364 3802 4365
f 4519 4182 3409
f 4519 3614 4180
f 3991 4524 3990
f 4361 4523 4183
f 3807 4370 3991
f 4371 3994 3808
f 4371 3808 4368
f 3807 4375 4370
f 3994 4185 3813
f 4530 3995 3997
f 4374 4377 3996
f 3996 4377 4376
f 3996 4376 3812
f 3998 4529 3818
f 3813 4526 3998
f 3630 4186 4001
f 3818 4529 3630
f 4188 4011 4187
f 4189 4011 4188
f 4189 3836 4011
f 4014 4676 3834
f 4191 4676 4014
f 4676 4010 3834
f 4010 4382 4187
f 4187 4382 4188
f 4188 4190 4189
f 4189 4389 3836
f 4389 4012 3836
f 4014 4393 4191
f 4194 4193 3838
f 4195 3838 4017
f 4195 4194 3838
f 3839 4015 4197
f 4012 4389 4390
f 4390 4198 4016
f 4200 4018 4016
f 4193 4019 4192
f 4199 4388 4196
f 4199 4196 4197
f 4021 4203 4015
f 4016 4198 4200
f 4201 4391 3665
f 4204 4540 4393
f 4396 4203 4021
f 4200 4198 4397
f 3666 3849 4535
f 4535 4819 3666
f 4024 3845 4820
f 4396 4021 4022
f 4402 4200 4397
f 4823 4025 4824
f 3667 4025 4823
f 3850 4019 4401
f 4213 4396 4022
f 4022 3846 4213
f 3462 4399 3669
f 4399 3462 4028
f 4400 4208 4205
f 4031 4209 4212
f 4030 4212 4209
f 4212 4030 4029
f 4401 4209 4031
f 3850 4401 4031
f 4034 4213 3846
f 4036 4405 4028
f 4208 4400 4211
f 4212 4029 3673
f 4209 4033 4030
f 4402 4406 4206
f 4214 3857 4210
f 4037 4405 4036
f 4211 4032 4208
f 4219 4213 4034
f 4035 4041 4552
f 4544 4033 4209
f 4219 4034 4043
f 4039 4043 4034
f 4406 4416 4206
f 4416 4040 4206
f 3857 4407 4216
f 4407 3857 4214
f 4215 3865 4211
f 4544 4217 4033
f 4041 4044 4552
f 4216 3868 3857
f 4215 4218 3865
f 4220 4219 4043
f 4221 3868 4216
f 4221 3872 3868
f 4414 3873 4562
f 4223 3872 4221
f 4418 4049 4054
f 4222 4049 4418
f 4220 4228 4424
f 4064 4220 4043
f 4416 4431 4040
f 4224 4057 4223
f 4231 4052 4225
f 4052 4226 4049
f 4053 4226 4421
f 4226 4053 4049
f 4054 4049 4053
f 4227 4054 4055
f 4040 4431 4050
f 4058 4229 4051
f 4232 3885 3874
f 4228 4220 4064
f 4229 4058 4059
f 4224 3877 4057
f 4572 3879 4569
f 4569 3879 3695
f 4229 4059 4060
f 4233 3503 4061
f 4062 4063 4572
f 4431 4239 4050
f 4239 4235 4050
f 4234 3883 4240
f 4077 4228 4064
f 4238 4228 4077
f 4235 4066 4065
f 4239 4066 4235
f 4232 3889 3885
f 4237 4241 4427
f 4236 4237 4427
f 4238 4237 4236
f 4067 4077 4064
f 4066 4071 4068
f 4066 4242 4071
f 4066 4239 4242
f 4238 4244 4237
f 4239 4435 4242
f 3520 4736 3118
f 4073 4432 4074
f 4245 4432 4073
f 4436 4593 3892
f 4247 4436 3892
f 4075 4249 4076
f 4246 4249 4075
f 3897 4243 3712
f 4238 4250 4244
f 4250 4238 4077
f 4078 3718 4253
f 4079 4078 4884
f 4593 4740 3894
f 4078 4253 4442
f 4740 4254 3893
f 4076 4437 3525
f 4257 4250 4077
f 4435 4252 4242
f 4252 4083 4242
f 4443 4254 4439
f 4439 4254 4740
f 3525 4437 4256
f 4261 3898 4081
f 4443 4085 4254
f 4441 4266 4252
f 4441 4262 4266
f 4084 4267 4258
f 4258 4267 4263
f 4258 4263 4255
f 4085 4443 4268
f 4086 4250 4257
f 4270 4086 4262
f 4087 4262 4086
f 4262 4087 4265
f 4262 4265 4266
f 4266 3907 4083
f 4266 4083 4252
f 4097 4267 4084
f 4273 4267 4097
f 4443 4598 4268
f 4269 3906 4091
f 4250 4277 4453
f 4277 4250 4086
f 4277 4086 4270
f 4107 4265 4087
f 4270 4265 4107
f 4271 4266 4265
f 4266 4271 4272
f 4272 3907 4266
f 4274 4267 4273
f 4268 4275 4090
f 4269 4091 4276
f 4107 4277 4270
f 4272 4096 4095
f 4274 4284 4283
f 4284 4274 4090
f 4273 4090 4274
f 4090 4273 4099
f 4275 4284 4090
f 4451 4275 4268
f 4106 4278 4091
f 4279 4276 4101
f 4091 4101 4276
f 4101 4091 4100
f 4278 4100 4091
f 4450 4279 4101
f 4102 4287 4092
f 4271 4096 4272
f 4097 4103 4281
f 4097 4281 4273
f 4273 4281 4282
f 4105 4283 4284
f 4283 4105 4282
f 4099 4282 4105
f 4282 4099 4273
f 4288 4275 4451
f 4284 4275 4288
f 4290 4285 4106
f 4285 4278 4106
f 4278 4285 4286
f 4279 4286 4285
f 4279 4450 4455
f 4279 4455 4286
f 4102 3328 4287
f 4111 4277 4107
f 4280 4096 4271
f 4283 4282 4454
f 4454 4282 4281
f 4284 4288 4105
f 4455 3915 4286
f 4286 3915 4278
f 4616 4287 3328
f 4118 4277 4111
f 4103 4113 4292
f 4103 4292 4281
f 4291 4110 3915
f 4118 4453 4277
f 4288 4289 4293
f 4294 4453 4118
f 4299 4280 4471
f 4280 4299 4112
f 4115 4292 4113
f 4292 4115 4120
f 4463 4292 4120
f 4116 4293 4289
f 5064 4116 4289
f 4114 4291 4464
f 4294 4298 4297
f 4120 3933 4463
f 4463 3933 4121
f 4300 4463 4121
f 4908 4466 3754
f 4298 4294 4302
f 4298 4302 4303
f 4127 4294 4118
f 4299 4471 4305
f 4299 4305 4124
f 4910 4121 4304
f 3936 3755 4469
f 4614 4765 4117
f 4303 4302 4306
f 4127 4302 4294
f 4618 4304 3581
f 4618 3581 4469
f 3581 3936 4469
f 4306 4302 4309
f 4471 4307 4305
f 4307 4128 4305
f 4306 4309 4311
f 4130 4310 4127
f 4127 4310 4302
f 4475 4302 4310
f 4302 4475 4309
f 4310 4307 4471
f 4131 4310 4130
f 4310 4131 4312
f 4309 4312 4131
f 4312 4309 4475
f 4313 4310 4312
f 4313 4307 4310
f 4313 3942 4128
f 4313 4128 4307
f 4131 4311 4309
f 4136 4314 4308
f 4132 4479 4131
f 4131 4479 4311
f 4323 4133 4313
f 4478 4323 4313
f 4627 4479 4483
f 4323 4137 4133
f 4315 4135 4139
f 4315 4485 3769
f 3954 4766 3775
f 4766 4767 3775
f 4479 4318 4483
f 4318 4479 4132
f 4148 4318 4132
f 4324 4139 4140
f 4139 4324 4629
f 4139 4629 4315
f 3953 4141 4319
f 4625 4142 3779
f 4625 3779 4626
f 4317 4321 4143
f 4140 4150 4324
f 4148 4322 4318
f 4323 4327 4137
f 4333 4150 4327
f 4150 4333 4330
f 4324 4150 4492
f 4490 4325 4319
f 4636 3961 3964
f 5069 4930 3781
f 4149 4322 4148
f 4323 4326 4327
f 4328 4325 4493
f 4493 4325 4490
f 3967 4331 3964
f 4327 4326 4333
f 4492 4150 4330
f 4335 4328 4493
f 3369 4495 3590
f 4326 4337 4333
f 4330 4333 4338
f 4338 4492 4330
f 4335 4334 4328
f 4641 4331 3967
f 4336 4497 4329
f 4332 4149 4155
f 4326 4341 4337
f 4333 4337 4342
f 4333 4342 4338
f 4339 4334 4335
f 3369 4504 4495
f 4159 4343 4155
f 4155 4343 4332
f 4342 4345 4338
f 4339 4335 4346
f 4346 4335 4500
f 4158 4343 4159
f 4341 4344 4157
f 4341 4157 4337
f 4337 4157 4160
f 4337 4160 4161
f 4337 4161 4342
f 4345 4342 4161
f 4165 4343 4158
f 4345 4161 4347
f 4501 4505 4340
f 4162 4340 4505
f 4161 4163 4347
f 4349 4166 4502
f 4502 4166 4344
f 4347 4163 4353
f 4350 4347 4353
f 3789 4507 4168
f 3596 3380 4655
f 4170 4510 4353
f 4655 3380 4171
f 4172 4351 4352
f 4349 4509 4166
f 4354 4515 3979
f 4169 4516 3980
f 4512 3986 4359
f 4509 4175 3793
f 3984 4178 4356
f 4802 3797 3979
f 4515 4802 3979
f 4359 3988 4362
f 3986 3988 4359
f 4360 4517 3804
f 4181 4176 3801
f 4177 4799 4178
f 3987 3797 4802
f 4663 4358 3609
f 4663 3609 3803
f 4517 4180 3804
f 4363 4181 3989
f 4363 3989 4364
f 4807 4522 4361
f 3990 4366 4179
f 4519 4367 4182
f 4368 4182 4367
f 4369 3803 3618
f 4522 4523 4361
f 4524 3991 4666
f 4372 4369 3992
f 4369 3618 3992
f 3991 4370 4666
f 4183 4523 4812
f 4372 3992 3995
f 4183 4812 4373
f 4183 4373 4184
f 4373 4374 4184
f 4185 3994 4371
f 4373 4377 4374
f 4376 4379 3812
f 4379 4670 4375
f 4526 3813 4185
f 3999 4530 3997
f 4377 4671 4378
f 4377 4378 4376
f 3630 4529 4186
f 4000 4530 3999
f 4380 4001 4186
f 4380 4186 4381
f 4676 4382 4010
f 4384 4190 4188
f 4384 4188 4383
f 4385 4191 4393
f 4017 4386 4195
f 4196 4383 4017
f 4017 4383 4386
f 4387 4386 4383
f 4388 4384 4196
f 4383 4196 4384
f 4384 4388 4190
f 4190 4678 4189
f 4189 4678 4389
f 4537 4019 4193
f 4537 4193 4194
f 4394 4195 4386
f 4394 4386 4387
f 4394 4387 4199
f 4199 4387 4388
f 4015 4539 4197
f 4389 4198 4390
f 4202 4392 3845
f 4392 4820 3845
f 4682 4019 4537
f 4539 4015 4203
f 4397 4198 4691
f 4395 4535 3849
f 4540 4204 4026
f 4401 4019 4682
f 4542 4203 4396
f 4691 4198 4687
f 4403 4395 3849
f 4823 4027 3667
f 4681 4205 4024
f 4681 4400 4205
f 4031 4540 4026
f 4542 4396 4545
f 4396 4213 4545
f 4543 4403 3855
f 4207 4027 4398
f 4031 4212 4540
f 4404 4397 4691
f 4397 4404 4402
f 4404 4406 4402
f 4035 4543 3855
f 4690 4210 4207
f 4209 4401 4544
f 4545 4213 4551
f 4214 4210 4690
f 4212 3673 4837
f 4552 4543 4035
f 4038 4405 4037
f 4408 4405 4038
f 4560 4837 3673
f 4213 4415 4551
f 4415 4213 4219
f 3866 4408 4038
f 4406 4404 4416
f 4409 4216 4407
f 4045 4408 3866
f 4558 4218 4215
f 4215 4211 4558
f 4415 4219 4424
f 4570 4410 4404
f 4404 4410 4416
f 4044 4412 4552
f 4409 4221 4216
f 4409 4407 4411
f 4220 4424 4219
f 4047 4412 4044
f 4409 4411 4413
f 4221 4409 4413
f 4558 4562 4218
f 4051 4419 4412
f 4051 4412 4047
f 4223 4221 4413
f 3883 4560 3483
f 4709 3874 4217
f 4223 4413 4708
f 4418 4054 4417
f 4713 4418 4417
f 4414 4227 4055
f 4416 4410 4431
f 4419 4051 4423
f 4223 4708 4224
f 4565 4420 3877
f 4565 3877 4224
f 4231 4417 4052
f 4226 4052 4417
f 4417 4421 4226
f 4421 4417 4422
f 4054 4422 4417
f 4227 4422 4054
f 4425 4415 4424
f 4229 4423 4051
f 3877 4420 4230
f 4230 4420 3878
f 4569 3695 4421
f 4232 3874 4709
f 4423 4229 4060
f 4061 4853 4233
f 4062 4853 4061
f 4873 4232 4709
f 4425 4424 4236
f 4236 4424 4228
f 4567 4574 4410
f 4410 4574 4431
f 4238 4236 4228
f 4725 4734 4232
f 4873 4725 4232
f 4430 4425 4236
f 4426 4574 4427
f 4574 4426 4584
f 4574 4584 4431
f 4734 3889 4232
f 4427 4428 4236
f 4428 4430 4236
f 4241 4426 4427
f 4426 4241 4584
f 4584 4434 4431
f 4431 4435 4239
f 4430 4583 4241
f 4583 4430 4428
f 4241 4583 4584
f 4243 4743 4240
f 4438 4429 4425
f 4438 4425 4430
f 4237 4244 4241
f 4244 4430 4241
f 4736 4245 3118
f 4432 4433 4074
f 4438 4430 4244
f 4431 4434 4435
f 4736 3520 4079
f 4594 4247 4595
f 4251 4595 4248
f 5049 4081 3889
f 4734 5049 3889
f 4444 4438 4244
f 4434 4441 4435
f 4249 4437 4076
f 3897 4743 4243
f 4250 4264 4244
f 4441 4252 4435
f 4442 4253 4255
f 4442 4884 4078
f 4082 4440 4080
f 4264 4444 4244
f 4442 4255 4263
f 4445 4259 4256
f 4750 3897 4260
f 4450 4259 4445
f 4458 4444 4264
f 4441 4606 4447
f 4447 4270 4262
f 4447 4262 4441
f 4448 4263 4267
f 4452 4448 4267
f 4458 4264 4453
f 4250 4453 4264
f 4606 4271 4447
f 4271 4270 4447
f 4270 4271 4265
f 4274 4452 4267
f 4451 4268 4598
f 4598 4449 4451
f 4092 4287 4260
f 4283 4452 4274
f 4279 4609 4276
f 4261 4456 4093
f 4283 4454 4452
f 4604 4452 4454
f 4607 4457 4451
f 4290 4610 4285
f 4610 4609 4285
f 4609 4279 4285
f 4271 4606 4280
f 4457 4288 4451
f 4459 4458 4453
f 4606 4468 4280
f 4454 4281 4460
f 4289 4288 4457
f 4455 4291 3915
f 4294 4459 4453
f 4281 4292 4460
f 4460 4292 4461
f 4760 4117 4456
f 4468 4471 4280
f 4292 4463 4461
f 4116 5064 4295
f 4297 4465 4294
f 4465 4459 4294
f 4297 4462 4465
f 4298 4462 4297
f 4462 4298 4468
f 4910 4907 4121
f 4907 4300 4121
f 4122 4906 4123
f 4123 4908 3754
f 4476 4459 4467
f 4467 4459 4465
f 4303 4467 4465
f 4617 4298 4303
f 4617 4468 4298
f 4910 4304 4618
f 4761 4469 3755
f 4306 4467 4303
f 4617 4471 4468
f 4617 4470 4471
f 4473 4476 4467
f 4474 4476 4473
f 4306 4473 4467
f 4311 4472 4306
f 4473 4306 4472
f 4473 4472 4470
f 4472 4475 4470
f 4471 4475 4310
f 4470 4475 4471
f 4472 4311 4477
f 4474 4477 4311
f 4477 4475 4472
f 4475 4313 4312
f 4765 4144 3927
f 4627 4476 4479
f 4479 4476 4474
f 4311 4479 4474
f 4477 4313 4475
f 4478 4313 4477
f 4481 4478 4480
f 4482 4316 4485
f 4316 4482 3954
f 4482 4766 3954
f 4136 4637 4314
f 4483 4486 4627
f 4484 4483 4480
f 4480 4483 4481
f 4318 4481 4483
f 4481 4318 4487
f 4629 4485 4315
f 4768 4142 4625
f 4768 4320 4142
f 4491 4627 4486
f 4322 4487 4318
f 4486 4487 4322
f 4487 4486 4484
f 4483 4484 4486
f 4487 4489 4481
f 4489 4478 4481
f 4634 4629 4324
f 4634 4324 4492
f 4490 4319 4141
f 4141 4630 4490
f 4141 4320 4768
f 4631 4626 3959
f 4631 3959 3961
f 4143 4632 4488
f 4321 4632 4143
f 3590 4637 4136
f 4487 4628 4489
f 4489 4323 4478
f 4636 5457 3961
f 4322 4491 4486
f 4331 4636 3964
f 4488 4329 3965
f 4488 4336 4329
f 4149 4332 4322
f 4322 4332 4491
f 4489 4326 4323
f 4494 4493 4640
f 4496 4492 4338
f 4493 4494 4335
f 4775 4497 4336
f 4642 4341 4326
f 4642 4326 4489
f 4345 4496 4338
f 4930 4340 3781
f 4343 4498 4332
f 4496 4345 4647
f 4335 4494 4500
f 4494 4643 4500
f 4340 4930 4501
f 4499 4498 4343
f 4346 4500 4503
f 4646 4503 4500
f 4652 4499 4165
f 4165 4499 4343
f 4642 4502 4344
f 4642 4344 4341
f 4647 4345 4347
f 4647 4347 4506
f 3974 4787 3970
f 4506 4347 4350
f 4503 4164 4346
f 4164 4503 4507
f 3596 4655 4504
f 4352 4652 4165
f 4654 3974 3790
f 4792 3974 4654
f 4162 4505 4169
f 4653 4509 4349
f 4350 4353 4510
f 4937 4511 4168
f 4515 4354 4508
f 4505 4795 4169
f 4512 4656 4172
f 4172 4656 4351
f 3799 4510 4170
f 4511 4793 4173
f 3790 4357 4654
f 4358 4655 4171
f 4795 4516 4169
f 4175 4513 4360
f 4653 4175 4509
f 4173 4659 3983
f 3984 4356 4357
f 4357 4356 4514
f 3609 4358 4171
f 4520 4176 4181
f 4520 4662 4176
f 4659 4177 3983
f 4177 4659 4799
f 4178 4518 4356
f 4799 4518 4178
f 4366 4805 4179
f 4179 4805 4362
f 4363 4520 4181
f 4521 4663 3803
f 4369 4521 3803
f 4665 4368 4367
f 4666 4370 4953
f 4371 4368 4665
f 4522 4667 4523
f 4812 4523 4667
f 4668 4372 3995
f 4525 4370 4375
f 4185 4371 4810
f 4812 5126 4373
f 5130 4377 4373
f 4671 4377 5130
f 4670 4379 4376
f 4957 3995 4530
f 4530 4673 4957
f 4528 4527 4671
f 4527 4378 4671
f 4669 4378 4381
f 4378 4527 4381
f 4378 4669 4376
f 4376 4669 4670
f 4001 4531 4000
f 4380 4531 4001
f 4528 4380 4527
f 4380 4528 4531
f 4531 4528 4532
f 4381 4527 4380
f 4381 4532 4528
f 4381 4186 4532
f 4529 4816 4186
f 4673 4530 4000
f 4531 4675 4000
f 4532 4186 4816
f 4675 4531 4532
f 4675 4532 4816
f 4677 4382 4676
f 4533 4382 4677
f 4533 4188 4382
f 4533 4383 4188
f 4191 4385 4676
f 4533 4534 4383
f 4534 4387 4383
f 4387 4534 4388
f 4388 4534 4190
f 4393 4536 4385
f 4195 4685 4194
f 4190 4534 4678
f 4678 4683 4389
f 4683 4198 4389
f 4393 4540 4536
f 4537 4194 4538
f 4538 4194 4685
f 4685 4195 4686
f 4686 4195 4394
f 4539 4394 4199
f 4197 4539 4199
f 4539 4203 4541
f 4683 4687 4198
f 4542 4541 4203
f 4684 4027 4823
f 4684 4398 4027
f 5144 4399 4028
f 4401 4682 4688
f 4687 4689 4691
f 4690 4207 4398
f 4028 4986 5144
f 4540 4212 4835
f 4405 4986 4028
f 4548 4986 4405
f 4692 4211 4400
f 4212 4837 4835
f 4547 4404 4691
f 4408 4548 4405
f 4550 4549 4692
f 4549 4211 4692
f 4551 4699 4545
f 4547 4570 4404
f 4553 4407 4693
f 4693 4407 4214
f 4548 4408 4554
f 4555 4211 4549
f 4546 4217 4544
f 4843 4217 4546
f 4556 4552 4412
f 4553 4693 4557
f 4408 4705 4554
f 4045 4705 4408
f 4555 4558 4211
f 4573 4551 4415
f 4556 4412 4559
f 4412 4411 4559
f 4411 4407 4559
f 4553 4559 4407
f 4707 4559 4553
f 4707 4553 4557
f 4573 4415 4563
f 4547 4704 4570
f 4412 4564 4411
f 4559 4707 4561
f 4413 4561 4707
f 4561 4413 4564
f 4411 4564 4413
f 4708 4413 4707
f 4222 4418 4848
f 4562 5011 4414
f 3883 4857 4560
f 4425 4563 4415
f 4419 4564 4412
f 4564 4419 4568
f 4564 4568 4712
f 4566 4713 4417
f 4414 5011 4227
f 4570 4567 4410
f 4568 4419 4423
f 4571 4712 4568
f 4224 4708 4565
f 4420 4851 3878
f 3878 4851 4231
f 4417 4231 4566
f 4422 4569 4421
f 4227 4569 4422
f 4704 4575 4570
f 4568 4423 4571
f 4423 4060 4571
f 4571 4060 4233
f 4571 4233 4716
f 4716 4233 4853
f 4429 4563 4425
f 4570 4577 4567
f 4570 4575 4577
f 4581 4721 4573
f 4581 4573 4563
f 4577 4574 4567
f 4587 4581 4563
f 4240 4576 4234
f 4578 4721 4581
f 4575 4592 4577
f 4577 4579 4574
f 4579 4427 4574
f 4580 4578 4581
f 4429 4587 4563
f 4577 4592 4579
f 4579 4428 4427
f 4579 4583 4428
f 4592 4583 4579
f 4582 4580 4591
f 4591 4580 4581
f 4591 4581 4587
f 4438 4587 4429
f 4575 4588 4592
f 4583 4592 4584
f 4592 4434 4584
f 4245 4585 4432
f 4585 4589 4432
f 4589 4585 5307
f 4432 4589 4433
f 4590 4433 4589
f 4433 4590 4586
f 5307 4586 4590
f 4586 5307 4585
f 4433 4586 4074
f 4074 4586 4880
f 4737 4074 4880
f 4592 4588 4596
f 4592 4597 4434
f 4079 4735 4736
f 4594 4436 4247
f 4595 4590 4589
f 4594 4595 4589
f 4080 4739 4251
f 4602 4591 4587
f 4439 4740 5048
f 4444 4587 4438
f 4596 4588 4741
f 4592 4596 4597
f 4597 4441 4434
f 3897 4750 4743
f 4446 4587 4444
f 4597 4606 4441
f 4439 4598 4443
f 4603 4587 4446
f 4602 4587 4603
f 4598 4439 4599
f 4893 4261 4081
f 4893 4081 5049
f 4458 4446 4444
f 4263 4448 4745
f 4449 4598 4747
f 4747 4598 4599
f 4276 4601 4269
f 5193 4450 4445
f 4287 4750 4260
f 4596 4600 4605
f 4596 4605 4597
f 4597 4605 4606
f 4452 4604 4448
f 4604 4745 4448
f 4276 4753 4601
f 4612 4603 4446
f 4607 4449 4747
f 4747 4752 4607
f 4609 4753 4276
f 4900 4450 5193
f 4604 4454 4608
f 4607 4451 4449
f 4900 4455 4450
f 4760 4456 4261
f 4608 4454 4460
f 4608 4460 4461
f 4461 4759 4608
f 5060 4289 4457
f 4607 5060 4457
f 4902 4455 4900
f 4459 4446 4458
f 4606 4605 4615
f 4615 4468 4606
f 4290 4296 4610
f 4610 4296 4611
f 4291 4455 4902
f 4620 4612 4446
f 4615 4462 4468
f 4461 4463 4300
f 4296 4466 4611
f 4464 4291 4902
f 4464 4902 4613
f 4760 4614 4117
f 4459 4620 4446
f 4615 4465 4462
f 4295 4906 4122
f 4906 4908 4123
f 5204 4466 4908
f 4909 4301 4464
f 4909 3755 4301
f 4605 4470 4615
f 4617 4303 4465
f 4615 4617 4465
f 4470 4617 4615
f 4308 4763 4616
f 4619 4470 4605
f 4476 4620 4459
f 4621 4474 4473
f 4470 4621 4473
f 4619 4621 4470
f 4627 4620 4476
f 4621 4477 4474
f 4314 4763 4308
f 4621 4478 4477
f 4619 4622 4621
f 4622 4478 4621
f 4627 4623 4620
f 4765 5069 4144
f 4622 4480 4478
f 4766 4482 5070
f 4622 4484 4480
f 4485 4629 4624
f 4916 4768 4625
f 4767 5071 4317
f 4317 5071 4321
f 4622 4628 4484
f 4622 4489 4628
f 4628 4487 4484
f 4629 4919 4624
f 4629 4634 4919
f 4630 4635 4490
f 4639 4634 4492
f 4634 4639 4919
f 4638 4493 4490
f 4490 4635 4638
f 5085 4636 4331
f 4495 4637 3590
f 4639 4492 4496
f 4493 4638 4640
f 4633 4642 4489
f 4496 4645 4639
f 4496 4647 4645
f 4640 4643 4494
f 4640 4638 4644
f 4643 4640 4644
f 4633 4781 4642
f 4646 4500 4643
f 4643 4644 4646
f 3970 4778 4641
f 4499 4776 4498
f 4646 4644 4648
f 4778 3970 4787
f 4781 4502 4642
f 4646 4507 4503
f 4646 4648 4507
f 4348 4497 4932
f 4786 4502 4781
f 4507 4648 4784
f 4504 4655 4651
f 4652 4351 4791
f 4351 4652 4352
f 4786 4349 4502
f 4506 4350 4510
f 4506 4510 4650
f 4168 4507 4784
f 4790 4508 4932
f 4932 4508 4348
f 4351 4656 4791
f 4786 4653 4349
f 4790 4515 4508
f 4656 4512 4359
f 4513 4653 4936
f 3799 4657 4510
f 4355 4657 3799
f 4937 4793 4511
f 4514 4654 4357
f 4658 4515 4790
f 4513 4175 4653
f 4173 4793 4659
f 4356 4804 4514
f 4805 4660 4362
f 4359 4362 4660
f 4517 4661 4803
f 4661 4517 4513
f 4513 4517 4360
f 3987 5753 4365
f 4519 4180 4803
f 4803 4180 4517
f 4365 5753 4364
f 4521 4358 4663
f 4808 4366 3990
f 4367 4519 4803
f 4367 4803 4950
f 4524 5117 3990
f 4371 4665 4664
f 4811 4369 4372
f 4370 4525 4953
f 4811 4372 4668
f 4813 4375 4670
f 4813 4525 4375
f 4956 4526 4185
f 4957 4668 3995
f 4671 4674 4528
f 4669 4381 4528
f 4674 4669 4528
f 4814 4669 4674
f 4815 4529 3998
f 4672 4815 3998
f 4672 3998 4526
f 4673 4000 4964
f 4815 4816 4529
f 5394 4964 4000
f 5394 4000 4675
f 4821 4533 4677
f 4534 4533 4821
f 4536 4825 4385
f 4676 4385 5140
f 4676 5140 4677
f 4534 4821 4678
f 4679 5518 4824
f 5136 4681 4024
f 4820 5136 4024
f 4826 4536 4540
f 4680 3669 4972
f 4399 4972 3669
f 4835 4826 4540
f 4827 4682 4537
f 4686 4394 4832
f 4539 4832 4394
f 4985 4683 4678
f 5139 4400 4681
f 4688 4682 4827
f 4541 4832 4539
f 4403 4543 4830
f 4541 4542 4838
f 5139 4692 4400
f 4688 4546 4544
f 4544 4401 4688
f 4699 4838 4542
f 4545 4699 4542
f 4689 4696 4691
f 4543 4552 4839
f 4693 4214 4690
f 4986 4548 4697
f 4694 4550 4845
f 4697 4550 4694
f 4550 4697 4549
f 4692 4698 4550
f 4834 4698 4692
f 4560 4695 4837
f 4691 4696 4547
f 4839 4552 4841
f 4841 4552 4556
f 4554 4701 4697
f 4548 4554 4697
f 4549 4697 4555
f 4701 4555 4697
f 4555 4701 4702
f 4845 4702 4701
f 4702 4845 4550
f 4550 4698 4702
f 4710 4699 4551
f 4696 4704 4547
f 4700 4557 4693
f 4703 4558 4702
f 4702 4558 4555
f 4702 4698 4703
f 4696 4849 4704
f 4706 4556 4559
f 4557 4700 5010
f 4573 4710 4551
f 4849 4696 4846
f 4561 4706 4559
f 4708 4557 5010
f 4707 4557 4708
f 4045 4222 4705
f 4705 4222 4848
f 4562 4558 4703
f 4562 4703 5011
f 4564 4712 4706
f 4564 4706 4561
f 5018 4848 4418
f 4715 4710 4573
f 4849 4711 4704
f 4565 4708 5014
f 5018 4418 4713
f 4704 4711 4722
f 5172 4420 4565
f 4420 5172 4851
f 4231 4851 4566
f 4714 4569 4227
f 5021 4062 4572
f 5021 4853 4062
f 4572 4569 4714
f 3883 4234 4857
f 4715 4718 4717
f 4718 4720 4719
f 4720 4718 4715
f 4720 4715 4721
f 4573 4721 4715
f 5023 4873 4709
f 4711 4867 4729
f 4722 4575 4704
f 4870 4720 4721
f 4711 4741 4722
f 4711 4729 4741
f 4576 5030 4234
f 4727 4870 4721
f 4578 4728 4721
f 4723 4867 4724
f 4867 4723 4729
f 4870 4726 4875
f 4726 4870 4727
f 4731 4721 4728
f 4727 4721 4731
f 4578 4724 4728
f 4724 4578 4723
f 4723 4578 4732
f 4723 4732 4729
f 4580 4732 4578
f 4731 4732 4580
f 4732 4731 4724
f 4728 4724 4731
f 4733 4729 4732
f 4741 4575 4722
f 4730 4726 4738
f 4738 4726 4727
f 4582 4727 4731
f 4580 4582 4731
f 4741 4588 4575
f 4245 5040 4585
f 4585 4880 4586
f 5040 4880 4585
f 4245 4736 5040
f 5184 5042 4590
f 5042 5307 4590
f 4737 4246 4074
f 4737 4249 4246
f 4743 4882 4240
f 4738 4727 4582
f 4436 5307 5041
f 5307 4436 4594
f 5307 4594 4589
f 4595 5184 4590
f 4733 4883 4742
f 4740 4593 5043
f 4738 4582 4744
f 4602 4582 4591
f 4729 4742 4741
f 4729 4733 4742
f 4885 5048 4740
f 4082 4888 4440
f 5186 5047 4437
f 4602 4744 4582
f 4889 4884 4442
f 5047 5051 4256
f 4437 5047 4256
f 4741 4600 4596
f 4889 4442 4263
f 4745 4889 4263
f 4599 4439 5048
f 4892 4082 4269
f 5051 4445 4256
f 4754 4744 4602
f 4742 4746 4741
f 4741 4746 4600
f 4601 4892 4269
f 4600 4746 4748
f 4749 4745 4604
f 4603 4754 4602
f 4604 4751 4749
f 5193 5195 4900
f 4608 4751 4604
f 4755 4607 4752
f 4609 4756 4753
f 4757 4754 4603
f 4904 4748 4746
f 5060 4607 4755
f 5060 4755 4898
f 4610 4756 4609
f 4757 4603 4612
f 4600 4762 4605
f 4608 4759 4751
f 4904 4762 4748
f 4289 5060 5064
f 5060 5200 5064
f 4611 4758 4610
f 4616 5206 4287
f 4748 4762 4600
f 4300 4759 4461
f 5204 4611 4466
f 4616 4763 5206
f 4762 4619 4605
f 5204 4908 5065
f 4464 4613 4909
f 4911 4910 4618
f 4911 4618 4469
f 4761 4911 4469
f 4915 4757 4612
f 4620 4915 4612
f 4912 4765 4614
f 4762 4764 4619
f 4764 4622 4619
f 4623 4915 4620
f 4627 4769 4623
f 4764 4489 4622
f 4624 4482 4485
f 4916 4625 4626
f 5071 5214 4321
f 4768 5074 4141
f 4141 5074 4630
f 4491 4769 4627
f 4764 4633 4489
f 5457 4636 5079
f 4488 4632 4922
f 4639 4770 4919
f 4332 4769 4491
f 4770 4772 4925
f 4770 4639 4772
f 4771 4638 4635
f 4498 4776 4332
f 4332 4776 4769
f 4639 4645 4772
f 4925 4772 4773
f 4774 4638 4771
f 4641 5088 4331
f 4773 4774 4779
f 4774 4773 4638
f 4772 4638 4773
f 4638 4772 4644
f 4645 4644 4772
f 4777 4774 4771
f 5090 4781 4633
f 4780 4779 4774
f 4780 4774 4777
f 4649 4495 4504
f 4647 4650 4645
f 4645 4650 4782
f 4779 4780 4783
f 4648 4783 4780
f 4783 4648 4782
f 4644 4782 4648
f 4782 4644 4645
f 4506 4650 4647
f 4783 4782 4931
f 4931 4782 4650
f 4780 4784 4648
f 4780 4777 4784
f 4784 4777 5098
f 4652 4785 4499
f 3974 4792 4787
f 4649 4504 4651
f 4791 4785 4652
f 4784 4788 4168
f 4784 5098 4788
f 4787 4792 4789
f 4932 5099 4790
f 4786 5097 4653
f 4788 4937 4168
f 4656 4359 4796
f 4513 4936 5100
f 5097 4936 4653
f 4797 4657 4355
f 4794 4940 4655
f 4794 4655 4358
f 4796 4359 4660
f 4661 4513 5100
f 4662 4797 4355
f 4798 4797 4662
f 4804 4801 4514
f 4802 4515 4658
f 4520 4798 4662
f 4800 4518 4799
f 4356 4518 4804
f 4945 4520 4363
f 4806 4363 4364
f 4806 4945 4363
f 3990 5117 4808
f 4809 4665 4367
f 4367 4950 4809
f 4807 4951 4522
f 4951 4667 4522
f 4369 4811 4521
f 5121 4810 4371
f 5123 4185 4810
f 4956 4185 5123
f 4960 4813 4670
f 4959 4670 4669
f 4960 4670 4959
f 4526 4956 4672
f 4814 4674 4671
f 4814 4959 4669
f 4671 5130 4814
f 4816 4817 4675
f 4816 4967 4817
f 4816 4815 4967
f 4818 4817 4967
f 4819 5134 4201
f 4202 4391 4392
f 4970 5136 4820
f 4825 5140 4385
f 4975 4821 4677
f 4535 5135 4819
f 4822 5135 4535
f 5267 4679 4680
f 4972 5267 4680
f 4536 4826 4825
f 4821 4975 5150
f 5150 4678 4821
f 4535 4395 4822
f 5139 4681 5136
f 4827 4537 4977
f 4977 4537 4538
f 4828 4538 4685
f 4828 4685 4829
f 4678 5150 4985
f 4403 4830 4395
f 4684 4831 4398
f 4686 4829 4685
f 4833 4683 4985
f 4683 4833 4687
f 4833 4689 4687
f 4690 4398 4831
f 4839 4989 4543
f 4831 4836 4690
f 4986 4697 4694
f 4834 4692 5139
f 4833 4997 4689
f 4997 4696 4689
f 4840 4693 4690
f 4690 4836 4840
f 4991 4546 4688
f 4842 4840 4836
f 5162 4698 4834
f 4991 4843 4546
f 5007 4838 4699
f 4844 4700 4840
f 4840 4700 4693
f 4840 4842 4844
f 4554 4845 4701
f 4710 5007 4699
f 4556 4847 4841
f 5010 4700 4844
f 5162 4703 4698
f 4696 4997 4846
f 4706 4847 4556
f 4217 4843 5006
f 4706 4712 4847
f 4708 5010 5014
f 5006 4709 4217
f 4847 4712 4850
f 4848 5018 5290
f 4850 4712 4571
f 4565 5014 5172
f 4566 5017 4713
f 4227 5011 5294
f 5006 5023 4709
f 4852 4854 4710
f 4715 4852 4710
f 4846 4855 4849
f 4850 4571 4716
f 5170 4850 4716
f 4717 4852 4715
f 5021 4572 5022
f 5022 4572 4714
f 4854 4859 4858
f 4852 4859 4854
f 4861 4717 4856
f 4856 4717 4855
f 4718 4855 4717
f 4855 4718 4719
f 4234 5030 4857
f 4866 4859 4852
f 4861 4852 4717
f 4866 4852 4861
f 4861 4862 4719
f 4863 4719 4862
f 4863 4855 4719
f 4867 4711 4849
f 4864 4860 4859
f 4859 4865 4864
f 4866 4865 4859
f 4720 4866 4719
f 4719 4866 4861
f 4855 4867 4849
f 4855 4863 4867
f 4869 4865 4866
f 4870 4866 4720
f 4873 5023 5301
f 4868 4865 4869
f 4870 4869 4866
f 4868 4869 4874
f 4871 4876 4863
f 4863 4876 4867
f 4867 4876 4879
f 4879 4724 4867
f 4875 4869 4870
f 4877 4875 4872
f 4872 4875 4871
f 4726 4871 4875
f 4871 4726 4730
f 4871 4730 4876
f 4881 4874 4869
f 4877 4869 4875
f 4877 4878 4730
f 5038 4730 4878
f 5038 4876 4730
f 4879 4732 4724
f 4879 4733 4732
f 4738 4869 4877
f 4881 4869 4738
f 4730 4738 4877
f 5038 4883 4876
f 4876 4733 4879
f 5040 4736 5039
f 4886 4881 4738
f 4876 4883 4733
f 5045 4735 4079
f 5041 4593 4436
f 5041 5043 4593
f 5184 4595 4251
f 5308 4251 4739
f 5038 4890 4883
f 4079 4884 5045
f 5045 4884 4887
f 4885 4740 5043
f 5186 4437 4249
f 4738 5055 4886
f 4889 4887 4884
f 4744 5055 4738
f 5189 4889 4745
f 5190 4599 5048
f 5189 4745 5053
f 4891 4599 5190
f 5193 4445 5051
f 4890 5052 4883
f 4883 4746 4742
f 4745 4749 4895
f 4750 5057 4743
f 5052 4903 4883
f 4749 4894 4895
f 4599 4894 4747
f 4894 4599 4895
f 4891 4895 4599
f 4895 4891 4896
f 4896 4891 4897
f 4754 5055 4744
f 4883 4904 4746
f 4751 4894 4749
f 4747 4894 4752
f 4898 5058 4896
f 4898 4896 4897
f 4883 4903 4904
f 5058 4898 4899
f 4755 4899 4898
f 4899 4755 4751
f 4752 4751 4755
f 4751 4752 4894
f 4897 5056 4898
f 4756 5194 4753
f 4287 5061 4750
f 5322 4261 4893
f 4905 5055 4754
f 4899 4751 4901
f 5056 5060 4898
f 4610 4758 4756
f 4759 4901 4751
f 5196 5200 5060
f 5059 4902 4900
f 4757 4905 4754
f 4907 4759 4300
f 4295 5440 4906
f 4913 4905 4757
f 4761 3755 5066
f 4904 4903 4762
f 4913 4757 4915
f 4903 5068 4762
f 4762 5068 5211
f 5211 4764 4762
f 4314 5076 4763
f 5069 4765 4912
f 4623 4918 4915
f 5211 5073 4764
f 4769 4918 4623
f 5212 4482 4624
f 5214 5072 4321
f 4637 5076 4314
f 4920 4624 4919
f 5075 4916 4626
f 5075 4626 4631
f 5456 3961 5457
f 5456 4631 3961
f 4321 5336 4632
f 5072 5336 4321
f 5215 5222 5069
f 4921 4918 4769
f 5073 4633 4764
f 4919 4770 5223
f 4919 5223 4920
f 5084 4635 5220
f 5220 4635 4630
f 5085 5079 4636
f 4922 4336 4488
f 4921 4923 5087
f 4923 4921 4769
f 4776 4923 4769
f 4635 5084 4771
f 5088 5085 4331
f 4637 4495 5080
f 5222 4930 5069
f 4924 5086 5087
f 4923 4924 5087
f 5073 5090 4633
f 5084 4926 4771
f 4495 4928 5080
f 4924 4923 4776
f 4779 4925 4773
f 4926 4777 4771
f 5088 4641 4778
f 4779 4931 4925
f 4925 4931 5093
f 4777 4926 5094
f 4927 4778 5232
f 4649 4928 4495
f 4649 5095 4928
f 4499 4933 4924
f 4499 4924 4776
f 4929 4781 5090
f 4783 4931 4779
f 5236 4777 5094
f 4785 4933 4499
f 4931 4650 5093
f 5236 5098 4777
f 4787 5232 4778
f 5097 4786 4929
f 4929 4786 4781
f 5093 4650 4935
f 4505 4501 5096
f 4791 4934 4785
f 4650 4510 4657
f 4935 4650 4657
f 4656 4934 4791
f 4938 4937 4788
f 4939 4790 5099
f 4940 4651 4655
f 5101 4795 4505
f 4656 4796 4934
f 4797 5240 4657
f 4793 4937 4938
f 4796 4660 5247
f 4661 4942 4803
f 4942 4661 5100
f 4793 4941 4659
f 4941 4799 4659
f 4799 4943 4800
f 4944 4947 4943
f 4944 4804 4947
f 5105 4802 4658
f 4658 4790 4939
f 4658 4939 5105
f 5248 4520 4945
f 4946 5108 4945
f 5108 4943 4947
f 4943 5108 4800
f 4946 4800 5108
f 4948 4800 4946
f 4800 4948 4518
f 4518 4948 4947
f 4518 4947 4804
f 5753 5109 4364
f 4795 5104 4516
f 4949 4805 4366
f 5107 5111 4950
f 4950 4803 5107
f 4945 4806 4946
f 4946 4806 4948
f 4806 4364 5109
f 5116 4794 4358
f 5116 4358 4521
f 5104 5112 4516
f 4516 5112 4807
f 5117 5113 4808
f 4366 5111 4949
f 5111 4366 4950
f 4808 4950 4366
f 4950 4808 5114
f 5113 5114 4808
f 4809 4950 5114
f 5119 5116 4521
f 5256 4524 4666
f 5117 4524 5256
f 4952 5119 4521
f 4952 4521 4811
f 4664 5121 4371
f 4525 4955 4953
f 5124 4952 4811
f 4951 4954 4667
f 4667 4954 4812
f 5124 4811 4668
f 4958 5124 4668
f 4812 4954 5126
f 4813 5258 4525
f 5258 4955 4525
f 4958 4668 4957
f 4957 4963 4958
f 4673 4963 4957
f 5129 5130 4373
f 5131 4814 5130
f 5131 4959 4814
f 5391 4813 4960
f 4673 4964 4963
f 4962 5131 4961
f 4962 4959 5131
f 5132 4959 4818
f 4959 4962 4818
f 4959 5132 4960
f 5132 5392 4960
f 4675 4965 5394
f 4817 4965 4675
f 4961 4817 4962
f 4817 4961 4965
f 4965 4961 4966
f 4818 4962 4817
f 4818 4966 4961
f 4967 4966 4818
f 4966 4967 4968
f 4968 4967 4815
f 4968 4815 4969
f 5261 5394 4965
f 5261 4965 4966
f 5261 4966 4968
f 4201 5264 4391
f 5134 5264 4201
f 4391 5263 4392
f 4819 5135 5134
f 4970 4820 4392
f 5141 4677 5140
f 4974 4677 5141
f 4974 4975 4677
f 5518 4823 4824
f 5518 4679 4971
f 4825 4826 4973
f 4825 4973 5140
f 4974 5141 5142
f 4395 4976 4822
f 5144 5268 4399
f 4828 4983 4538
f 4538 4983 4977
f 4828 4978 4983
f 4829 4974 4828
f 5142 4828 4974
f 4828 5142 4978
f 4979 4978 5142
f 4979 4980 4829
f 4975 4829 4980
f 4974 4829 4975
f 4975 4980 5150
f 4830 5271 4395
f 5271 4976 4395
f 4827 5145 4688
f 5145 4827 5146
f 5146 4827 4977
f 4983 4978 4979
f 4686 4984 4829
f 4984 4979 4829
f 4984 4983 4979
f 4686 4988 4984
f 4832 4988 4686
f 4543 4989 4830
f 4981 4834 5139
f 5153 4835 4837
f 4826 4835 5153
f 4987 4983 4984
f 4832 4541 4988
f 4694 4994 4986
f 4990 4834 4981
f 5279 4991 4688
f 4688 5145 5279
f 4841 4989 4839
f 4998 4989 4841
f 4992 4989 4998
f 4694 5167 4994
f 4995 4834 4990
f 4996 4837 4695
f 4541 5163 4988
f 4541 4838 5163
f 5165 4997 4833
f 4999 4992 4842
f 4998 4842 4992
f 4836 4993 4842
f 4993 4999 4842
f 4845 5167 4694
f 4695 5000 4996
f 4560 5000 4695
f 4843 5000 5001
f 5000 4843 4996
f 4991 4996 4843
f 5002 4996 4991
f 5012 5163 4838
f 4838 5007 5012
f 5004 4998 5003
f 4998 4841 5003
f 4842 4998 4844
f 5004 4844 4998
f 4844 5004 5005
f 4999 5005 5004
f 5005 4999 4993
f 4993 5154 5005
f 4995 5162 4834
f 5001 5006 4843
f 5165 5169 4997
f 4847 5003 4841
f 5009 5003 4847
f 4844 5005 5010
f 4554 5167 4845
f 5005 5154 5166
f 5010 5005 5166
f 5285 5010 5166
f 4705 4848 4554
f 5011 5162 5008
f 5011 4703 5162
f 4710 5012 5007
f 4997 5169 4846
f 5009 4847 5013
f 5010 5285 5014
f 5015 5012 4710
f 5013 4847 4850
f 5174 5018 5017
f 5169 5180 4846
f 4851 5172 5016
f 5019 4851 5016
f 5019 4566 4851
f 5017 4566 5019
f 4713 5017 5018
f 4854 5015 4710
f 4856 4855 4846
f 5180 4856 4846
f 5170 4716 5176
f 5176 4716 4853
f 4853 5021 5176
f 4714 4227 5020
f 5024 5180 5025
f 5180 5024 4856
f 4858 5015 4854
f 5025 4858 5024
f 4859 5024 4858
f 5024 4859 4860
f 5024 5032 4856
f 4856 5032 5026
f 5026 4861 4856
f 5027 5015 5028
f 5028 5015 4858
f 4860 5028 5025
f 4858 5025 5028
f 5029 4864 4860
f 4864 5024 4860
f 5026 4862 4861
f 5026 4863 4862
f 4864 5029 4860
f 5029 5028 4860
f 4864 5032 5024
f 4864 4865 5032
f 5032 4863 5026
f 5033 5027 5028
f 5037 5027 5033
f 5031 5028 5029
f 5033 5028 5031
f 4865 5036 5032
f 4865 4868 5036
f 5032 5036 4863
f 4868 4874 5034
f 5033 5034 4874
f 5034 5033 5031
f 5035 4868 5034
f 5035 5036 4868
f 5036 4872 4863
f 4872 4871 4863
f 5036 4877 4872
f 5310 5303 4240
f 5303 4576 4240
f 5301 4725 4873
f 5422 4725 5301
f 4881 5037 4874
f 4874 5037 5033
f 5038 4878 4877
f 5036 5038 4877
f 5035 5304 5036
f 4880 5427 4737
f 4886 5182 4881
f 4881 5182 5037
f 5036 5304 5038
f 5039 4736 4735
f 5560 5307 5042
f 5946 4249 4737
f 5430 4249 5946
f 4882 5310 4240
f 5183 4735 5045
f 5184 4251 5308
f 4725 5435 4734
f 5044 5182 4886
f 5304 4890 5038
f 4885 5043 5309
f 4885 5309 5046
f 4080 5185 4739
f 5185 4080 4440
f 4888 5185 4440
f 5304 5188 4890
f 5046 5048 4885
f 4082 5050 4888
f 4886 5054 5044
f 4889 5189 4887
f 4082 4892 5050
f 4743 5057 4882
f 5314 4893 5049
f 5055 5054 4886
f 5188 5052 4890
f 4895 5053 4745
f 5192 4891 5190
f 5058 4895 4896
f 5053 4895 5058
f 5056 4897 5192
f 5192 4897 4891
f 4753 5194 4601
f 5054 5055 5062
f 5198 5052 5188
f 5053 5058 4901
f 5061 5057 4750
f 4899 4901 5058
f 4756 5197 5194
f 5059 4900 5195
f 4905 5062 5055
f 5052 5198 4903
f 5199 4901 4759
f 4905 5205 5062
f 5201 5199 4759
f 4902 5059 5063
f 4907 5201 4759
f 4295 5064 5440
f 5440 5065 4906
f 4613 4902 5063
f 4613 5063 4909
f 5451 4287 5206
f 4905 5067 5205
f 4910 5584 4907
f 4906 5065 4908
f 5446 5066 3755
f 4909 5446 3755
f 4913 5067 4905
f 5198 5208 4903
f 4760 4912 4614
f 5208 5068 4903
f 4913 4914 5067
f 4914 4913 4915
f 5328 4914 4915
f 5213 4766 5070
f 4767 4766 5213
f 4918 5328 4915
f 4482 5212 5070
f 5213 5071 4767
f 5081 5328 4918
f 4624 4920 5212
f 4768 4917 5074
f 5218 4768 4916
f 5218 4917 4768
f 5218 4916 5075
f 5861 4631 5456
f 5220 4630 5074
f 5336 4922 4632
f 5078 5081 4918
f 4921 5078 4918
f 5082 5081 5078
f 5087 5083 4921
f 4921 5083 5078
f 5225 5078 5083
f 5078 5225 5082
f 5083 5090 5077
f 5077 5090 5073
f 5089 5081 5082
f 4924 5082 5086
f 5086 5082 5225
f 5083 5087 5090
f 5223 4770 4925
f 5339 4775 4336
f 4924 5089 5082
f 5087 5086 5230
f 5087 5230 5090
f 5228 4926 5084
f 5084 5226 5228
f 4927 5088 4778
f 5345 4775 5339
f 4933 5089 4924
f 5093 5091 4925
f 5094 4926 5228
f 5237 4775 5345
f 5352 4930 5341
f 5230 5092 4929
f 5230 4929 5090
f 4932 4497 5237
f 5237 4497 4775
f 4501 4930 5352
f 4785 5353 4933
f 5093 4935 5235
f 5352 5096 4501
f 4934 5353 4785
f 5234 5097 5092
f 5092 5097 4929
f 5232 4787 4789
f 5099 4932 5237
f 4651 5095 4649
f 5099 5237 5616
f 5096 5358 4505
f 5101 4505 5358
f 4934 4796 5245
f 5100 4936 5097
f 5240 4935 4657
f 4792 5359 4789
f 5242 4939 5099
f 5242 5099 5616
f 4793 4938 5241
f 4654 4514 5372
f 4654 5621 4792
f 4654 5372 5621
f 5621 5359 4792
f 5103 4940 4794
f 5103 5102 4940
f 5103 4794 5106
f 5104 4795 5101
f 4942 5100 5366
f 4941 5368 4799
f 4799 5368 4943
f 5368 4944 4943
f 4804 4944 4801
f 4514 4801 5372
f 4520 5248 4798
f 5249 5248 4945
f 5109 4947 4948
f 5109 5108 4947
f 5626 5753 3987
f 5626 3987 4802
f 5626 4802 5105
f 4805 4949 4660
f 4806 5109 4948
f 5110 5114 5113
f 5114 5110 5115
f 4949 5115 5110
f 5115 4949 5111
f 5250 5253 4809
f 4809 5114 5250
f 4665 5253 4664
f 4665 4809 5253
f 5112 4951 4807
f 5379 5255 4951
f 4953 5120 4666
f 5253 5121 4664
f 5121 5123 4810
f 4951 5496 4954
f 4955 5122 4953
f 5496 5257 4954
f 5128 5124 4958
f 5257 5126 4954
f 5123 5125 4956
f 5129 4373 5126
f 5127 4672 4956
f 4963 5128 4958
f 5391 4960 5392
f 5390 5131 5130
f 5131 5259 4961
f 5132 4818 4961
f 5259 5132 4961
f 4672 5127 5133
f 5133 4815 4672
f 5261 4968 4969
f 5264 5263 4391
f 4392 5399 4970
f 5400 4679 5267
f 5400 4971 4679
f 5518 5138 4823
f 5268 4972 4399
f 4822 4976 5137
f 4684 4823 5138
f 5140 5273 5141
f 5143 5141 5273
f 5141 5149 5142
f 5141 5143 5149
f 5270 4980 4979
f 5270 4979 5142
f 5270 5150 4980
f 5404 4831 4684
f 5402 5404 4684
f 4982 4973 4826
f 4977 5147 5146
f 4983 5143 4977
f 4977 5143 5147
f 5269 5147 5143
f 5147 5269 5148
f 5149 5148 5269
f 5148 5149 4987
f 4987 5149 4983
f 5143 4983 5149
f 5142 5149 5270
f 4989 5271 4830
f 5404 4836 4831
f 4986 5155 5144
f 5153 4982 4826
f 5277 5145 5146
f 5151 5146 5147
f 5151 5147 5148
f 4984 5282 4987
f 4987 5282 5148
f 5150 5274 4985
f 5274 5280 4985
f 4833 4985 5280
f 4993 4836 5404
f 4994 5155 4986
f 5152 4990 5275
f 5275 4990 4981
f 4837 5157 5153
f 5277 5279 5145
f 5151 5148 5282
f 4992 5161 4989
f 4994 4990 5155
f 5152 5155 4990
f 5152 5275 5156
f 4996 5157 4837
f 5282 4984 4988
f 4833 5280 5165
f 4999 5161 4992
f 4994 5158 4990
f 5167 5158 4994
f 5158 4995 4990
f 4995 5158 5159
f 5152 5159 5158
f 5152 5156 5159
f 4996 5002 5157
f 5157 5002 5160
f 5001 5160 5002
f 5160 5001 5000
f 5279 5002 4991
f 5282 4988 5163
f 5164 5165 5280
f 5161 4999 5004
f 5003 5161 5004
f 5159 5162 4995
f 5159 5156 5162
f 5284 5001 5002
f 5284 5006 5001
f 5161 5003 5009
f 4554 5287 5167
f 5168 5008 5162
f 5168 5162 5156
f 5288 5163 5012
f 4554 4848 5287
f 4857 5296 4560
f 5012 5175 5288
f 5164 5169 5165
f 5164 5547 5169
f 5168 5011 5008
f 5295 5011 5168
f 5293 5006 5284
f 5170 5013 4850
f 5013 5170 5171
f 5014 5285 5172
f 5173 5177 5016
f 5174 5017 5177
f 5173 5174 5177
f 5294 5011 5295
f 5015 5175 5012
f 5547 5180 5169
f 5178 5177 5021
f 5178 5016 5177
f 5016 5178 5019
f 5017 5179 5177
f 5179 5017 5022
f 5019 5022 5017
f 5022 5019 5178
f 5022 5020 5179
f 5294 5020 4227
f 5548 5296 4857
f 5293 5023 5006
f 5015 5027 5175
f 5547 5299 5180
f 5178 5021 5022
f 5020 5022 4714
f 5180 5299 5025
f 5299 5181 5025
f 5025 5029 4860
f 5293 5301 5023
f 5181 5029 5025
f 5299 5302 5181
f 5181 5031 5029
f 5182 5027 5037
f 5181 5034 5031
f 5181 5035 5034
f 5302 5035 5181
f 5302 5304 5035
f 5040 5305 4880
f 5305 5427 4880
f 5427 5821 4737
f 5422 5557 4725
f 4735 5306 5039
f 4735 5183 5306
f 5429 5041 5307
f 5561 5560 5042
f 5045 5187 5183
f 5308 4739 5185
f 4249 5430 5186
f 4887 5187 5045
f 5304 5312 5188
f 5310 4882 5057
f 5435 5049 4734
f 5568 5190 5048
f 5046 5568 5048
f 5191 5050 4892
f 5054 5316 5044
f 5191 4892 5313
f 5568 5192 5190
f 4601 5194 5313
f 4601 5313 4892
f 5318 5313 5194
f 5193 5438 5195
f 5062 5316 5054
f 5312 5198 5188
f 5056 5192 5317
f 4901 5703 5053
f 5312 5325 5198
f 5321 5059 5195
f 5199 5708 4901
f 5705 5196 5060
f 5056 5705 5060
f 4756 4758 5197
f 5059 5321 5063
f 5205 5203 5062
f 5709 5064 5200
f 5709 5440 5064
f 5324 5202 4611
f 4758 4611 5202
f 4287 5451 5061
f 5322 4760 4261
f 4611 5204 5324
f 5447 4909 5063
f 5205 5207 5203
f 5585 4910 4911
f 4761 5066 5448
f 5208 5198 5325
f 5448 4911 4761
f 5207 5205 5067
f 5067 5209 5207
f 4914 5209 5067
f 5208 5210 5068
f 5328 5209 4914
f 5076 5332 4763
f 5211 5068 5210
f 4912 5215 5069
f 5081 5216 5328
f 5212 5329 5070
f 5330 5071 5213
f 5071 5330 5214
f 4920 5219 5212
f 5081 5337 5216
f 5217 5077 5073
f 5217 5073 5211
f 5219 4920 5223
f 4917 5220 5074
f 4637 5726 5076
f 5079 5085 5602
f 5458 4336 4922
f 5080 5726 4637
f 5217 5230 5225
f 5077 5225 5083
f 5217 5225 5077
f 5226 5084 5220
f 5458 5339 4336
f 5224 5726 5080
f 5080 4928 5224
f 5224 4928 5227
f 5081 5089 5337
f 4925 5091 5223
f 5220 5344 5226
f 5341 4930 5222
f 5230 5086 5225
f 5226 5229 5342
f 5228 5226 5342
f 5229 5226 5344
f 4933 5349 5089
f 5228 5342 5231
f 5353 5349 4933
f 5093 5235 5091
f 5236 5094 5231
f 5231 5094 5228
f 5233 5237 5345
f 5236 5231 5357
f 4934 5245 5353
f 5098 5236 5357
f 4789 5238 5232
f 4651 5475 5095
f 5096 5352 5358
f 5234 5366 5100
f 5234 5100 5097
f 4935 5239 5235
f 4788 5098 5357
f 5357 4938 4788
f 4789 5359 5238
f 4651 4940 5102
f 5240 5239 4935
f 5358 5243 5101
f 5243 5244 5103
f 5101 5243 5103
f 5241 4941 4793
f 5620 4939 5242
f 5244 5102 5103
f 5103 5106 5246
f 5103 5246 5101
f 5104 5101 5246
f 5104 5246 5374
f 5247 5245 4796
f 5373 5105 4939
f 5620 5373 4939
f 5107 4803 4942
f 5249 4945 5108
f 5249 5108 5109
f 5625 5249 5109
f 4794 5483 5106
f 4660 4949 5370
f 4949 5110 5370
f 5111 5107 5375
f 5107 5371 5375
f 5483 4794 5116
f 5104 5376 5112
f 5251 5113 5117
f 5110 5113 5251
f 5375 5250 5115
f 5115 5250 5114
f 5115 5111 5375
f 5116 5119 5378
f 5376 5379 5112
f 5256 5252 5117
f 5252 5251 5117
f 5254 5378 5119
f 5119 5118 5254
f 5112 5379 4951
f 5118 5119 5383
f 5120 5256 4666
f 5383 5119 4952
f 4951 5255 5496
f 4953 5122 5120
f 5385 5123 5121
f 4952 5124 5386
f 5635 5123 5385
f 5258 5388 4955
f 5635 5125 5123
f 5125 5127 4956
f 5257 5387 5126
f 5387 5129 5126
f 5391 5258 4813
f 5125 5639 5127
f 5129 5390 5130
f 5260 4963 4964
f 5392 5132 5259
f 5260 4964 5394
f 5259 5507 5392
f 4815 5133 4969
f 5260 5394 5393
f 4969 5262 5261
f 5394 5261 5262
f 4392 5263 5399
f 5134 5135 5265
f 4970 5649 5136
f 5135 4822 5266
f 5266 4822 5137
f 4684 5138 5402
f 5140 4973 5407
f 5407 4973 4982
f 5140 5407 5273
f 5273 5269 5143
f 5408 5269 5273
f 5270 5149 5269
f 5155 5409 5144
f 5406 5144 5409
f 5269 5408 5270
f 5408 5150 5270
f 5408 5274 5150
f 5405 4993 5404
f 5276 5275 5272
f 5157 4982 5153
f 5151 5414 5146
f 5146 5414 5277
f 5533 5280 5274
f 5656 4989 5161
f 5405 5154 4993
f 5405 5790 5154
f 5155 5152 5409
f 5156 5275 5278
f 5656 5161 5283
f 5281 5152 5158
f 5281 5409 5152
f 5535 5160 5000
f 5157 5160 5535
f 5415 5280 5533
f 4560 5535 5000
f 5284 5002 5279
f 5284 5279 5532
f 5288 5282 5163
f 5415 5164 5280
f 5287 5158 5167
f 4560 5296 5535
f 4848 5286 5287
f 5164 5415 5547
f 5018 5416 5290
f 5290 5291 4848
f 5291 5286 4848
f 5295 5168 5292
f 5289 5172 5285
f 5172 5289 5016
f 5173 5016 5289
f 5298 5288 5175
f 5176 5540 5170
f 5297 5021 5177
f 5297 5176 5021
f 5179 5297 5177
f 5027 5298 5175
f 5030 5548 4857
f 5300 5298 5027
f 5182 5300 5027
f 4576 5421 5030
f 5549 5302 5299
f 5821 5946 4737
f 5561 5042 5184
f 5562 5561 5184
f 5562 5184 5308
f 5043 5041 5309
f 5557 5435 4725
f 5044 5311 5182
f 5312 5304 5431
f 5186 5433 5047
f 5050 5828 4888
f 5316 5311 5044
f 5437 4887 5189
f 5433 5051 5047
f 5053 5437 5189
f 5438 5051 5433
f 5435 5314 5049
f 5315 5311 5316
f 5317 5192 5568
f 5438 5193 5051
f 5579 5312 5436
f 5317 5705 5056
f 5439 5195 5438
f 5325 5312 5579
f 5582 5316 5062
f 5703 4901 5708
f 5197 5320 5194
f 5320 5319 5194
f 5439 5321 5195
f 5314 5322 4893
f 5582 5062 5203
f 5196 5709 5200
f 4758 5202 5323
f 4758 5323 5197
f 5441 5447 5063
f 4907 5712 5201
f 5584 5712 4907
f 5440 5442 5065
f 5442 5445 5065
f 5065 5445 5204
f 5447 5446 4909
f 5851 4760 5322
f 5585 5584 4910
f 5585 4911 5448
f 4763 5451 5206
f 5583 5326 5325
f 5325 5326 5208
f 5209 5594 5207
f 5450 4912 4760
f 5327 4912 5450
f 5326 5595 5208
f 5595 5210 5208
f 5328 5452 5209
f 5595 5211 5210
f 5453 5211 5595
f 5327 5215 4912
f 5070 5329 5213
f 5213 5329 5330
f 5330 5331 5214
f 5596 5215 5327
f 5216 5333 5328
f 5453 5217 5211
f 5218 5454 4917
f 5861 5075 4631
f 5337 5333 5216
f 5334 5219 5223
f 5335 4917 5454
f 5336 5458 4922
f 5223 5338 5334
f 4917 5221 5220
f 5222 5215 5340
f 5215 5596 5340
f 5598 5230 5217
f 5091 5338 5223
f 5221 5344 5220
f 5085 5088 5602
f 5596 5224 5340
f 5227 5340 5224
f 5341 5222 5340
f 5091 5346 5338
f 5338 5346 5342
f 5343 5338 5342
f 5344 5221 5462
f 5349 5337 5089
f 5598 5472 5230
f 5343 5347 5350
f 5347 5343 5229
f 5342 5229 5343
f 5344 5347 5229
f 5344 5462 5466
f 5344 5466 5347
f 4928 5348 5227
f 5342 5346 5231
f 5350 5231 5346
f 5231 5350 5356
f 5356 5350 5347
f 5232 5351 4927
f 5471 4927 5351
f 5095 5348 4928
f 5353 5355 5349
f 5472 5092 5230
f 5091 5354 5346
f 5091 5235 5354
f 5611 5234 5092
f 5354 5235 5612
f 5356 5357 5231
f 5743 5357 5356
f 5351 5232 5238
f 5473 5237 5233
f 5245 5355 5353
f 5473 5616 5237
f 5610 5358 5352
f 5612 5235 5361
f 5235 5239 5361
f 5615 5241 4938
f 5615 4938 5357
f 4651 5102 5475
f 5611 5366 5234
f 5239 5240 5361
f 5617 5241 5615
f 5363 5243 5362
f 5358 5362 5243
f 5360 5362 5358
f 5363 5244 5243
f 4941 5241 5617
f 5617 5368 4941
f 5244 5363 5362
f 5102 5244 5362
f 5364 5246 5106
f 5369 5246 5364
f 5244 5369 5364
f 5369 5374 5246
f 5370 5247 4660
f 5247 5365 5245
f 5371 4942 5366
f 4797 4798 5367
f 5367 4798 5248
f 5368 6006 4944
f 6005 6006 5368
f 4801 5485 5372
f 4944 5485 4801
f 5364 5106 5483
f 5371 5107 4942
f 5753 5625 5109
f 5626 5105 5373
f 5104 5374 5376
f 5370 5110 5487
f 5110 5251 5487
f 5377 5250 5375
f 5378 5483 5116
f 5376 5380 5379
f 5251 5252 5488
f 5489 5253 5250
f 5380 5378 5254
f 5380 5254 5379
f 5118 5379 5254
f 5379 5118 5381
f 5382 5381 5118
f 5379 5381 5255
f 5383 5382 5118
f 5120 5252 5256
f 5494 5121 5253
f 5494 5253 5489
f 4952 5386 5383
f 5383 5386 5384
f 5121 5494 5385
f 4955 5388 5122
f 5386 5124 5128
f 5128 4963 5389
f 5500 5639 5125
f 5387 5501 5129
f 4963 5260 5389
f 5501 5503 5129
f 5129 5503 5390
f 5390 5503 5776
f 5507 5390 5776
f 5507 5259 5131
f 5507 5131 5390
f 5391 5392 5505
f 5506 5133 5127
f 5260 5393 5514
f 4969 5395 5262
f 4969 5396 5395
f 5133 5396 4969
f 5133 5397 5396
f 5397 5133 5506
f 5393 5394 5781
f 5781 5394 5262
f 5262 5395 5398
f 5264 5647 5263
f 5647 5399 5263
f 5265 5264 5134
f 5516 5649 4970
f 5399 5516 4970
f 5265 5135 5266
f 4972 5400 5267
f 5268 5520 5401
f 5649 5139 5136
f 5519 5139 5649
f 4976 5403 5137
f 5268 5144 5520
f 4981 5139 5519
f 5271 5403 4976
f 5144 5406 5520
f 5272 4981 5519
f 5272 5275 4981
f 5658 5273 5407
f 4989 5656 5271
f 5411 5410 5276
f 5406 5276 5410
f 5276 5406 5275
f 5409 5275 5406
f 5272 5411 5276
f 5655 5411 5272
f 5412 5407 4982
f 5273 5658 5408
f 5274 5408 5526
f 5410 5411 5522
f 5278 5522 5411
f 5522 5278 5523
f 5275 5523 5278
f 5523 5275 5409
f 5524 5278 5411
f 5157 5412 4982
f 5413 5279 5277
f 5277 5414 5413
f 5151 5282 5414
f 5526 5533 5274
f 5409 5281 5523
f 5278 5524 5156
f 5157 5535 5412
f 5412 5535 5525
f 5166 5154 5527
f 5527 5154 5790
f 5528 5168 5524
f 5524 5168 5156
f 5413 5532 5279
f 5536 5413 5414
f 5537 5414 5282
f 5282 5288 5537
f 5533 5530 5415
f 5013 5283 5009
f 5009 5283 5161
f 5158 5287 5281
f 5166 5798 5285
f 5286 5663 5287
f 5802 5292 5168
f 5168 5528 5802
f 5548 5535 5296
f 5288 5418 5537
f 5531 5013 5171
f 5285 5798 5289
f 5290 5416 5291
f 5291 5417 5286
f 5295 5292 5417
f 5284 5544 5293
f 5532 5544 5284
f 5170 5540 5171
f 5174 5416 5018
f 5295 5417 5291
f 5419 5295 5291
f 5294 5295 5419
f 5298 5418 5288
f 5530 5547 5415
f 5176 5297 5540
f 5419 5020 5294
f 5549 5299 5547
f 5420 5298 5300
f 5422 5301 5293
f 5424 5302 5549
f 4576 5303 5421
f 5426 5423 5420
f 5425 5423 5426
f 5426 5420 5300
f 5182 5426 5300
f 5424 5304 5302
f 5039 5305 5040
f 5424 5431 5304
f 5306 5183 5428
f 5429 5559 5041
f 5560 5429 5307
f 5570 5303 5310
f 5311 5426 5182
f 5183 5187 5428
f 5041 5559 5309
f 5430 5688 5186
f 5426 5311 5432
f 5828 5185 4888
f 5688 5433 5186
f 5432 5311 5695
f 5431 5436 5312
f 4887 5434 5187
f 5690 5046 5309
f 5191 5828 5050
f 5057 5570 5310
f 5567 5436 5431
f 4887 5437 5434
f 5568 5046 5690
f 5311 5315 5695
f 5318 5191 5313
f 5433 5569 5438
f 5575 5314 5435
f 5572 5436 5567
f 5053 5703 5437
f 5572 5579 5436
f 5194 5577 5318
f 5316 5582 5315
f 5319 5577 5194
f 5849 5057 5061
f 5849 5578 5057
f 5323 5320 5197
f 5590 5849 5061
f 5321 5441 5063
f 5583 5325 5579
f 5842 5199 5201
f 5581 5445 5442
f 5443 5445 5444
f 5445 5443 5204
f 5204 5443 5324
f 5451 5590 5061
f 5207 5449 5203
f 5851 5450 4760
f 5207 5594 5449
f 4763 5332 5451
f 5452 5594 5209
f 5595 5326 5858
f 5328 5333 5452
f 5329 5212 5597
f 5219 5597 5212
f 5218 5075 5455
f 5072 5721 5336
f 5987 5721 5072
f 5726 5332 5076
f 5604 5333 5459
f 5337 5459 5333
f 5598 5217 5453
f 5338 5463 5334
f 5335 5221 4917
f 5603 5461 5596
f 5338 5343 5463
f 5462 5463 5343
f 5335 5464 5221
f 5088 5728 5602
f 5460 5339 5458
f 5465 5726 5224
f 5224 5596 5465
f 5461 5465 5596
f 5461 5340 5227
f 5341 5340 5461
f 5603 5341 5461
f 5343 5466 5462
f 5463 5469 5467
f 5469 5463 5221
f 5462 5221 5463
f 5464 5469 5221
f 5471 5728 5088
f 5345 5339 5460
f 5227 5348 5461
f 5470 5459 5349
f 5349 5459 5337
f 5466 5350 5468
f 5466 5343 5350
f 5466 5468 5467
f 4927 5471 5088
f 5729 5341 5603
f 5346 5354 5350
f 5468 5350 5354
f 5467 5347 5466
f 5608 5467 5469
f 5347 5467 5608
f 5469 5464 5608
f 5095 5474 5348
f 5729 5352 5341
f 5355 5470 5349
f 5472 5611 5092
f 5609 5354 5612
f 5608 5356 5347
f 5356 5608 5743
f 5095 5475 5474
f 5882 5358 5610
f 5358 5882 5360
f 5365 5355 5245
f 5743 5615 5357
f 5359 5889 5238
f 5479 5478 5360
f 5476 5366 5611
f 5361 5240 5619
f 5359 5750 5889
f 5102 5480 5477
f 5362 5480 5102
f 5362 5360 5480
f 5478 5480 5360
f 5480 5478 5481
f 5363 5481 5478
f 5479 5363 5478
f 5479 5244 5363
f 5244 5479 5369
f 5482 5366 5476
f 5240 4797 5619
f 5367 5619 4797
f 5359 5621 5750
f 5620 5242 5616
f 5244 5364 5363
f 5363 5364 5483
f 5370 5365 5247
f 5482 5371 5366
f 5484 5248 5249
f 5484 5367 5248
f 5751 5374 5369
f 5624 5249 5625
f 5376 5374 5751
f 5377 5375 5371
f 5378 5486 5483
f 5377 5489 5250
f 5760 5380 5376
f 5378 5380 5490
f 5491 5378 5490
f 5628 5378 5491
f 5381 5382 5490
f 5380 5760 5490
f 5381 5490 5762
f 5252 5631 5488
f 5490 5382 5491
f 5381 5762 5255
f 5255 5762 5630
f 5631 5252 5493
f 5120 5493 5252
f 5494 5489 5761
f 5495 5632 5383
f 5383 5384 5495
f 5255 5492 5496
f 5492 5497 5496
f 5388 5636 5122
f 5494 5635 5385
f 5499 5386 5128
f 5496 5498 5257
f 5637 5125 5635
f 5257 5498 5387
f 5502 5388 5258
f 5500 5125 5637
f 5772 5499 5128
f 5772 5128 5389
f 5502 5258 5504
f 5500 5637 5771
f 5504 5258 5391
f 5389 5260 5640
f 5639 5506 5127
f 5509 5392 5507
f 5509 5507 5508
f 5505 5392 5509
f 5514 5640 5260
f 5505 5509 5510
f 5781 5642 5393
f 5507 5511 5508
f 5513 5512 5511
f 5398 5511 5512
f 5511 5398 5508
f 5395 5508 5398
f 5508 5395 5509
f 5396 5509 5395
f 5509 5396 5510
f 5513 5510 5396
f 5514 5393 5642
f 5398 5781 5262
f 5512 5781 5398
f 5781 5512 5513
f 5644 5513 5396
f 5781 5513 5644
f 5396 5397 5644
f 5138 5518 6048
f 5515 5400 4972
f 5268 5515 4972
f 5268 5401 5515
f 5266 5137 5517
f 5517 5137 5650
f 5651 5402 5138
f 5519 5649 5915
f 5403 5650 5137
f 5651 5788 5402
f 5653 5519 5915
f 5788 5404 5402
f 5655 5272 5653
f 5272 5519 5653
f 5271 5521 5403
f 5788 5405 5404
f 5406 5410 5520
f 5656 5521 5271
f 5412 5657 5407
f 5655 5524 5411
f 5655 5791 5524
f 5407 5657 5658
f 5658 5659 5408
f 5526 5408 5659
f 5281 5661 5523
f 5525 5657 5412
f 5527 5660 5166
f 5413 5545 5532
f 5659 5529 5526
f 5526 5529 5533
f 5531 5283 5013
f 5798 5166 5660
f 5281 5287 5663
f 5545 5413 5536
f 5663 5286 5534
f 5666 5663 5534
f 5536 5414 5537
f 5533 5529 5538
f 5533 5538 5530
f 5531 5171 5540
f 5531 5540 5539
f 5174 5665 5416
f 5173 5665 5174
f 5291 5416 5541
f 5534 5541 5416
f 5541 5534 5542
f 5286 5542 5534
f 5542 5286 5417
f 5292 5542 5417
f 5543 5535 5548
f 5545 5544 5532
f 5419 5291 5541
f 5418 5674 5537
f 5297 5179 5934
f 5934 5179 5020
f 5934 5020 5546
f 5546 5020 5419
f 5675 5530 5538
f 5530 5675 5547
f 5418 5678 5674
f 5678 5418 5298
f 5675 5549 5547
f 5030 5421 5548
f 5550 5293 5544
f 5555 5678 5298
f 5420 5555 5298
f 5550 5422 5293
f 5423 5555 5420
f 5551 5554 5549
f 5549 5554 5424
f 5552 5555 5423
f 5552 5423 5551
f 5551 5423 5554
f 5556 5555 5552
f 5425 5554 5423
f 5554 5425 5553
f 5556 5553 5425
f 5552 5553 5556
f 5681 5558 5553
f 5558 5554 5553
f 5422 5550 5557
f 5432 5555 5556
f 5554 5558 5424
f 5683 5427 5944
f 5426 5432 5425
f 5425 5432 5556
f 5306 6059 5039
f 5039 6059 5305
f 5305 5944 5427
f 5681 5682 5558
f 5558 5431 5424
f 5558 5682 5431
f 5686 5429 5560
f 5570 5691 5303
f 5682 5563 5431
f 5187 5566 5428
f 5564 5309 5559
f 5185 5826 5308
f 5434 5566 5187
f 5690 5309 5564
f 5688 6062 5433
f 5695 5565 5432
f 5567 5431 5563
f 5569 5433 6062
f 5191 5318 5696
f 5315 5571 5695
f 5572 5567 5573
f 5834 5317 5568
f 5574 5438 5569
f 5578 5570 5057
f 5315 5580 5571
f 5576 5572 5573
f 5574 5439 5438
f 5706 5439 5574
f 5580 5315 5582
f 5576 5579 5572
f 5580 5582 5847
f 5199 5842 5708
f 5977 5321 5439
f 5846 5322 5314
f 5846 5314 5575
f 5321 5977 5441
f 5576 5583 5579
f 5712 5842 5201
f 5442 5844 5581
f 5443 5444 5581
f 5844 5443 5581
f 5443 5845 5324
f 5324 5845 5202
f 5449 5582 5203
f 5587 5586 5585
f 5586 5581 5588
f 5587 5581 5586
f 5581 5587 5445
f 5444 5588 5581
f 5444 5445 5587
f 5444 5589 5588
f 5714 5446 5447
f 5585 5448 5587
f 5587 5448 5066
f 5587 5066 5444
f 5444 5066 5589
f 5589 5066 5446
f 5593 5590 5451
f 5594 5592 5449
f 5591 5326 5583
f 5592 5594 5715
f 5591 5858 5326
f 5717 5715 5594
f 5594 5452 5717
f 5858 5859 5595
f 5859 5453 5595
f 5329 5720 5330
f 5330 5720 5331
f 5859 5598 5453
f 5597 5219 5334
f 5601 5597 5334
f 5597 5601 5727
f 5454 5723 5335
f 5599 5218 5455
f 5454 5218 5599
f 5079 5456 5457
f 5721 5458 5336
f 5601 5334 5463
f 5335 5723 5605
f 5463 5734 5601
f 5465 5461 5348
f 5470 5606 5459
f 5459 5606 5604
f 5467 5734 5463
f 5335 5605 5464
f 5460 5865 5345
f 5470 5607 5606
f 5600 5472 5598
f 5734 5467 5468
f 5609 5734 5468
f 5608 5464 5605
f 5605 5738 5608
f 5354 5609 5468
f 5608 5738 5741
f 5865 5233 5345
f 5355 5740 5470
f 5470 5740 5607
f 5600 5745 5472
f 5610 5352 5729
f 5611 5472 5745
f 5743 5608 5741
f 5238 5613 5351
f 5745 5476 5611
f 5612 5361 5614
f 5889 5613 5238
f 5360 5882 5479
f 5477 5475 5102
f 5365 5622 5355
f 5619 5614 5361
f 5615 5746 5617
f 5480 5481 5477
f 5370 5622 5365
f 5368 5617 5618
f 5618 6005 5368
f 5887 5620 5616
f 5363 5483 5481
f 6006 6267 4944
f 4944 6267 5485
f 5372 5485 5621
f 5487 5622 5370
f 5623 5371 5482
f 5249 5624 5484
f 5626 5373 5754
f 5488 5487 5251
f 5623 5377 5371
f 5378 5628 5486
f 5751 5757 5376
f 5376 5757 5627
f 5627 5760 5376
f 5761 5489 5377
f 5491 5629 5628
f 5762 5490 5760
f 5491 5382 5895
f 5895 5382 5383
f 5383 5632 5895
f 5255 5630 5633
f 5633 5492 5255
f 5898 5631 5493
f 5495 5630 5632
f 5630 5495 5633
f 5384 5633 5495
f 5634 5633 5384
f 5764 5494 5761
f 5122 5493 5120
f 5766 5384 5386
f 5768 5635 5494
f 5386 5499 5766
f 5498 5496 5497
f 5498 5497 5901
f 5502 5636 5388
f 5635 6151 5637
f 5770 5636 5502
f 5501 5498 5638
f 5387 5498 5501
f 5772 5389 5640
f 5638 5905 5501
f 5501 5905 5503
f 5905 5776 5503
f 5907 5506 5639
f 5639 5500 5907
f 5510 5643 5505
f 5505 5777 5391
f 5505 5643 5777
f 5504 5391 5777
f 5778 5640 5514
f 5776 5910 5511
f 5507 5776 5511
f 5641 5513 5511
f 5643 5510 5513
f 5641 5643 5513
f 5511 5910 5779
f 5511 5779 5641
f 5506 5909 5397
f 5506 5907 5909
f 5645 5642 5781
f 5644 5397 5783
f 5646 5647 5264
f 5647 6045 5399
f 6045 5516 5399
f 5264 5265 5646
f 5648 4971 5400
f 5266 5517 5913
f 5518 4971 5648
f 5518 5648 6048
f 5651 5138 6048
f 5651 6048 5786
f 5652 5401 5520
f 5521 5650 5403
f 5520 5410 5652
f 5790 5405 5788
f 5522 5654 5410
f 5792 5527 5790
f 5795 5926 5522
f 5523 5795 5522
f 5523 5661 5795
f 5927 5528 5524
f 5927 5524 5791
f 5662 5657 5525
f 5657 5801 5658
f 5657 5662 5801
f 5658 5801 5659
f 5801 5529 5659
f 5281 5663 5661
f 5661 5663 5800
f 5802 5528 5927
f 5802 5927 5664
f 5535 5662 5525
f 5801 5807 5529
f 5665 5666 5534
f 5802 5664 5932
f 5535 5668 5662
f 5536 5669 5545
f 5545 5669 5670
f 5812 5538 5529
f 5173 5289 5799
f 5173 5799 5665
f 5416 5665 5534
f 5541 5542 5419
f 5542 5667 5419
f 5802 5542 5292
f 5802 5667 5542
f 5543 5668 5535
f 5670 5544 5545
f 5537 5669 5536
f 5529 5807 5812
f 5803 5540 5297
f 5934 5803 5297
f 5673 5544 5670
f 5676 5669 5537
f 5673 5670 5671
f 5671 5670 5669
f 5671 5669 5806
f 5669 5672 5806
f 5672 5669 5676
f 5676 5537 5674
f 5812 5675 5538
f 5677 5544 5673
f 5812 5814 5675
f 5421 5543 5548
f 5677 5550 5544
f 5678 5676 5674
f 5680 5676 5678
f 5814 5549 5675
f 5814 5820 5679
f 5679 5551 5549
f 5679 5549 5814
f 5679 5552 5551
f 5432 5678 5555
f 5679 5553 5552
f 5303 5685 5421
f 5684 5550 5677
f 5432 5680 5678
f 5820 5681 5679
f 5681 5553 5679
f 5820 5682 5681
f 5684 5557 5550
f 5565 5687 5680
f 5565 5680 5432
f 5427 5683 5821
f 5303 5691 5685
f 6061 5306 5428
f 6183 5560 5561
f 5826 5185 5828
f 5950 5688 5430
f 5689 5687 5565
f 5830 5563 5682
f 5692 5435 5557
f 5684 5692 5557
f 5831 5689 5565
f 5831 5565 5695
f 5191 5696 5828
f 5698 5691 5570
f 5693 5563 5830
f 5694 5568 5690
f 5563 5693 5573
f 5563 5573 5567
f 5834 5568 5694
f 5695 5571 5831
f 5318 5704 5700
f 5696 5318 5700
f 5569 5704 5574
f 5704 5569 5700
f 5697 5700 5569
f 5700 5697 5701
f 5702 5701 5697
f 5570 5835 5698
f 5836 5575 5435
f 5836 5435 5692
f 5837 5317 5834
f 5318 5577 5704
f 5574 5704 5702
f 5701 5702 5704
f 5837 5705 5317
f 5702 5706 5574
f 5836 6096 5575
f 5577 5841 5707
f 5319 5841 5577
f 5320 5841 5319
f 5706 5977 5439
f 5974 5196 5705
f 5974 5709 5196
f 5710 5320 5323
f 5709 5976 5440
f 5202 5710 5323
f 5845 5710 5202
f 5442 5440 5713
f 5442 5713 5844
f 5843 5447 5441
f 5843 5714 5447
f 5711 5583 5576
f 5848 5584 5585
f 5848 5585 5586
f 5588 5848 5586
f 5850 5583 5711
f 5850 5591 5583
f 5718 5593 5451
f 5716 5715 5717
f 5332 5718 5451
f 5450 5985 5327
f 5722 5718 5332
f 5333 5719 5452
f 5331 5860 5214
f 5214 5860 5072
f 5072 5860 5987
f 5985 5596 5327
f 5597 5863 5329
f 5455 5075 5861
f 5456 5992 5861
f 5604 5719 5333
f 5989 5598 5859
f 5599 6119 5454
f 5454 6119 5723
f 5458 5721 5993
f 5726 5722 5332
f 5985 5603 5596
f 5724 5719 5604
f 5725 5600 5598
f 5725 5598 5989
f 5460 5458 5993
f 5993 5865 5460
f 5465 5348 5726
f 5730 5724 5731
f 5606 5732 5604
f 5733 5604 5732
f 5604 5733 5724
f 5724 5733 5731
f 5733 5732 5725
f 5732 5736 5725
f 5736 5600 5725
f 5727 5601 5734
f 5737 5727 5734
f 5735 5605 5723
f 5738 5605 5735
f 5730 5731 5607
f 5872 5731 5733
f 5731 5872 5607
f 5736 5607 5872
f 5607 5736 5606
f 5732 5606 5736
f 5734 5609 5737
f 5738 5735 5739
f 5875 5471 5351
f 5607 5740 5730
f 5736 5872 5877
f 5738 5739 5742
f 5738 5742 5741
f 6000 5233 5865
f 5729 5870 5610
f 5610 5870 5882
f 5877 5745 5600
f 5877 5600 5736
f 5743 5741 5742
f 5355 5744 5740
f 5612 5614 5609
f 5233 6000 6001
f 5233 6001 5473
f 5622 5744 5355
f 5743 5746 5615
f 5743 5742 5881
f 5746 5743 5881
f 5477 5748 5475
f 5747 5614 5619
f 6259 5617 5746
f 6259 5618 5617
f 5473 5887 5616
f 5477 5481 5748
f 5369 5479 5888
f 5749 5482 5476
f 5483 5748 5481
f 5367 5484 5891
f 5373 5620 5754
f 5620 5887 5754
f 5483 5486 5752
f 5487 5892 5622
f 5755 5892 5487
f 5749 6010 5623
f 5749 5623 5482
f 6271 5625 5753
f 6271 5753 5626
f 5757 5751 6014
f 5488 5755 5487
f 5756 5755 5488
f 5623 6010 5377
f 5486 5628 5893
f 5757 6014 5758
f 5759 5893 5628
f 5628 5758 5759
f 5758 5628 5757
f 5629 5757 5628
f 5627 5757 5629
f 5488 5631 5756
f 6142 5761 5377
f 5895 5632 5899
f 5763 5630 5762
f 5898 5896 5631
f 5633 5634 5765
f 5632 5765 5634
f 5765 5632 5763
f 5763 5632 5630
f 5492 5633 5765
f 5492 5765 6024
f 5634 5899 5632
f 5766 5634 5384
f 5122 5767 5493
f 5764 5768 5494
f 5769 5766 5499
f 5122 5636 5900
f 5770 5900 5636
f 5901 5638 5498
f 5637 6151 5902
f 5637 5902 5771
f 5640 5773 5772
f 5774 5776 5905
f 6154 5502 5504
f 5775 5773 5640
f 5640 5778 5775
f 5504 5777 5906
f 5778 5514 5642
f 5776 5908 5910
f 5780 5641 5779
f 5780 5643 5641
f 5777 5643 5780
f 5397 5909 5783
f 5781 5911 5645
f 5644 5782 5781
f 5644 5783 5782
f 5911 5781 5782
f 5646 5912 5647
f 5646 5266 5913
f 5265 5266 5646
f 5914 5648 5400
f 5784 5400 5515
f 5784 5914 5400
f 5649 5516 5915
f 5401 5785 5515
f 5919 5517 5650
f 5787 5653 5915
f 5920 5653 5787
f 5786 5788 5651
f 5410 5654 5652
f 5653 5920 5789
f 5791 5655 5789
f 5789 5655 5653
f 5789 6173 5791
f 5522 5922 5654
f 5522 5926 5922
f 5283 5794 5656
f 5793 5791 6173
f 5660 5527 5792
f 5283 5929 5794
f 5797 5796 5927
f 5531 5929 5283
f 5800 5663 5666
f 5800 5931 5661
f 5664 5931 5932
f 5931 5664 5661
f 5661 5664 5795
f 5796 5795 5664
f 5664 5927 5796
f 5801 5662 5935
f 5289 5798 5799
f 5666 5665 5800
f 5932 6056 5802
f 5801 5935 5811
f 5803 5539 5540
f 5662 5668 5935
f 5935 5805 5811
f 5546 5419 5667
f 5805 5935 5804
f 5805 5806 5811
f 5801 5811 5807
f 5815 5935 5543
f 5935 5668 5543
f 5804 5671 5805
f 5671 5804 5808
f 5936 5808 5804
f 5808 5936 5809
f 5809 5936 5810
f 5806 5805 5671
f 5806 5672 5810
f 5806 5810 5811
f 5937 5807 5811
f 5807 5937 5812
f 5671 5808 5673
f 5676 5813 5672
f 5813 5810 5672
f 5813 5809 5810
f 5937 5938 5812
f 5812 5938 5814
f 5816 5808 5809
f 5421 5815 5543
f 5680 5813 5676
f 5816 5677 5808
f 5808 5677 5673
f 5822 5809 5813
f 5822 5813 5680
f 5421 5685 5815
f 5938 5940 5814
f 5818 5677 5816
f 5940 5820 5814
f 5818 5684 5677
f 5819 5818 5816
f 5823 5809 5822
f 5687 5822 5680
f 5820 5940 5945
f 5819 5816 5809
f 5819 5809 5823
f 5306 6316 6059
f 6061 6316 5306
f 5691 5824 5685
f 5824 5817 5685
f 5823 5822 5687
f 5560 6183 6182
f 5560 6182 5686
f 5561 5562 6183
f 5826 5562 5308
f 5946 5950 5430
f 5825 5819 5823
f 5945 5830 5820
f 5820 5830 5682
f 5564 5559 6187
f 5818 5829 5684
f 5829 5818 5819
f 5827 5819 5825
f 6187 5690 5564
f 5955 5824 5691
f 5963 5692 5684
f 5963 5684 5829
f 5819 5827 5829
f 5825 5823 5689
f 5689 5823 5687
f 5434 5958 5566
f 6187 5694 5690
f 5696 6065 5828
f 5698 5955 5691
f 5437 5958 5434
f 5569 6062 5954
f 5829 5961 5963
f 5833 5689 5831
f 5694 5959 5834
f 5832 5697 5954
f 5954 5697 5569
f 5699 5833 5831
f 5571 5699 5831
f 5965 5573 5693
f 5703 5966 5437
f 5700 5962 5696
f 5700 5701 5962
f 5701 5838 5962
f 5832 5702 5697
f 5835 5955 5698
f 5577 5707 5704
f 5707 5838 5704
f 5838 5701 5704
f 5839 5702 5832
f 5578 5835 5570
f 5699 5571 5840
f 5965 5972 5573
f 5708 5966 5703
f 5839 5706 5702
f 6097 5835 5578
f 5571 5580 5840
f 5972 5576 5573
f 5837 5974 5705
f 5849 6097 5578
f 6209 5977 5706
f 6333 5976 5709
f 5841 5320 5710
f 6096 5846 5575
f 5976 5713 5440
f 5845 6094 5710
f 5441 5977 5843
f 6222 5711 5576
f 5844 5978 5443
f 5978 5845 5443
f 5449 5847 5582
f 5848 5588 5589
f 5979 5848 5589
f 5979 5589 5446
f 5714 5979 5446
f 5593 5849 5590
f 5982 5322 5846
f 5851 5322 5982
f 5852 5449 5592
f 5715 5852 5592
f 5853 5850 5983
f 5853 5591 5850
f 5854 5852 5715
f 5854 5855 5852
f 5715 5983 5854
f 5983 5715 5853
f 5716 5853 5715
f 5853 5857 5591
f 5853 5716 5857
f 5716 5717 5856
f 5855 5856 5717
f 5856 5855 5854
f 6104 5857 5856
f 5857 5716 5856
f 5858 5857 6104
f 5858 5591 5857
f 5452 5855 5717
f 5855 5719 6107
f 5452 5719 5855
f 6230 5718 5722
f 5331 5720 5986
f 6230 5722 5864
f 5720 5329 5863
f 5724 5862 5719
f 5727 5863 5597
f 5599 5455 6113
f 5992 5456 5079
f 6120 5992 5079
f 5864 5722 5726
f 6114 5603 5985
f 5348 5864 5726
f 5730 5871 5724
f 5724 5871 5862
f 5866 5725 5989
f 5868 5727 5867
f 5996 5735 5723
f 5996 5723 6119
f 5348 5474 5864
f 6114 5729 5603
f 5866 5733 5725
f 5737 5867 5727
f 5735 5996 5869
f 5471 5875 5728
f 5870 5729 6114
f 5740 5871 5730
f 5866 5878 5872
f 5872 5733 5866
f 5737 5873 5867
f 5868 5874 5880
f 5874 5868 5739
f 5867 5739 5868
f 5873 5739 5867
f 5735 5869 5739
f 5869 5874 5739
f 5872 5878 5877
f 5880 5873 5879
f 5873 5737 5879
f 5739 5873 5742
f 5880 5742 5873
f 5742 5880 5881
f 5881 5880 5874
f 5881 5874 5869
f 5351 6132 5875
f 5885 5882 5870
f 5876 5871 5744
f 5744 5871 5740
f 5869 6248 5881
f 5613 6132 5351
f 5878 5745 5877
f 5609 5883 5737
f 5886 5881 6248
f 5884 5474 5475
f 5884 5475 6008
f 5882 5885 6138
f 5614 5883 5609
f 5881 5886 5746
f 6008 5475 5748
f 5882 6138 5479
f 5479 6138 5888
f 6002 5476 5745
f 5886 6259 5746
f 5889 6260 5613
f 6140 5473 6001
f 5622 5892 5744
f 5749 5476 6002
f 5619 6258 5747
f 5367 6258 5619
f 6258 5367 5891
f 5890 5750 5621
f 5483 5752 5748
f 5751 5369 5888
f 5890 5621 5485
f 5752 5486 6273
f 5894 5758 6015
f 5758 6014 6015
f 6010 6142 5377
f 5894 5759 5758
f 5759 5894 6016
f 5629 6016 5894
f 5627 5629 5894
f 6015 5627 5894
f 5896 5756 5631
f 5491 6016 5629
f 6015 6017 5627
f 5627 6017 5760
f 5762 5760 6017
f 5895 6016 5491
f 6018 5763 5762
f 6275 5764 5761
f 6018 5897 5763
f 5763 5897 5765
f 6024 5765 5897
f 6023 5764 6275
f 5899 5634 6278
f 5492 6024 6148
f 5767 5898 5493
f 5766 6278 5634
f 5492 6148 5497
f 6023 5768 5764
f 5766 5769 6026
f 5497 6148 6025
f 6025 5901 5497
f 5122 5900 5767
f 5768 6149 5635
f 6028 5900 5770
f 5499 5772 6035
f 6028 5770 6030
f 6030 5770 6033
f 5903 5902 6151
f 5502 6154 5770
f 6033 5770 6154
f 5902 5904 5771
f 5771 5904 6034
f 6154 5504 5906
f 5771 5907 5500
f 5774 5908 5776
f 5907 5771 6038
f 5907 6038 6043
f 5780 6157 5777
f 5906 5777 6157
f 5907 6043 5909
f 5779 6159 5780
f 6042 5783 5909
f 5912 6163 5647
f 5647 6163 6045
f 5646 5913 6162
f 5785 5784 5515
f 5916 6048 5648
f 5652 5917 5401
f 5918 5787 6049
f 5787 5915 6049
f 5652 5920 5917
f 5920 5787 5917
f 5918 5917 5787
f 5917 5918 5921
f 5918 6049 6050
f 5521 5919 5650
f 6051 5788 6171
f 6171 5788 5786
f 5654 5922 5920
f 5654 5920 5652
f 5921 5918 5923
f 5789 5923 5918
f 5923 5789 5922
f 5920 5922 5789
f 6050 5789 5918
f 6173 5789 6050
f 5792 5790 6051
f 6051 5790 5788
f 5923 5922 5924
f 5924 5922 5926
f 5656 6305 5521
f 5794 6305 5656
f 6053 5660 5792
f 5660 6053 5925
f 5927 5791 5793
f 5931 5928 5795
f 5928 5796 5795
f 5797 5795 5796
f 5795 5797 5926
f 5531 5539 5929
f 5929 5539 6057
f 5925 5798 5660
f 5930 5800 5665
f 5930 5931 5800
f 5932 5931 5933
f 5795 5933 5931
f 5933 5795 5796
f 5665 5799 5930
f 5802 6056 6058
f 5539 5803 6057
f 6179 5803 5934
f 6058 5667 5802
f 5935 5939 5804
f 5939 5936 5804
f 5937 5810 5936
f 5937 5811 5810
f 5815 5941 5935
f 5935 5941 5939
f 5936 5939 5937
f 5939 5942 5937
f 5937 5942 5938
f 5938 5945 5940
f 5938 5942 5945
f 5941 5948 5939
f 5685 5817 5815
f 5815 5817 5941
f 5941 5947 5948
f 5939 5948 5942
f 5942 5943 5945
f 5817 5947 5941
f 5942 5948 5943
f 5305 6059 5944
f 6060 5821 6315
f 5821 6060 5946
f 5948 5951 5943
f 5428 5949 6061
f 6186 5429 5686
f 6183 5562 6184
f 5826 6184 5562
f 5948 5952 5951
f 6185 5559 5429
f 6187 5559 6185
f 5956 5817 5824
f 5817 5956 5947
f 5948 5947 5952
f 5951 5952 5953
f 5951 5953 5943
f 5943 5957 5945
f 5943 5953 5957
f 5957 5830 5945
f 5566 6063 5428
f 5824 5955 5956
f 5956 5952 5947
f 5957 5693 5830
f 5959 5694 6187
f 5956 5960 5952
f 5825 5968 5827
f 5968 5825 5689
f 5962 6065 5696
f 5956 5955 6200
f 5829 5964 5961
f 5964 5829 5827
f 5833 5968 5689
f 5953 6077 5957
f 5957 5965 5693
f 5957 6077 5965
f 5966 5958 5437
f 5964 5827 5968
f 5834 5959 6073
f 5834 6073 5837
f 5835 6200 5955
f 5970 5961 5964
f 6082 5968 5833
f 6082 5833 5699
f 5837 6073 5967
f 6075 5837 5967
f 5969 5836 5692
f 5969 5692 5963
f 5970 5963 5961
f 5969 5963 5970
f 6081 5964 5968
f 5840 6082 5699
f 6089 5972 5965
f 5708 5973 5966
f 5707 6195 5838
f 5971 6082 5840
f 5973 5708 6090
f 5837 6075 6326
f 5974 5837 6326
f 5707 5841 6195
f 5974 6326 6333
f 5839 6209 5706
f 6216 5840 5580
f 6224 6216 5580
f 5847 6224 5580
f 6222 5576 5972
f 5842 6090 5708
f 5975 6090 5842
f 6333 5709 5974
f 6096 5836 5969
f 5712 5975 5842
f 5978 5713 6649
f 6221 5845 6093
f 6221 6094 5845
f 5844 5713 5978
f 5978 6093 5845
f 6350 5714 5843
f 6099 6097 5849
f 6098 5848 5979
f 5846 6096 6100
f 5980 5847 5449
f 6100 5982 5846
f 5449 5981 5980
f 5852 5981 5449
f 5984 5983 5850
f 5855 6107 5852
f 5984 5854 5983
f 5984 6104 5856
f 5854 5984 5856
f 6103 5450 5851
f 6103 5985 5450
f 6104 5859 5858
f 5988 6107 5719
f 5862 5988 5719
f 6104 6109 5859
f 6109 5989 5859
f 5331 6532 5860
f 5863 6112 5720
f 5720 6112 5986
f 6378 5455 5861
f 6378 6113 5455
f 6382 6378 5861
f 5862 5990 5988
f 5862 5994 5990
f 5991 5863 5727
f 6244 5991 5727
f 5602 6120 5079
f 5871 5994 5862
f 6123 5866 5989
f 6244 5727 5868
f 6129 5996 6119
f 5474 6130 5864
f 5995 5994 5998
f 5871 5998 5994
f 5878 5866 6123
f 5728 5875 5997
f 6000 5865 6121
f 5880 5999 5868
f 6248 5869 5996
f 5884 6130 5474
f 5876 5998 5871
f 5879 5999 5880
f 6249 6132 5613
f 5876 5744 6004
f 6136 5745 5878
f 5883 5879 5737
f 6255 5879 5883
f 6139 6249 5613
f 6400 6001 6000
f 6136 6002 5745
f 5614 5747 5883
f 5747 6257 5883
f 5892 6004 5744
f 6260 6139 5613
f 6563 6140 6001
f 6259 6405 5618
f 5889 6003 6260
f 6140 5887 5473
f 6010 5749 6403
f 5749 6002 6403
f 5889 5750 6003
f 6003 5750 5890
f 6140 6007 5887
f 5748 5752 6008
f 6012 6008 5752
f 6414 5484 5624
f 6414 5891 5484
f 5485 6011 5890
f 5754 5887 6007
f 6013 5751 5888
f 6009 6004 5755
f 5756 6009 5755
f 5755 6004 5892
f 6270 5624 5625
f 6270 5625 6271
f 6268 5626 5754
f 6268 6271 5626
f 6014 5751 6013
f 6269 6014 6013
f 5486 5893 6273
f 6269 6015 6014
f 5759 6016 5893
f 6274 5761 6142
f 6017 6018 5762
f 6274 6275 5761
f 5899 5897 6019
f 5895 5899 6019
f 5897 6018 6019
f 6020 6019 6018
f 6024 5897 6021
f 6024 6021 6145
f 5898 6022 5896
f 5899 6278 5897
f 6278 6021 5897
f 5898 6150 6022
f 5767 6150 5898
f 5900 6028 5767
f 6149 6151 5635
f 5499 6035 5769
f 6029 5903 6031
f 6028 5903 6029
f 5903 6028 5902
f 6030 5902 6028
f 6151 6032 5903
f 6027 6152 5901
f 5901 6152 5638
f 5902 6030 5904
f 6033 5904 6030
f 5904 6033 6034
f 6031 6034 6033
f 6034 6031 5903
f 5903 6032 6034
f 6035 5772 5773
f 6152 5905 5638
f 6037 6035 5773
f 6152 5774 5905
f 6036 6033 6154
f 6034 6032 6285
f 6034 6285 5771
f 6037 5773 5775
f 5771 6285 6038
f 6152 6153 5774
f 6153 5908 5774
f 6154 5906 6040
f 5775 5778 6039
f 6040 5906 6157
f 5642 6155 5778
f 5778 6155 6039
f 6156 5910 5908
f 6156 5779 5910
f 6157 5780 6159
f 6041 6043 6038
f 6038 6438 6041
f 5642 6158 6155
f 6158 5642 5645
f 6043 6042 5909
f 5783 6042 5782
f 6042 6043 6041
f 6158 5645 5911
f 6161 5782 6042
f 6044 5911 5782
f 6162 5912 5646
f 6045 6046 5516
f 6162 5913 6167
f 5648 5914 6047
f 5784 6165 5914
f 6046 6166 5516
f 5516 6166 5915
f 5517 5919 5913
f 5913 5919 6167
f 5401 6168 5785
f 6049 5915 6166
f 5786 6048 6171
f 5917 6168 5401
f 5917 5921 6168
f 5521 6170 5919
f 5924 6052 5923
f 6053 5792 6051
f 5924 5926 6054
f 6306 5793 6173
f 6054 5926 6175
f 5793 6310 5927
f 5793 6306 6310
f 5928 5931 5930
f 5796 5928 5933
f 6175 5933 5928
f 5933 6175 6055
f 5926 6055 6175
f 6055 5926 5797
f 5797 5927 6310
f 5797 6310 6055
f 5925 5799 5798
f 5799 5925 6176
f 5799 6176 5930
f 5932 5933 6056
f 6057 5803 6179
f 6179 5934 5546
f 6058 5546 5667
f 6059 6180 5944
f 5683 6314 5821
f 6060 5950 5946
f 5686 6182 6181
f 5686 6181 6186
f 5428 6063 5949
f 6187 6185 6632
f 5826 5828 6064
f 5828 6065 6064
f 6062 6317 5954
f 5958 6063 5566
f 6066 5954 6317
f 6070 5952 5960
f 5952 6070 5953
f 6189 5958 6068
f 5966 6072 5958
f 6068 5958 6072
f 6067 6069 5959
f 6066 5832 5954
f 6066 6322 5832
f 6200 6083 5956
f 6083 5960 5956
f 6070 6071 5953
f 5953 6071 6077
f 6068 6072 6074
f 6072 6073 6074
f 6073 5959 6074
f 6069 6074 5959
f 6075 6074 6069
f 6075 6069 6067
f 5838 6076 5962
f 6070 6193 6071
f 6072 6078 6073
f 6074 6075 6079
f 5967 6079 6075
f 6079 5967 6078
f 6073 6078 5967
f 6067 6323 6075
f 5839 5832 6322
f 6086 6200 5835
f 6083 6070 5960
f 5964 6080 5970
f 5964 6081 6080
f 6077 6208 5965
f 5973 6072 5966
f 6078 6072 5973
f 6079 6078 5973
f 6080 6081 6084
f 6084 6081 5968
f 6084 5968 6082
f 5840 6085 5971
f 5840 6091 6085
f 5965 6208 6089
f 6075 6323 6326
f 5970 6210 5969
f 6218 6080 6084
f 6203 6084 6082
f 6087 6082 5971
f 6087 5971 6204
f 6204 5971 6088
f 6088 5971 6085
f 5840 6216 6091
f 6089 6357 5972
f 6097 6086 5835
f 6210 5970 6080
f 6091 6207 6085
f 6094 6217 5710
f 5841 5710 6217
f 6209 6095 5977
f 6092 6096 5969
f 6092 5969 6210
f 6357 6222 5972
f 5712 6220 5975
f 6649 5713 5976
f 5843 5977 6095
f 6098 7041 5848
f 5979 5714 6223
f 5980 6101 5847
f 5711 6222 6225
f 6099 5849 6102
f 5981 6101 5980
f 5711 6225 5850
f 5593 6102 5849
f 5981 6226 6101
f 6365 5850 6225
f 6105 6102 5593
f 6107 5981 5852
f 6227 6104 5984
f 6365 6227 5984
f 5850 6365 5984
f 5718 6105 5593
f 5982 6103 5851
f 6230 6105 5718
f 6106 5985 6103
f 6108 6104 6227
f 6107 5988 6110
f 6108 6109 6104
f 5986 6532 5331
f 5860 6371 5987
f 6114 5985 6106
f 6109 6235 6111
f 6111 6116 6109
f 6116 5989 6109
f 5987 6232 5721
f 5990 6115 5988
f 6115 6110 5988
f 6117 6115 6235
f 5990 6235 6115
f 6235 5990 6111
f 6111 5990 6116
f 5599 6113 6380
f 6117 6110 6115
f 6125 6110 6117
f 5994 6116 5990
f 6116 5994 6118
f 6117 6118 5994
f 6239 6116 6118
f 6119 5599 6380
f 5602 5728 6120
f 6120 5728 5997
f 6384 6121 5993
f 6122 6125 6117
f 5995 6122 5994
f 5994 6122 6117
f 6116 6239 6123
f 6123 5989 6116
f 6121 5865 5993
f 6114 6389 5870
f 6126 6125 6122
f 5998 6127 5995
f 6128 5995 6127
f 5995 6128 6122
f 6243 6122 6128
f 6122 6243 6126
f 6128 6127 6123
f 6127 6131 6123
f 6244 5868 5999
f 6246 6121 6124
f 6125 6126 6135
f 6250 6126 6243
f 6126 6250 5876
f 6131 5876 6250
f 5876 6131 5998
f 6127 5998 6131
f 5996 6129 6248
f 6000 6246 6133
f 6000 6121 6246
f 5876 6135 6126
f 6131 6250 6134
f 6131 5878 6123
f 6251 5999 5879
f 6400 6000 6133
f 6133 6398 6400
f 6241 5884 6137
f 6389 5885 5870
f 6004 6135 5876
f 6134 6136 5878
f 6131 6134 5878
f 6255 6251 5879
f 6248 6253 5886
f 6008 6137 5884
f 6403 6002 6136
f 6400 6563 6001
f 6258 6257 5747
f 6404 6259 5886
f 6253 6404 5886
f 6254 5888 6138
f 6403 6266 6010
f 6254 6013 5888
f 6141 6267 6006
f 6267 6011 5485
f 5754 6007 6268
f 5624 6270 6414
f 5752 6273 6012
f 6273 6272 6012
f 6265 5756 6412
f 6266 6142 6010
f 6412 5756 5896
f 6016 6273 5893
f 6016 6418 6273
f 6017 6015 6269
f 6418 6016 5895
f 5895 6276 6418
f 6269 6018 6017
f 5895 6019 6146
f 6145 6144 6020
f 6019 6020 6146
f 6144 6146 6020
f 6146 6144 6147
f 6021 6147 6144
f 6145 6021 6144
f 6420 6023 6275
f 6278 6147 6021
f 6148 6024 6145
f 6148 6145 6277
f 6278 5766 6026
f 5768 6023 6280
f 5768 6280 6149
f 6148 6589 6025
f 6028 6150 5767
f 6027 5901 6025
f 6028 6029 6150
f 6027 6025 6283
f 6032 6151 6426
f 6031 6033 6284
f 6284 6033 6036
f 6032 6426 6285
f 6436 6038 6285
f 6287 6436 6285
f 6153 6292 5908
f 6038 6436 6438
f 6292 6294 5908
f 5908 6294 6156
f 6159 5779 6156
f 6041 6438 6443
f 6041 6443 6042
f 6160 6158 5911
f 5782 6161 6044
f 6042 6443 6298
f 6160 5911 6044
f 5912 6162 6300
f 6300 6163 5912
f 6163 6164 6045
f 6164 6046 6045
f 6165 6047 5914
f 5785 6168 5784
f 5916 5648 6047
f 6450 5916 6047
f 5916 6171 6048
f 6169 5921 6172
f 6168 5921 6169
f 6304 6050 6049
f 5921 5923 6172
f 5521 6305 6170
f 6304 6173 6050
f 5924 6457 6052
f 6454 6053 6051
f 6053 6454 6307
f 5925 6053 6307
f 5924 6054 6457
f 5794 5929 6174
f 6174 5929 6178
f 6174 6178 6462
f 6311 5930 6176
f 5930 6311 5928
f 6175 5928 6311
f 6177 5933 6055
f 6055 6310 6177
f 6057 6178 5929
f 6178 6179 6462
f 6056 6312 6058
f 6177 6056 5933
f 6177 6312 6056
f 6178 6057 6179
f 6313 5546 6058
f 6313 6179 5546
f 6180 6627 5944
f 6627 6466 5944
f 5944 6466 5683
f 6466 6314 5683
f 5821 6314 6315
f 6316 6061 5949
f 6185 5429 6186
f 5950 6467 5688
f 6062 5688 6467
f 6062 6467 6317
f 5958 6189 6633
f 5958 6633 6063
f 6067 5959 6469
f 6469 5959 6187
f 6067 6469 6319
f 6188 5962 6190
f 6065 5962 6188
f 6191 6189 6068
f 5962 6076 6190
f 6320 6322 6066
f 6191 6068 6074
f 6323 6067 6319
f 6197 6071 6193
f 6197 6077 6071
f 6194 6077 6197
f 6194 6208 6077
f 6079 6191 6074
f 5838 6192 6076
f 6477 5839 6322
f 6193 6070 6083
f 6193 6196 6197
f 5973 6191 6079
f 6195 6192 5838
f 6193 6334 6196
f 6194 6478 6325
f 6198 6194 6325
f 6198 6208 6194
f 6208 6198 6199
f 6647 6195 5841
f 6200 6352 6083
f 6490 6083 6352
f 6203 6202 6084
f 6084 6202 6201
f 6088 6205 6204
f 6085 6198 6088
f 6088 6198 6205
f 6206 6205 6198
f 6207 6199 6085
f 6198 6085 6199
f 6199 6207 6208
f 6343 6089 6208
f 6343 6357 6089
f 6647 5841 6217
f 6351 6200 6086
f 6200 6351 6352
f 6080 6218 6210
f 6211 6218 6084
f 6211 6201 6212
f 6084 6201 6211
f 6203 6082 6087
f 6213 6087 6204
f 6214 6339 6204
f 6205 6214 6204
f 6214 6205 6206
f 6091 6206 6207
f 6091 6214 6206
f 6091 6216 6215
f 6643 6090 5975
f 6097 6351 6086
f 6214 6091 6340
f 6340 6091 6215
f 6652 6648 5712
f 6648 6220 5712
f 6350 5843 6095
f 6362 6092 6210
f 6216 6219 6215
f 5584 6652 5712
f 6798 6223 5714
f 6092 6362 6096
f 6224 5847 6101
f 6363 6100 6096
f 6096 6362 6363
f 6363 5982 6100
f 6228 6103 5982
f 5982 6363 6228
f 5981 6368 6226
f 6107 6368 5981
f 6228 6106 6103
f 6107 6370 6368
f 6229 6105 6230
f 6372 6106 6228
f 6110 6370 6107
f 6377 6109 6108
f 6532 6371 5860
f 6229 6230 6237
f 6370 6110 6233
f 6235 6109 6377
f 6231 6112 5863
f 6382 5861 5992
f 5864 6237 6230
f 6114 6106 6372
f 6110 6234 6233
f 6235 6377 6236
f 6231 5863 5991
f 6383 5992 6120
f 6383 6382 5992
f 6232 6384 5721
f 6384 5993 5721
f 6389 6114 6372
f 6125 6234 6110
f 6239 6118 6117
f 6235 6239 6117
f 6236 6239 6235
f 6541 5991 6244
f 6549 6119 6380
f 6121 6384 6388
f 6130 6241 6237
f 6130 6237 5864
f 6543 6237 6241
f 6125 6238 6234
f 6240 6124 6388
f 6124 6121 6388
f 6243 6236 6397
f 6239 6243 6128
f 6236 6243 6239
f 6239 6128 6123
f 6246 6245 6132
f 6132 6245 5875
f 6245 5997 5875
f 6246 6124 6245
f 6240 6245 6124
f 6240 6388 6247
f 6242 6238 6135
f 6125 6135 6238
f 6243 6397 6250
f 5999 6251 6244
f 6132 6249 6246
f 6240 6247 6252
f 6133 6252 6247
f 6252 6133 6249
f 6246 6249 6133
f 6398 6133 6247
f 5884 6241 6130
f 6250 6397 6559
f 6252 6249 6139
f 6559 6134 6250
f 6389 6557 5885
f 6004 6396 6135
f 6559 6136 6134
f 6556 6253 6248
f 6557 6254 6138
f 5885 6557 6138
f 6004 6261 6396
f 6559 6403 6136
f 6255 5883 6257
f 6715 6563 6400
f 6137 6008 6256
f 6008 6262 6256
f 6012 6262 6008
f 6004 6009 6261
f 6404 6405 6259
f 6563 6406 6140
f 6261 6009 6263
f 6405 6005 5618
f 6005 6141 6006
f 6405 6141 6005
f 5890 6569 6003
f 5890 6264 6569
f 6411 6140 6406
f 6411 6007 6140
f 6262 6012 6272
f 6263 6009 6265
f 5756 6265 6009
f 6414 6410 5891
f 5890 6011 6264
f 6268 6007 6411
f 6729 6142 6266
f 5896 6143 6412
f 6729 6274 6142
f 6020 6018 6269
f 6868 6020 6269
f 5896 6022 6143
f 5895 6146 6276
f 6421 6023 6420
f 6278 6422 6147
f 6150 6281 6022
f 6589 6148 6277
f 6278 6026 6279
f 6421 6280 6023
f 6025 6589 6591
f 6281 6150 6282
f 6026 5769 6593
f 6282 6150 6029
f 6282 6029 6284
f 6031 6284 6029
f 6423 6151 6149
f 6424 5769 6035
f 6152 6027 6595
f 6426 6151 6423
f 6289 6035 6037
f 6286 6284 6036
f 6286 6036 6290
f 6285 6426 6596
f 6152 6433 6153
f 6154 6290 6036
f 6288 6287 6285
f 6288 6285 6596
f 6289 6037 5775
f 6287 6291 6436
f 6433 6292 6153
f 6600 6290 6154
f 6293 5775 6039
f 6155 6293 6039
f 6295 6154 6040
f 6157 6295 6040
f 6600 6154 6602
f 6602 6154 6295
f 6297 6156 6294
f 6297 6159 6156
f 6296 6159 6297
f 6296 6157 6159
f 6296 6295 6157
f 6440 6295 6296
f 6438 6752 6443
f 6299 6155 6158
f 6158 6160 6299
f 6044 6444 6160
f 6042 6298 6161
f 6444 6044 6445
f 6445 6044 6446
f 6446 6044 6161
f 6164 6607 6046
f 6167 6300 6162
f 6047 6165 6449
f 6301 6165 5784
f 6168 6301 5784
f 6607 6302 6046
f 6046 6302 6166
f 6450 6047 6449
f 6169 6301 6168
f 6302 6453 6166
f 6166 6453 6049
f 5919 6170 6167
f 6303 6171 5916
f 6303 5916 6450
f 6453 6304 6049
f 6303 6051 6171
f 5923 6052 6172
f 6454 6051 6303
f 6306 6173 6304
f 5794 6613 6305
f 6613 5794 6174
f 6309 6457 6054
f 6307 6308 5925
f 6175 6311 6309
f 6175 6309 6054
f 6308 6176 5925
f 6176 6308 6459
f 6176 6459 6311
f 6177 6461 6312
f 6177 6310 6461
f 6058 6312 6313
f 5949 6631 6316
f 6316 6781 6059
f 6180 6059 6781
f 6779 6181 6182
f 6629 6182 6183
f 6629 6779 6182
f 6184 6629 6183
f 5826 6630 6184
f 6063 6631 5949
f 6632 6469 6187
f 6065 6904 6064
f 6065 6188 6904
f 6468 6066 6317
f 6318 6066 6468
f 6318 6320 6066
f 6322 6320 6321
f 6475 6322 6321
f 6637 6323 6319
f 6076 6472 6190
f 6076 6192 6472
f 6334 6193 6344
f 6328 6196 6334
f 6478 6194 6197
f 5973 6643 6324
f 5973 6324 6191
f 6327 5839 6477
f 6645 6327 6477
f 6490 6193 6083
f 6344 6193 6490
f 6328 6329 6196
f 6196 6799 6197
f 6330 6325 6478
f 6325 6330 6331
f 6325 6206 6198
f 6332 6207 6206
f 6332 6206 6325
f 6332 6208 6207
f 6332 6343 6208
f 6090 6643 5973
f 6327 6209 5839
f 6212 6480 6335
f 6480 6212 6334
f 6201 6334 6212
f 6334 6201 6328
f 6202 6328 6201
f 6328 6202 6329
f 6336 6329 6202
f 6329 6336 6335
f 6202 6337 6336
f 6203 6337 6202
f 6087 6338 6203
f 6213 6338 6087
f 6204 6330 6213
f 6213 6330 6338
f 6483 6338 6330
f 6338 6483 6346
f 6339 6346 6483
f 6339 6331 6204
f 6330 6204 6331
f 6331 6339 6325
f 6325 6339 6488
f 6325 6488 6332
f 6341 6340 6488
f 6340 6332 6488
f 6332 6340 6342
f 6342 6343 6332
f 6220 6643 5975
f 5976 6333 6649
f 6649 6333 6479
f 6327 6095 6209
f 6352 6515 6490
f 6212 6335 6211
f 6335 6345 6211
f 6335 6355 6345
f 6355 6335 6336
f 6355 6336 6337
f 6214 6346 6339
f 6340 6347 6214
f 6340 6341 6347
f 6348 6347 6341
f 6348 6349 6219
f 6342 6219 6349
f 6219 6342 6215
f 6340 6215 6342
f 6342 6349 6343
f 5978 6649 7147
f 5978 6650 6093
f 6218 6358 6210
f 6354 6218 6211
f 6353 6218 6354
f 6211 6345 6354
f 6506 6355 6337
f 6337 6203 6509
f 6509 6203 6338
f 6509 6338 6346
f 6509 6346 6498
f 6498 6346 6214
f 6498 6214 6356
f 6347 6356 6214
f 6356 6347 6348
f 6216 6361 6219
f 6361 6348 6219
f 6361 6356 6348
f 6500 6357 6343
f 6652 5584 5848
f 5848 7041 6652
f 6653 7041 6098
f 6798 5979 6223
f 6798 6098 5979
f 6517 6362 6210
f 6210 6358 6517
f 6358 6353 6359
f 6218 6353 6358
f 6360 6353 6354
f 6357 6500 6518
f 6518 6222 6357
f 6099 6514 6097
f 6351 6097 6514
f 6351 6514 6352
f 6361 6216 6364
f 6224 6364 6216
f 6101 6364 6224
f 6519 6222 6518
f 6519 6225 6222
f 6520 6514 6099
f 6519 6365 6225
f 6102 6520 6099
f 6363 6362 6522
f 6522 6362 6517
f 6366 6520 6102
f 6105 6366 6102
f 6363 6522 6367
f 6368 6527 6226
f 6365 6526 6227
f 6367 6228 6363
f 6526 6108 6227
f 6229 6366 6105
f 6528 6108 6526
f 6367 6372 6228
f 6528 6377 6108
f 6367 6369 6372
f 6377 6528 6535
f 6370 6374 6373
f 6233 6374 6370
f 6377 6535 6375
f 6375 6535 6376
f 6371 6533 5987
f 6237 6543 6229
f 6374 6386 6379
f 6376 6374 6233
f 6376 6386 6374
f 6376 6233 6375
f 6234 6375 6233
f 6375 6234 6387
f 6375 6387 6377
f 6387 6236 6377
f 5991 6541 6231
f 6380 6113 6828
f 6828 6113 6378
f 6828 6378 6381
f 6383 6120 6550
f 6372 6369 6385
f 6238 6387 6234
f 6376 6390 6386
f 6549 6380 6828
f 6550 6120 5997
f 6699 6388 6384
f 6241 6395 6543
f 6389 6372 6385
f 6242 6387 6238
f 6387 6242 6391
f 6390 6391 6242
f 6392 6387 6391
f 6392 6236 6387
f 6548 6541 6244
f 6701 6129 6119
f 6701 6119 6549
f 6389 6385 6848
f 6242 6386 6390
f 6396 6386 6242
f 6392 6397 6236
f 6393 5997 6245
f 6245 6240 6393
f 6393 6240 6399
f 6247 6699 6394
f 6247 6388 6699
f 6557 6389 6848
f 6135 6396 6242
f 6954 6248 6701
f 6701 6248 6129
f 6252 6399 6240
f 6394 6398 6247
f 6241 6137 6395
f 6954 6556 6248
f 6252 6401 6399
f 6256 6395 6137
f 6139 6401 6252
f 6394 6400 6398
f 6401 6139 6567
f 6261 6402 6396
f 6255 6257 6714
f 6260 6567 6139
f 6262 6558 6256
f 6258 6566 6257
f 6569 6567 6260
f 6564 6254 6557
f 6263 6402 6261
f 6003 6569 6260
f 6266 6403 6408
f 6272 6578 6262
f 6564 6013 6254
f 6265 6407 6263
f 6409 6266 6408
f 6141 6573 6267
f 6269 6564 6419
f 6269 6013 6564
f 6265 6412 6407
f 6866 6270 6271
f 6415 6412 6416
f 6409 6413 6729
f 6409 6729 6266
f 6578 6272 6417
f 6412 6143 6416
f 6273 6417 6272
f 6273 6418 6417
f 6729 6275 6274
f 6420 6275 6729
f 6868 6269 6419
f 6276 6584 6418
f 6868 6145 6020
f 6146 6147 6276
f 6276 6147 6422
f 6277 6145 6585
f 6278 6279 6422
f 6026 6593 6279
f 6591 6283 6025
f 6423 6149 6280
f 6280 6588 6423
f 6284 6425 6282
f 6424 6593 5769
f 6595 6027 6283
f 6595 6283 6737
f 6427 6424 6035
f 6427 6035 6289
f 6286 6425 6284
f 6433 6595 6429
f 6152 6595 6433
f 6425 6286 6428
f 6430 6286 6290
f 6428 6432 6431
f 6432 6428 6288
f 6286 6288 6428
f 6288 6286 6287
f 6430 6287 6286
f 6597 6432 6288
f 6596 6597 6288
f 6287 6430 6291
f 6434 6291 6430
f 6291 6434 6435
f 6431 6435 6434
f 6435 6431 6432
f 6432 6597 6435
f 6293 6289 5775
f 6292 6886 6437
f 6433 6886 6292
f 6435 6436 6291
f 6430 6290 6600
f 6436 6435 6747
f 6293 6155 6439
f 6292 6437 6294
f 6437 6750 6294
f 6299 6439 6155
f 6750 6442 6294
f 6299 6160 6441
f 6294 6442 6297
f 6297 6601 6755
f 6752 6604 6443
f 6160 6444 6441
f 6297 6755 6296
f 6443 6603 6298
f 6443 6604 6603
f 6298 6606 6161
f 6606 6298 6603
f 6446 6161 6606
f 6163 6300 6448
f 6163 6607 6164
f 6448 6607 6163
f 6167 6447 6300
f 6165 6301 6449
f 6452 6447 6167
f 6451 6301 6169
f 6302 6767 6453
f 6170 6452 6167
f 6450 6608 6303
f 6608 6450 6449
f 6455 6451 6169
f 6455 6169 6172
f 6454 6303 6608
f 6052 6455 6172
f 6456 6304 6453
f 6052 6458 6455
f 6307 6454 6620
f 6052 6457 6458
f 6456 6306 6304
f 6623 6306 6456
f 6463 6613 6174
f 6620 6308 6307
f 6308 6620 6459
f 6309 6460 6458
f 6309 6458 6457
f 6306 6623 6310
f 6174 6462 6463
f 6459 6622 6311
f 6311 6622 6460
f 6311 6460 6309
f 6461 6310 6623
f 6465 6312 6461
f 6462 6179 6463
f 6463 6179 6464
f 6464 6179 6313
f 6464 6313 6465
f 6465 6313 6312
f 6781 6316 6631
f 6467 5950 6060
f 6630 5826 6064
f 6063 6634 6631
f 6783 6632 6185
f 6633 6634 6063
f 6470 6318 6468
f 6189 6786 6633
f 6190 6472 6471
f 6188 6190 6471
f 6318 6472 6320
f 6472 6318 6471
f 6470 6471 6318
f 6471 6470 6473
f 6474 6473 6470
f 6470 6475 6474
f 6786 6189 6791
f 6474 6321 6476
f 6320 6476 6321
f 6476 6320 6472
f 6475 6321 6474
f 6191 6791 6189
f 6192 6476 6472
f 6794 6322 6475
f 6324 6791 6191
f 6640 6323 6637
f 6192 6642 6476
f 6794 6477 6322
f 6644 6323 6640
f 6641 6644 6640
f 6195 6647 6192
f 6647 6642 6192
f 6644 6326 6323
f 6482 6196 6329
f 6799 6196 6482
f 6478 6197 6799
f 6644 6333 6326
f 6333 6644 6479
f 6480 6344 6492
f 6480 6334 6344
f 6481 6335 6480
f 6481 6329 6335
f 6329 6481 6482
f 6478 6483 6330
f 6488 6339 6483
f 6094 6484 6217
f 6327 6485 6095
f 6492 6344 6490
f 6492 6486 6480
f 6480 6486 6487
f 6481 6487 6496
f 6481 6480 6487
f 6478 6799 6651
f 6478 6651 6483
f 6483 6651 6488
f 6489 6348 6341
f 6488 6489 6341
f 6489 6349 6348
f 6650 5978 7147
f 6093 6650 6221
f 6350 6095 6485
f 6490 6491 6492
f 6493 6492 6504
f 6492 6493 6486
f 6486 6493 6494
f 6654 6505 6494
f 6354 6494 6505
f 6494 6354 6486
f 6345 6486 6354
f 6486 6345 6487
f 6505 6654 6495
f 6355 6487 6345
f 6487 6355 6496
f 6495 6654 6496
f 6355 6506 6496
f 6509 6497 6337
f 6489 6488 6499
f 6499 6349 6489
f 6349 6499 6343
f 6500 6343 6499
f 5714 6350 6798
f 6515 6820 6490
f 6491 6820 6501
f 6491 6490 6820
f 6661 6503 6502
f 6359 6502 6503
f 6502 6359 6491
f 6353 6491 6359
f 6491 6353 6492
f 6360 6492 6353
f 6492 6360 6504
f 6503 6661 6504
f 6354 6505 6360
f 6360 6505 6504
f 6495 6496 6506
f 6506 6497 6507
f 6337 6497 6506
f 6508 6497 6509
f 6510 6509 6498
f 6513 6511 6510
f 6498 6513 6510
f 6359 6503 6358
f 6503 6512 6358
f 6512 6503 6504
f 6512 6504 6505
f 6505 6495 6675
f 6675 6495 6506
f 6513 6498 6356
f 6361 6677 6356
f 6514 6516 6352
f 6352 6516 6515
f 6517 6358 6512
f 6512 6505 6675
f 6364 6677 6361
f 6520 6516 6514
f 6516 6520 6521
f 6522 6517 6681
f 6226 6364 6101
f 6521 6520 6525
f 6527 6364 6226
f 6523 6365 6519
f 6366 6525 6520
f 6523 6526 6365
f 6529 6367 6522
f 6529 6522 6524
f 6229 6525 6366
f 6370 6527 6368
f 6229 6539 6525
f 6525 6539 6688
f 6529 6369 6367
f 6370 6534 6527
f 6530 6535 6528
f 6532 6533 6371
f 6373 6534 6370
f 6689 6534 6531
f 6373 6531 6534
f 6531 6373 6530
f 6374 6530 6373
f 6530 6374 6535
f 6231 6825 6112
f 6112 6825 5986
f 6381 6378 6536
f 6378 6537 6536
f 6378 6382 6537
f 6537 6382 6538
f 5987 6826 6232
f 6543 6539 6229
f 6379 6535 6374
f 6379 6540 6689
f 6534 6689 6540
f 6547 6535 6379
f 6542 6538 6382
f 6695 6384 6232
f 6688 6539 6544
f 6544 6539 6543
f 6540 6546 6545
f 6386 6540 6379
f 6547 6390 6376
f 6547 6376 6535
f 6838 6541 6548
f 6833 6549 6828
f 5997 6551 6550
f 6699 6384 6695
f 6546 6540 6553
f 6386 6553 6540
f 6547 6391 6390
f 6547 6392 6391
f 6393 6551 5997
f 6395 6544 6543
f 6547 6552 6392
f 6244 6841 6548
f 6544 6395 6554
f 6552 6397 6392
f 6251 6841 6244
f 6394 6705 6711
f 6386 6555 6553
f 6256 6554 6395
f 6396 6555 6386
f 6715 6400 6394
f 6394 6711 6715
f 6558 6554 6256
f 6402 6560 6396
f 6396 6560 6555
f 6559 6397 6552
f 6255 6714 6251
f 6846 6967 6253
f 6556 6846 6253
f 6566 6714 6257
f 6562 6253 6967
f 6402 6565 6560
f 6561 6403 6559
f 6562 6404 6253
f 6568 6558 6262
f 6263 6565 6402
f 6408 6403 6561
f 5891 6861 6258
f 6861 6566 6258
f 6562 6972 6404
f 6972 6405 6404
f 6719 6406 6563
f 6578 6568 6262
f 6407 6571 6263
f 6572 6263 6571
f 6263 6572 6565
f 6576 6565 6572
f 6565 6576 6570
f 6572 6571 6408
f 6410 6861 5891
f 6405 6573 6141
f 6406 6719 6411
f 6571 6407 6580
f 6580 6409 6408
f 6580 6408 6571
f 6267 6721 6011
f 6573 6721 6267
f 6264 6011 6574
f 6577 6268 6411
f 6411 6719 6577
f 6575 6419 6564
f 6412 6580 6407
f 6720 6570 6576
f 6570 6720 6579
f 6580 6413 6409
f 6866 6271 6268
f 6268 6577 6866
f 6416 6579 6415
f 6730 6579 6416
f 6581 6579 6720
f 6579 6581 6415
f 6728 6415 6581
f 6415 6728 6412
f 6580 6412 6728
f 6728 6413 6580
f 6729 6413 6728
f 6143 6582 6416
f 6731 6420 6729
f 6582 6143 6583
f 6143 6022 6583
f 6732 6420 6731
f 6022 6587 6583
f 6732 6421 6420
f 6276 6422 6584
f 6422 6586 6584
f 6585 6145 6868
f 6281 6587 6022
f 6589 6277 6585
f 6734 6589 6585
f 6279 6590 6422
f 6282 6592 6281
f 6588 6280 6421
f 6873 6591 6589
f 6279 6593 6995
f 6592 6282 6739
f 6739 6282 6425
f 6736 6423 6588
f 6743 6426 6423
f 6594 6424 6427
f 6425 6428 6739
f 6743 6596 6426
f 6429 6595 6880
f 6596 6743 6882
f 6596 6882 6597
f 6433 6429 6886
f 6747 6435 6597
f 6430 6598 6434
f 6746 6289 6293
f 6600 6598 6430
f 6437 6890 6750
f 6598 6600 6599
f 6749 6438 6436
f 6436 6747 6749
f 6438 6749 6752
f 6749 6891 6752
f 6440 6602 6295
f 6439 6299 6441
f 6442 6601 6297
f 6441 6444 6605
f 6296 6894 6440
f 6296 6755 6894
f 6602 6440 6757
f 6605 6444 6758
f 6444 6762 6758
f 6445 6762 6444
f 6603 6604 6760
f 6606 6603 6760
f 6448 6300 6447
f 6448 6447 6763
f 6448 6763 6607
f 6607 6763 6764
f 6302 6607 6764
f 6301 6769 6449
f 6301 6451 6769
f 6302 6764 6767
f 6170 6611 6452
f 6447 6452 6611
f 6449 6769 6609
f 6608 6449 6609
f 6451 6610 6769
f 6455 6610 6451
f 6305 6611 6170
f 6455 6617 6610
f 6612 6456 6453
f 6613 6611 6305
f 6771 6611 6613
f 6614 6454 6609
f 6609 6454 6608
f 6458 6617 6455
f 6614 6620 6454
f 6620 6614 6615
f 6616 6615 6614
f 6771 6613 6619
f 6615 6616 6621
f 6622 6615 6621
f 6622 6621 6618
f 6617 6622 6618
f 6460 6617 6458
f 6456 6612 6623
f 6623 6612 6778
f 6463 6619 6613
f 6619 6463 6625
f 6459 6620 6615
f 6459 6615 6622
f 6460 6622 6617
f 6626 6465 6624
f 6465 6461 6624
f 6624 6461 6778
f 6778 6461 6623
f 6625 6463 6464
f 6625 6464 6626
f 6626 6464 6465
f 6180 7025 6627
f 6466 6627 7023
f 6466 7023 6900
f 6466 6900 6314
f 6315 6314 6900
f 6060 6315 6780
f 6628 6781 6631
f 6630 6629 6184
f 6780 6467 6060
f 6185 6186 6783
f 6186 6181 6783
f 6630 6064 6904
f 6317 6467 7133
f 6468 6317 7133
f 6784 6469 6632
f 6188 6473 6904
f 6792 6469 6784
f 6785 6470 6468
f 6635 6470 6785
f 6637 6319 6792
f 6792 6319 6469
f 6471 6473 6188
f 6635 6475 6470
f 6636 6475 6635
f 6474 6638 6473
f 6475 6636 6639
f 6476 6638 6474
f 6476 6793 6638
f 6639 6794 6475
f 6642 6793 6476
f 6796 6477 6794
f 6646 6324 6643
f 6796 6645 6477
f 6220 6646 6643
f 6220 6648 6646
f 7378 7146 6479
f 6644 7378 6479
f 6217 6484 6647
f 7146 6649 6479
f 6650 6910 6221
f 6094 6221 6484
f 7039 6485 6327
f 6327 6645 7039
f 6496 6655 6481
f 6655 6482 6481
f 6657 6482 6655
f 6658 6799 6482
f 6658 6482 6657
f 6800 6651 6799
f 6485 6798 6350
f 6504 6661 6493
f 6654 6494 6493
f 6655 6496 6654
f 6655 6656 6657
f 6659 6651 6800
f 6651 6659 6660
f 6651 6660 6667
f 6651 6667 6488
f 6653 6098 6798
f 6501 6502 6491
f 6661 6502 6501
f 6654 6493 6668
f 6654 6668 6655
f 6656 6655 6662
f 6507 6662 6663
f 6662 6507 6656
f 6497 6656 6507
f 6656 6497 6657
f 6508 6657 6497
f 6657 6508 6658
f 6664 6658 6508
f 6658 6664 6662
f 6663 6662 6664
f 6509 6671 6508
f 6510 6671 6509
f 6510 6659 6671
f 6665 6671 6659
f 6665 6666 6511
f 6660 6511 6666
f 6511 6660 6510
f 6659 6510 6660
f 6660 6666 6667
f 6488 6667 6802
f 6802 6499 6488
f 6802 6500 6499
f 6493 6661 6501
f 6493 6501 6668
f 6507 6663 6506
f 6663 6669 6506
f 6669 6663 6664
f 6670 6664 6508
f 6669 6664 6670
f 6674 6508 6671
f 6670 6508 6674
f 6672 6671 6665
f 6513 6672 6511
f 6672 6665 6511
f 6356 6677 6513
f 6814 6506 6673
f 6506 6669 6673
f 6674 6671 6672
f 6674 6672 6513
f 6802 6813 6500
f 6518 6500 6813
f 6515 6516 6680
f 6515 6680 6820
f 6678 6517 6512
f 6512 6675 6678
f 6675 6506 6814
f 6676 6674 6513
f 6676 6513 6677
f 6679 6677 6364
f 6518 6813 6822
f 6680 6516 6938
f 6518 6822 6519
f 6521 6938 6516
f 6517 6678 6681
f 6364 6682 6679
f 6527 6682 6364
f 6681 6678 6935
f 6523 6519 6822
f 6522 6681 6524
f 6525 6683 6521
f 6823 6521 6683
f 6827 6529 6524
f 6534 6684 6527
f 6523 6528 6526
f 6523 6685 6528
f 6688 6683 6525
f 6696 6684 6534
f 6685 6531 6530
f 6685 6530 6528
f 5986 6691 6532
f 6686 6532 6691
f 6687 6533 6532
f 6687 6532 6686
f 6540 6696 6534
f 6689 6685 6690
f 6689 6531 6685
f 6825 6691 5986
f 6686 6691 6692
f 6536 6692 6693
f 6692 6536 6686
f 6537 6686 6536
f 6686 6537 6687
f 6694 6693 6692
f 6693 6694 6538
f 6687 6538 6694
f 6538 6687 6537
f 6687 6694 6533
f 6694 6940 6533
f 6940 7063 6533
f 6533 7063 5987
f 7063 6826 5987
f 6689 6690 6698
f 6689 6547 6379
f 6541 6825 6231
f 6381 6536 6693
f 6829 6381 6693
f 6829 6693 6538
f 6542 6829 6538
f 6383 6542 6382
f 6550 6834 6383
f 6826 6695 6232
f 6545 6697 6540
f 6697 6696 6540
f 6837 6697 6690
f 6545 6690 6697
f 6690 6545 6698
f 6546 6698 6545
f 6698 6547 6689
f 6551 6834 6550
f 6700 6696 6697
f 6697 6837 6700
f 6698 6552 6547
f 6833 6701 6549
f 6702 6551 6393
f 6696 6700 6706
f 6546 6553 6703
f 6704 6700 6837
f 6546 6708 6698
f 6546 6703 6708
f 6708 6552 6698
f 6399 6702 6393
f 6399 6710 6702
f 6705 6394 6699
f 6369 6848 6385
f 6555 6703 6553
f 6703 6555 6707
f 6706 6707 6555
f 6707 6706 6704
f 6700 6704 6706
f 6712 6708 6707
f 6708 6703 6707
f 6369 6849 6848
f 6712 6552 6708
f 6251 6714 6841
f 6846 6556 6954
f 6399 6709 6710
f 6554 6558 6853
f 6560 6713 6555
f 6555 6713 6706
f 6709 6399 6401
f 6711 6957 6715
f 6557 6848 6854
f 6716 6713 6560
f 6970 6561 6559
f 6970 6559 6552
f 6567 6718 6401
f 6717 6563 6715
f 6715 6957 6717
f 6557 6854 6564
f 6565 6716 6560
f 6570 6716 6565
f 6567 6569 6718
f 6718 6569 6857
f 6717 6719 6563
f 6727 6568 6578
f 6716 6724 6855
f 6561 6576 6572
f 6561 6720 6576
f 6561 6572 6408
f 6725 6861 6410
f 6405 6976 6573
f 6574 6722 6264
f 6569 6264 6857
f 6857 6264 6722
f 6579 6724 6570
f 6570 6724 6716
f 6414 6725 6410
f 6011 6721 6574
f 6577 6719 6723
f 6270 6726 6414
f 6726 6270 6866
f 6579 6730 6724
f 6575 6986 6419
f 6869 6578 6417
f 6582 6730 6416
f 6728 6581 6729
f 6729 6581 6988
f 6868 6419 6986
f 6729 6988 6731
f 6418 6584 6417
f 6584 6869 6417
f 6584 6586 6869
f 6733 6582 6583
f 6730 6582 6733
f 6585 6868 6991
f 6588 6421 6732
f 6588 6732 6992
f 6586 6422 6590
f 6734 6585 6991
f 6587 6281 6735
f 6592 6735 6281
f 7104 6588 6992
f 6734 6873 6589
f 6279 6995 6590
f 6739 6875 6592
f 6591 6873 6874
f 6737 6283 6591
f 6874 6737 6591
f 6743 6423 6736
f 6424 6594 6593
f 6594 6740 6593
f 6738 6741 6737
f 6737 6741 6595
f 6880 6595 6741
f 6594 6427 6742
f 6739 6428 6881
f 6881 6428 6431
f 6429 6880 7005
f 6881 6431 6745
f 6743 7004 6882
f 6744 6427 6289
f 6289 6746 6744
f 6434 6745 6431
f 6598 6745 6434
f 6597 6882 6885
f 6597 6885 6747
f 6746 6439 6889
f 6746 6293 6439
f 6886 7009 6437
f 7009 6890 6437
f 6599 6748 6598
f 6890 7011 6750
f 6600 6602 6599
f 6751 6441 6605
f 6751 6439 6441
f 6750 7011 6753
f 6750 6753 6442
f 6753 6754 6442
f 6442 6754 6601
f 6755 6601 6754
f 6757 6440 6894
f 6757 6893 6602
f 6599 6602 6893
f 6756 6752 6891
f 6604 6752 6756
f 6894 6759 6757
f 6604 6761 6760
f 6604 6756 6761
f 6606 7022 6446
f 6445 7020 6762
f 6445 6446 7022
f 6764 6763 6765
f 6447 6768 6763
f 6763 6768 6765
f 6764 6765 6766
f 6767 6764 6766
f 6611 6768 6447
f 6766 6453 6767
f 6611 6771 6768
f 6770 6612 6453
f 6770 6453 6766
f 6771 6773 6768
f 6772 6769 6610
f 6617 6772 6610
f 6771 6619 6773
f 6614 6609 6616
f 6609 6772 6616
f 6609 6769 6772
f 6618 6772 6617
f 6770 6899 6778
f 6778 6612 6770
f 6774 6772 6776
f 6772 6774 6616
f 6775 6616 6774
f 6616 6775 6621
f 6618 6776 6772
f 6776 6618 6777
f 6621 6777 6618
f 6777 6621 6775
f 6777 6624 6776
f 6624 6778 6899
f 6625 6773 6619
f 6774 6773 6625
f 6774 6626 6775
f 6774 6625 6626
f 6775 6626 6777
f 6777 6626 6624
f 6901 6180 6781
f 6901 7025 6180
f 7023 6627 7130
f 6782 6181 6779
f 7027 6779 6629
f 7131 6629 6630
f 6631 6634 6628
f 6904 6902 6630
f 6783 6903 6632
f 6785 6468 7133
f 6633 6786 6634
f 6784 6632 6903
f 6787 6904 6473
f 6788 6635 6785
f 6785 6789 6788
f 6473 6638 6787
f 6635 6638 6636
f 6638 6635 6787
f 6788 6787 6635
f 6787 6788 6790
f 6640 6637 6792
f 6790 6788 6907
f 6639 6907 6788
f 6907 6639 6793
f 6636 6793 6639
f 6793 6636 6638
f 6789 6639 6788
f 6794 6639 6789
f 6795 6791 6324
f 6647 6797 6642
f 6797 6647 6484
f 6645 6796 7039
f 6649 7146 7147
f 7153 6653 6798
f 6799 6658 6804
f 6803 6655 6668
f 6803 6662 6655
f 6804 6662 6803
f 6804 6658 6662
f 6804 6806 6799
f 6799 6806 6800
f 6801 6665 6659
f 6800 6801 6659
f 6801 6666 6665
f 6801 6667 6666
f 6806 6804 6805
f 6800 6806 6807
f 6800 6807 6801
f 6801 6807 6667
f 6667 6807 6802
f 6803 6668 6808
f 6911 6809 6808
f 6673 6808 6809
f 6808 6673 6803
f 6669 6803 6673
f 6803 6669 6804
f 6670 6804 6669
f 6804 6670 6805
f 6810 6805 6670
f 6805 6810 6911
f 6809 6911 6810
f 6670 6674 6810
f 6807 7046 6802
f 6809 6810 6811
f 6811 6810 6674
f 6811 6674 6812
f 6674 6676 6812
f 7046 6813 6802
f 6501 6820 6925
f 6925 6668 6501
f 6926 6673 6809
f 6814 6673 6926
f 6926 6809 6815
f 6809 6811 6815
f 6816 6811 6817
f 6817 6811 6812
f 6676 6819 6818
f 6812 6676 6818
f 6677 6679 6676
f 6678 6675 6814
f 6929 6676 6679
f 6678 6814 6935
f 6813 6821 6822
f 6680 6938 6933
f 6929 6679 6936
f 6682 6936 6679
f 6681 6935 6934
f 6682 6527 6684
f 6822 6821 6523
f 6521 6823 6938
f 6934 6524 6681
f 6682 6684 6936
f 6821 6824 6523
f 6824 6685 6523
f 6827 6524 7070
f 6696 6831 6684
f 6824 6690 6685
f 6691 6940 6692
f 6692 6940 6694
f 6683 6688 7081
f 6823 6683 7081
f 6830 6542 6383
f 6383 6834 6830
f 6832 6831 6696
f 6837 6690 6824
f 6838 6825 6541
f 6699 6695 6946
f 6832 6836 6835
f 6831 6832 6835
f 6837 6824 6840
f 6947 6701 6833
f 6702 6834 6551
f 6946 6705 6699
f 6842 6688 6544
f 7082 6369 6529
f 6529 6827 7082
f 6836 6832 6839
f 6706 6832 6696
f 6840 6704 6837
f 6841 6838 6548
f 6705 6946 7077
f 6554 6842 6544
f 6369 7082 6849
f 6839 6832 6843
f 6840 6707 6704
f 6840 6712 6707
f 6701 6947 6954
f 7077 6711 6705
f 6713 6843 6706
f 6706 6843 6832
f 6957 6711 7077
f 6842 6554 6845
f 6850 6843 6713
f 6844 6552 6712
f 6844 6712 6840
f 6401 6847 6709
f 6853 6845 6554
f 6713 6851 6850
f 6716 6851 6713
f 6970 6552 6844
f 6848 6849 6854
f 6716 6852 6851
f 6718 6847 6401
f 6968 6717 6957
f 6853 6558 6568
f 6855 6852 6716
f 6856 6561 6970
f 6976 6405 6972
f 6858 6719 6717
f 6568 6727 6853
f 6863 6564 6854
f 6860 6859 6855
f 6724 6860 6855
f 6856 6720 6561
f 6982 6861 6725
f 6976 6862 6573
f 6573 6862 6721
f 6721 7088 6574
f 6862 7088 6721
f 6574 7088 6722
f 6723 6719 6858
f 6863 6575 6564
f 6979 6866 6577
f 6864 6860 6867
f 6730 6860 6724
f 6865 6720 6856
f 6578 6869 6727
f 7095 6986 6575
f 6863 7095 6575
f 6867 6860 6730
f 6865 6581 6720
f 6868 6986 7098
f 6733 6987 6730
f 6988 6732 6731
f 6586 6870 6869
f 6990 6732 6988
f 6586 6871 6870
f 6991 6868 7098
f 6733 6583 7102
f 6587 7102 6583
f 6992 6732 6990
f 6586 6872 6871
f 6586 6590 6872
f 6873 6734 7103
f 6592 6875 6735
f 7104 6736 6588
f 6996 6995 6593
f 6999 6736 7104
f 6593 6740 6996
f 6738 6737 6874
f 6876 6738 6874
f 6999 6743 6736
f 6878 6877 6594
f 6594 6877 6740
f 6879 6741 6878
f 6738 6878 6741
f 6878 6738 6877
f 6876 6877 6738
f 6880 6741 6879
f 6880 6879 7107
f 6594 6742 6878
f 6742 6879 6878
f 6881 7002 6739
f 7004 6743 6999
f 6427 6744 7006
f 6883 6882 7004
f 6881 6745 6884
f 6745 6598 6887
f 6746 6889 7010
f 6748 6887 6598
f 6888 6747 6885
f 6888 6749 6747
f 6889 6439 6751
f 7012 6889 6751
f 6605 7012 6751
f 6748 6599 7013
f 7011 6892 6753
f 6599 6893 7013
f 6893 6757 6759
f 6896 6605 6758
f 6753 6892 6754
f 6754 6892 7015
f 6895 6755 6754
f 6895 6894 6755
f 6896 6758 7019
f 7019 6758 6762
f 6894 6895 7017
f 6894 7017 6759
f 7128 6606 6760
f 6760 6761 7018
f 7128 6760 7018
f 6766 6765 6897
f 6897 6765 6768
f 6897 6898 6766
f 6768 6773 6897
f 6898 6770 6766
f 6773 6899 6897
f 6897 6899 6898
f 6899 6770 6898
f 6773 6774 6899
f 6774 6776 6899
f 6899 6776 6624
f 7025 6901 7251
f 7027 7026 6779
f 7024 6315 6900
f 7024 6780 6315
f 6781 6628 6901
f 6782 7132 6181
f 6779 7026 6782
f 6634 7030 6628
f 6783 6181 7132
f 6786 7032 6634
f 6905 6789 6785
f 6906 6792 6784
f 6905 6794 6789
f 7375 6794 6905
f 6906 6640 6792
f 6906 6908 6640
f 6640 6908 7260
f 7037 6795 6324
f 6640 7260 6641
f 6642 7144 6793
f 7036 6796 6794
f 6646 7037 6324
f 6641 7378 6644
f 6642 6797 7144
f 6648 7038 6646
f 6652 6909 6648
f 6910 7152 6221
f 7152 6484 6221
f 6485 7039 7382
f 7042 7153 6798
f 7042 6798 6485
f 6805 6911 6806
f 6911 6913 6806
f 6806 6915 6807
f 6806 6913 6915
f 6917 7046 6807
f 6668 6918 6808
f 6808 6918 6911
f 6911 6912 6913
f 7043 6913 6914
f 6913 7043 6915
f 6916 6807 6915
f 6807 6916 6917
f 6918 6668 6925
f 6911 6918 6912
f 6912 6918 6919
f 7044 6920 6919
f 6815 6919 6920
f 6919 6815 6912
f 6811 6912 6815
f 6912 6811 6913
f 6816 6913 6811
f 6913 6816 6914
f 6921 6914 6816
f 6914 6921 7044
f 6920 7044 6921
f 6817 6922 6816
f 6816 6922 6921
f 6812 6916 6817
f 6915 6817 6916
f 6817 6915 6922
f 7045 6923 6922
f 6818 6916 6812
f 6924 6923 7045
f 6923 6924 6819
f 6917 6819 6924
f 6819 6917 6818
f 6916 6818 6917
f 6917 6924 7046
f 7046 6928 6813
f 6680 6933 6820
f 6933 6925 6820
f 6920 6926 6815
f 6920 6930 6926
f 6930 6920 6921
f 6923 6921 6922
f 6930 6921 6923
f 6676 6927 6819
f 6927 6923 6819
f 6929 6927 6676
f 7057 6814 6926
f 6926 6930 7057
f 7050 6923 6927
f 7050 6927 6931
f 6929 6932 6931
f 6927 6929 6931
f 7055 6813 6928
f 6813 7055 6821
f 6937 6932 6929
f 6935 6814 7057
f 6929 6939 6937
f 6939 6929 6936
f 6939 6936 6684
f 7060 6821 7055
f 7060 6824 6821
f 6934 7070 6524
f 6939 6684 6941
f 6942 6691 6825
f 7063 7064 6826
f 7172 6938 6823
f 6831 6941 6684
f 7060 6944 6824
f 6381 6943 6828
f 6829 6943 6381
f 6830 6829 6542
f 6826 7066 6695
f 6944 6951 6824
f 6838 7067 6825
f 6942 6825 7067
f 6828 6947 6833
f 6828 6943 6947
f 7072 6830 6834
f 7066 6946 6695
f 6835 6941 6831
f 7071 6835 6945
f 6945 6835 6944
f 6836 6944 6835
f 6944 6836 6951
f 6951 6840 6824
f 6842 7081 6688
f 6827 7070 7191
f 6953 6941 6835
f 6948 6941 6953
f 6836 6839 6949
f 6953 6949 6839
f 6949 6953 7071
f 6835 7071 6953
f 6950 6836 6949
f 6950 6951 6836
f 6841 6956 6838
f 6710 6952 6702
f 7073 7076 6946
f 6946 7076 7077
f 6827 7191 7082
f 6955 6948 6953
f 6843 6953 6839
f 6950 6844 6840
f 6950 6840 6951
f 7074 6954 6947
f 6952 6710 6709
f 7081 6842 6845
f 6843 6955 6953
f 6950 6958 6844
f 6714 6956 6841
f 7185 6846 6954
f 6954 7074 7185
f 6850 6955 6843
f 6714 6966 6956
f 6847 6960 6709
f 6962 6955 6850
f 6850 6959 6962
f 6959 6850 6958
f 6851 6958 6850
f 6958 6851 6965
f 6958 6965 6844
f 7185 6967 6846
f 6847 6963 6960
f 6968 6957 6961
f 7085 6955 6969
f 6969 6955 6962
f 6852 6965 6851
f 6965 6852 6964
f 6969 6964 6852
f 6964 6969 6959
f 6962 6959 6969
f 6965 6970 6844
f 6566 6966 6714
f 6973 6963 6847
f 7092 6854 6849
f 7092 6849 7082
f 6855 6969 6852
f 6965 6964 6970
f 6970 6964 6971
f 6861 6966 6566
f 6847 6857 6973
f 6718 6857 6847
f 6858 6717 6968
f 6969 6974 7085
f 6855 6974 6969
f 6970 6971 6975
f 6975 6978 6970
f 6978 6856 6970
f 6859 6974 6855
f 7090 6974 6971
f 6859 6971 6974
f 6971 6859 6975
f 6860 6975 6859
f 6975 6860 6978
f 7193 6722 7088
f 6977 6577 6723
f 6977 6979 6577
f 6723 6858 6977
f 6853 6727 6983
f 7092 6863 6854
f 6974 6980 6984
f 6864 6978 6860
f 6978 6864 6981
f 6980 6981 6864
f 6981 6980 7090
f 6974 7090 6980
f 7093 6978 6981
f 7093 6865 6856
f 7093 6856 6978
f 6414 6982 6725
f 6982 6414 6726
f 7094 6982 6726
f 7094 6726 6866
f 6979 7094 6866
f 6867 6984 6864
f 6864 6984 6980
f 6869 6983 6727
f 6983 6869 6989
f 6987 6867 6730
f 6985 6581 6865
f 6988 6581 6985
f 6869 6870 6989
f 7098 7099 6991
f 6992 6990 7101
f 7102 6587 6735
f 7099 6734 6991
f 6872 6590 6993
f 7103 6734 7099
f 6995 6993 6590
f 6875 6994 6735
f 6874 6873 7103
f 7106 6874 7103
f 7106 6876 6874
f 6739 7002 6875
f 7105 6999 7104
f 6997 6996 6740
f 7107 6998 6876
f 7000 6997 6740
f 7000 6740 6877
f 6877 6876 7000
f 6998 7000 6876
f 7000 6998 7001
f 6879 7001 6998
f 7107 6879 6998
f 6742 7001 6879
f 6880 7107 7110
f 7006 6742 6427
f 7005 6880 7110
f 6881 7003 7002
f 7006 6744 7008
f 7005 7007 6429
f 7008 6744 6746
f 6429 7007 7115
f 6745 6887 6884
f 6429 7115 6886
f 7009 6886 7115
f 6883 6885 6882
f 6883 7114 6885
f 6890 7009 7224
f 7224 7119 6890
f 6890 7119 7011
f 7118 6888 6885
f 7012 7010 6889
f 7121 6888 7118
f 6749 6888 7121
f 7119 7227 6892
f 7119 6892 7011
f 7121 6891 6749
f 7012 6605 7014
f 7014 6605 6896
f 7121 6756 6891
f 7125 6754 7015
f 7125 6895 6754
f 6756 7121 7124
f 6896 7019 7016
f 7125 7236 6895
f 6893 6759 7126
f 6893 7126 7013
f 7237 6756 7124
f 6761 6756 7237
f 6762 7020 7019
f 6895 7236 7017
f 6445 7021 7020
f 6606 7128 7022
f 6761 7237 7018
f 7019 7020 7245
f 7245 7020 7021
f 7129 6445 7022
f 7021 6445 7129
f 6627 7025 7130
f 7131 7027 6629
f 7028 6901 6628
f 6780 7029 6467
f 7133 6467 7029
f 7028 6628 7030
f 7134 6903 6783
f 6783 7132 7134
f 7031 6904 6787
f 7135 6785 7133
f 7032 7030 6634
f 7372 6784 7134
f 7134 6784 6903
f 6905 6785 7135
f 6790 7031 6787
f 6790 7137 7031
f 6791 7032 6786
f 7372 6906 6784
f 7033 6906 7372
f 6907 7137 6790
f 6908 6906 7033
f 6907 7376 7137
f 6795 7032 6791
f 7034 7032 6795
f 7260 6908 7035
f 7140 7260 7035
f 6793 7376 6907
f 7036 6794 7375
f 7034 6795 7142
f 7144 7376 6793
f 7142 6795 7037
f 7038 7037 6646
f 6909 7038 6648
f 7149 7150 6484
f 6484 7150 6797
f 7040 6652 7041
f 7040 6909 6652
f 6650 7263 6910
f 7147 7263 6650
f 7382 7271 6485
f 7151 7041 6653
f 7153 7151 6653
f 6485 7271 7042
f 7044 6919 6918
f 7043 6914 7044
f 7154 7043 7044
f 7043 6922 6915
f 7045 6922 7043
f 7046 6924 7045
f 6918 7154 7044
f 7154 7047 7043
f 7043 7047 7045
f 7045 7047 7046
f 7053 6928 7046
f 7047 7053 7046
f 7154 6918 7155
f 7049 7047 7048
f 7047 7049 6931
f 7047 6931 7053
f 7158 6925 6933
f 6923 7050 6930
f 6931 7049 7050
f 7048 7050 7049
f 7050 7048 7051
f 7052 7051 7048
f 7051 7052 6932
f 7156 6932 7052
f 6931 6932 7156
f 6931 7156 7053
f 7053 7054 6928
f 6930 7160 7057
f 7058 6930 7050
f 7058 7050 7051
f 7056 7051 6932
f 7058 7051 7056
f 6937 7056 6932
f 7054 7055 6928
f 6935 7057 7065
f 6938 7172 6933
f 6933 7287 7158
f 6933 7172 7287
f 7056 6937 6939
f 7054 7060 7055
f 7054 7059 7060
f 6935 7065 6934
f 7056 7061 7058
f 7065 7057 7160
f 6939 7061 7056
f 6942 7062 6691
f 6691 7062 7161
f 6940 6691 7161
f 7161 7159 6940
f 6940 7159 7063
f 6934 7065 7070
f 7059 7079 7060
f 7079 6944 7060
f 6829 6830 7068
f 7064 7066 6826
f 7061 6939 7177
f 6941 7177 6939
f 7079 6945 6944
f 7068 6943 6829
f 7072 7069 6830
f 7066 7171 6946
f 6948 7177 6941
f 7071 6945 7079
f 7080 7067 6838
f 7166 6947 6943
f 7075 6834 6702
f 7075 7072 6834
f 7171 7073 6946
f 7172 6823 7180
f 7191 7070 7065
f 7071 6950 6949
f 6947 7166 7178
f 6947 7178 7074
f 6702 6952 7075
f 6960 7076 6952
f 7073 6952 7076
f 6952 7073 7075
f 7180 6823 7081
f 7078 7177 6948
f 7079 6950 7071
f 6956 7080 6838
f 7074 7178 7181
f 6709 6960 6952
f 7085 7078 6955
f 6955 7078 6948
f 7079 7083 6950
f 7181 7185 7074
f 6961 6957 7077
f 7083 6959 6958
f 7083 6958 6950
f 6966 7084 6956
f 7189 6967 7185
f 7082 7190 7092
f 7082 7191 7190
f 7083 6964 6959
f 7188 6964 7083
f 6966 7086 7084
f 6967 7189 6562
f 6853 7089 6845
f 7188 6971 6964
f 6861 7086 6966
f 7306 6858 6968
f 6974 7196 7085
f 6971 7188 7200
f 7091 7086 6861
f 7087 6976 6972
f 7087 6862 6976
f 6857 6722 6973
f 6973 6722 7193
f 6977 6858 7306
f 6974 6984 7196
f 6971 7200 7090
f 7091 6861 6982
f 6982 7094 7091
f 7199 6979 6977
f 7200 7093 6981
f 7090 7200 6981
f 7095 6863 7092
f 7201 6984 6867
f 7314 6865 7093
f 6987 7201 6867
f 7314 6985 6865
f 6987 7097 7201
f 7095 7096 6986
f 7203 6988 6985
f 7098 6986 7096
f 7203 6990 6988
f 6733 7100 6987
f 6733 7102 7100
f 6871 7204 6870
f 7098 7317 7321
f 7098 7321 7099
f 6872 7204 6871
f 7102 6735 7207
f 6993 7204 6872
f 7205 7103 7099
f 7106 7103 7205
f 7207 6735 6994
f 7327 7104 6992
f 6995 7210 6993
f 6995 6996 7210
f 6994 6875 7111
f 6997 7210 6996
f 7209 6876 7106
f 7002 7111 6875
f 7107 6876 7209
f 6999 7105 7214
f 7108 6997 7000
f 7000 7001 7108
f 7214 7004 6999
f 7108 6742 7109
f 7001 6742 7108
f 7211 7110 7107
f 7006 7109 6742
f 7002 7003 7111
f 7110 7215 7005
f 6881 6884 7003
f 6883 7214 7114
f 6883 7004 7214
f 7006 7008 7112
f 7215 7007 7005
f 7115 7007 7113
f 7221 7008 6746
f 7222 6884 6887
f 7116 7221 6746
f 6746 7010 7116
f 7009 7115 7224
f 7114 7337 6885
f 6748 7117 6887
f 6748 7120 7117
f 7013 7123 6748
f 6748 7123 7120
f 7122 7014 6896
f 6892 7229 7015
f 7232 7122 6896
f 7123 7013 7126
f 7232 6896 7016
f 7233 7016 7019
f 7238 6759 7017
f 7238 7126 6759
f 7127 7233 7019
f 7017 7236 7241
f 7017 7241 7238
f 7237 7239 7018
f 7022 7246 7129
f 7022 7128 7246
f 7018 7239 7128
f 7023 7367 6900
f 7367 7024 6900
f 7368 6782 7026
f 7557 7368 7026
f 7557 7026 7027
f 7028 7253 6901
f 7368 7132 6782
f 6630 7369 7131
f 6902 7369 6630
f 7370 7134 7132
f 7469 7133 7029
f 7255 7030 7032
f 7636 6905 7135
f 7256 7255 7032
f 7136 7033 7372
f 7636 7375 6905
f 7032 7034 7138
f 7033 7034 6908
f 7034 7033 7138
f 7136 7138 7033
f 7138 7136 7139
f 7140 7139 7136
f 7136 7141 7140
f 7139 7140 7143
f 7035 7143 7140
f 7143 7035 7142
f 6908 7142 7035
f 7142 6908 7034
f 7143 7142 7259
f 7260 7141 7257
f 7260 7140 7141
f 7037 7259 7142
f 7378 6641 7260
f 7150 7145 7144
f 7150 7144 6797
f 7379 6796 7036
f 7039 6796 7379
f 7148 6910 7263
f 7148 7152 6910
f 6484 7152 7149
f 7048 7047 7154
f 7155 6918 6925
f 7154 7052 7048
f 7155 7278 7154
f 7154 7278 7272
f 7154 7157 7052
f 7154 7272 7157
f 7052 7157 7156
f 7156 7054 7053
f 7157 7054 7156
f 6925 7273 7155
f 7155 7273 7278
f 7273 6925 7274
f 6925 7158 7274
f 7157 7272 7054
f 7058 7160 6930
f 7058 7061 7160
f 7272 7279 7054
f 7279 7059 7054
f 7274 7158 7287
f 7159 7064 7063
f 7279 7173 7059
f 7159 7161 7162
f 7159 7277 7064
f 7064 7163 7066
f 7065 7160 7164
f 7165 7160 7061
f 7164 7160 7165
f 7165 7061 7183
f 7067 7280 6942
f 7280 7062 6942
f 7280 7161 7062
f 7068 7166 6943
f 7166 7068 7167
f 7068 7168 7167
f 7169 7068 6830
f 7169 7168 7068
f 7069 7169 6830
f 7066 7163 7171
f 7174 7067 7080
f 7178 7166 7167
f 7175 7069 7072
f 7175 7072 7075
f 7073 7171 7176
f 7065 7294 7191
f 7294 7065 7289
f 7065 7164 7289
f 7184 7061 7177
f 7182 7175 7075
f 7076 6960 7179
f 7182 7179 6960
f 7179 7182 7176
f 7075 7176 7182
f 7176 7075 7073
f 7077 7076 7179
f 7077 7179 7286
f 7287 7172 7180
f 7184 7183 7061
f 7188 7079 7059
f 7173 7188 7059
f 7292 7077 7286
f 7078 7184 7177
f 7188 7083 7079
f 7292 6961 7077
f 7290 6956 7084
f 6963 7186 6960
f 7187 7184 7078
f 6963 7303 7186
f 6961 7299 6968
f 7195 6845 7089
f 7081 6845 7195
f 7085 7187 7078
f 7303 6963 6973
f 7196 7187 7085
f 7173 7313 7188
f 7189 6972 6562
f 6972 7189 7087
f 7194 7193 7192
f 7193 7194 7303
f 7193 7303 6973
f 7299 7306 6968
f 7313 7200 7188
f 7300 7086 7091
f 6862 7087 7305
f 6862 7305 7192
f 6862 7192 7088
f 7088 7192 7193
f 7312 7190 7191
f 7197 7091 7094
f 6979 7199 7198
f 7306 7199 6977
f 6853 7202 7089
f 7316 7092 7190
f 7316 7190 7312
f 7197 7094 7198
f 7198 7094 6979
f 6983 7202 6853
f 7315 7196 7201
f 7196 6984 7201
f 7200 7314 7093
f 6989 7202 6983
f 7096 7095 7092
f 7203 7314 7320
f 7203 6985 7314
f 7202 6989 6870
f 7096 7092 7317
f 7317 7098 7096
f 7097 6987 7323
f 7323 6987 7100
f 6990 7203 7320
f 6870 7204 7324
f 6990 7320 7433
f 7101 6990 7433
f 7321 7322 7099
f 7100 7102 7435
f 7322 7205 7099
f 7204 6993 7206
f 6993 7208 7206
f 7205 7510 7106
f 7101 7327 6992
f 6993 7210 7208
f 7210 7328 7208
f 7209 7106 7510
f 7105 7104 7327
f 7108 7210 6997
f 7211 7107 7209
f 7214 7105 7329
f 7108 7212 7210
f 7212 7108 7109
f 7109 7006 7112
f 7003 7213 7111
f 7217 7215 7216
f 7214 7335 7114
f 7219 7218 7008
f 7008 7218 7112
f 7220 7007 7219
f 7215 7219 7007
f 7219 7215 7218
f 7217 7218 7215
f 7113 7007 7220
f 7113 7220 7439
f 7008 7221 7219
f 7221 7220 7219
f 7439 7336 7113
f 7113 7336 7115
f 7336 7338 7115
f 7224 7115 7338
f 7223 6885 7337
f 7223 7118 6885
f 7225 7116 7010
f 7224 7226 7119
f 7118 7223 7343
f 7225 7010 7012
f 7012 7014 7225
f 7226 7227 7119
f 7117 7120 7342
f 7343 7121 7118
f 7228 7014 7122
f 7227 7229 6892
f 7120 7123 7230
f 7343 7346 7121
f 7347 7231 7015
f 7229 7347 7015
f 7123 7126 7354
f 7124 7121 7346
f 7232 7016 7233
f 7231 7125 7015
f 7235 7234 7127
f 7127 7234 7233
f 7356 7125 7353
f 7236 7125 7356
f 7357 7126 7238
f 7243 7127 7019
f 7126 7357 7354
f 7237 7242 7239
f 7237 7124 7242
f 7243 7019 7245
f 7236 7240 7241
f 7238 7241 7357
f 7243 7245 7244
f 7129 7362 7021
f 7021 7362 7245
f 7246 7366 7129
f 7128 7247 7246
f 7239 7247 7128
f 7239 7248 7247
f 7239 7242 7248
f 7244 7245 7361
f 7361 7245 7362
f 7246 7247 7249
f 7250 7247 7248
f 7252 7130 7025
f 7130 7367 7023
f 7253 7251 6901
f 7025 7251 7252
f 7558 7027 7131
f 7024 7631 6780
f 7631 7029 6780
f 7470 7253 7028
f 7369 6902 7371
f 7030 7470 7028
f 7371 6902 6904
f 7371 6904 7254
f 7135 7133 7469
f 7370 7372 7134
f 6904 7031 7254
f 7136 7372 7472
f 7138 7256 7032
f 7141 7136 7472
f 7139 7256 7138
f 7139 7259 7256
f 7141 7472 7257
f 7376 7258 7137
f 7143 7259 7139
f 7475 7036 7375
f 7377 7260 7257
f 7261 7259 7037
f 7377 7378 7260
f 7145 7474 7144
f 7144 7474 7376
f 6909 7261 7038
f 7261 7037 7038
f 7379 7036 7475
f 7262 7147 7146
f 7381 7264 7148
f 7263 7381 7148
f 7264 7149 7267
f 7265 7149 7264
f 7149 7265 7150
f 7039 7379 7382
f 7151 7040 7041
f 7268 7266 7151
f 7266 7264 7267
f 7264 7266 7148
f 7268 7148 7266
f 7148 7268 7152
f 7269 7152 7268
f 7152 7269 7267
f 7152 7267 7149
f 7271 7270 7042
f 7271 7478 7270
f 7151 7153 7268
f 7270 7269 7268
f 7153 7270 7268
f 7153 7042 7270
f 7274 7387 7273
f 7273 7387 7278
f 7278 7389 7272
f 7272 7389 7279
f 7162 7161 7275
f 7385 7162 7276
f 7159 7162 7385
f 7385 7277 7159
f 7277 7284 7064
f 7064 7284 7163
f 7274 7285 7387
f 7280 7281 7161
f 7161 7281 7275
f 7384 7282 7281
f 7167 7281 7282
f 7281 7167 7275
f 7168 7275 7167
f 7275 7168 7162
f 7169 7162 7168
f 7162 7169 7276
f 7283 7276 7169
f 7276 7283 7384
f 7282 7384 7283
f 7069 7170 7169
f 7284 7386 7163
f 7171 7163 7386
f 7389 7402 7279
f 7174 7280 7067
f 7167 7282 7178
f 7392 7170 7069
f 7392 7069 7175
f 7176 7171 7386
f 7176 7386 7286
f 7285 7274 7287
f 7282 7283 7391
f 7392 7175 7182
f 7179 7176 7286
f 7289 7164 7165
f 7402 7173 7279
f 7080 7290 7174
f 7282 7181 7178
f 7181 7282 7391
f 7288 7392 7182
f 7288 7182 6960
f 7292 7286 7396
f 7297 7165 7183
f 7389 7400 7402
f 6956 7290 7080
f 7291 7181 7391
f 7186 7288 6960
f 7289 7295 7294
f 7296 7289 7165
f 7189 7185 7291
f 7291 7185 7181
f 7298 7288 7186
f 7195 7180 7081
f 7295 7289 7296
f 7296 7165 7297
f 7184 7308 7183
f 7308 7297 7183
f 7084 7086 7293
f 7084 7293 7290
f 7189 7291 7301
f 7292 7299 6961
f 7304 7294 7295
f 7402 7408 7173
f 7293 7086 7300
f 7303 7194 7298
f 7303 7298 7186
f 7307 7295 7296
f 7301 7087 7189
f 7087 7301 7305
f 7305 7301 7302
f 7192 7305 7194
f 7311 7306 7299
f 7187 7308 7184
f 7408 7313 7173
f 7180 7195 7415
f 7191 7294 7304
f 7309 7091 7197
f 7309 7197 7310
f 7310 7197 7198
f 7310 7198 7311
f 7311 7198 7199
f 7311 7199 7306
f 7089 7422 7195
f 7312 7191 7304
f 7187 7416 7308
f 7196 7416 7187
f 7419 7312 7304
f 7500 7314 7200
f 7500 7200 7313
f 7202 7422 7089
f 7196 7421 7416
f 7196 7315 7421
f 7315 7201 7097
f 7320 7314 7500
f 7316 7317 7092
f 7318 7315 7097
f 6870 7423 7202
f 7324 7423 6870
f 7317 7316 7319
f 7318 7097 7323
f 7423 7324 7326
f 7317 7319 7322
f 7317 7322 7321
f 7323 7100 7509
f 7206 7324 7204
f 7326 7324 7206
f 7325 7432 7205
f 7322 7325 7205
f 7435 7102 7207
f 7512 7101 7433
f 7205 7432 7510
f 7512 7327 7101
f 7603 7207 6994
f 7210 7212 7328
f 7437 7211 7209
f 7327 7329 7105
f 7213 7438 6994
f 7213 6994 7111
f 7211 7216 7110
f 7112 7212 7109
f 7112 7515 7212
f 7216 7215 7110
f 7335 7214 7329
f 7514 7331 7217
f 7003 7334 7213
f 7332 7330 7112
f 7332 7112 7218
f 7218 7217 7332
f 7331 7332 7217
f 7332 7331 7333
f 7220 7333 7331
f 7439 7220 7331
f 7514 7439 7331
f 7003 6884 7334
f 7221 7333 7220
f 7334 7222 7440
f 6884 7222 7334
f 7441 7114 7335
f 7337 7114 7441
f 7221 7116 7444
f 7522 7524 7337
f 6887 7117 7222
f 7339 7222 7117
f 7337 7524 7445
f 7337 7445 7223
f 7226 7224 7338
f 7117 7341 7339
f 7340 7116 7225
f 7223 7527 7343
f 7014 7228 7225
f 7225 7228 7449
f 7446 7227 7226
f 7120 7230 7342
f 7344 7449 7228
f 7344 7228 7345
f 7229 7227 7347
f 7454 7228 7122
f 7345 7228 7454
f 7123 7457 7230
f 7454 7122 7232
f 7619 7346 7343
f 7343 7453 7619
f 7350 7454 7232
f 7350 7232 7233
f 7455 7349 7348
f 7455 7348 7231
f 7347 7455 7231
f 7351 7125 7231
f 7351 7231 7348
f 7457 7123 7354
f 7234 7350 7233
f 7349 7350 7234
f 7349 7234 7348
f 7235 7348 7234
f 7348 7235 7351
f 7352 7351 7235
f 7125 7351 7353
f 7352 7235 7127
f 7124 7346 7458
f 7356 7353 7460
f 7240 7236 7356
f 7242 7124 7458
f 7358 7241 7240
f 7241 7359 7357
f 7241 7358 7359
f 7462 7357 7360
f 7357 7359 7360
f 7357 7462 7354
f 7129 7366 7362
f 7240 7464 7358
f 7465 7363 7464
f 7249 7464 7363
f 7464 7249 7358
f 7247 7358 7249
f 7358 7247 7359
f 7250 7359 7247
f 7359 7250 7360
f 7364 7360 7250
f 7360 7364 7465
f 7363 7465 7364
f 7248 7365 7250
f 7250 7365 7364
f 7550 7361 7362
f 7249 7363 7246
f 7363 7366 7246
f 7366 7363 7364
f 7366 7364 7365
f 7468 7631 7024
f 7252 7251 7253
f 7633 7557 7027
f 7558 7633 7027
f 7369 7558 7131
f 7029 7631 7469
f 7470 7560 7253
f 7132 7632 7370
f 7132 7368 7632
f 7559 7135 7469
f 7031 7373 7254
f 7256 7374 7255
f 7137 7373 7031
f 7137 7258 7373
f 7374 7256 7259
f 7375 7562 7475
f 7378 7262 7146
f 7379 7475 7646
f 7040 7380 6909
f 7262 7263 7147
f 7264 7570 7265
f 7381 7570 7264
f 7383 7151 7266
f 7383 7266 7267
f 7269 7383 7267
f 7270 7571 7269
f 7478 7571 7270
f 7284 7277 7385
f 7387 7389 7278
f 7384 7385 7276
f 7284 7385 7481
f 7386 7284 7481
f 7280 7390 7281
f 7280 7174 7390
f 7384 7281 7390
f 7170 7388 7169
f 7169 7388 7283
f 7392 7388 7170
f 7386 7481 7393
f 7393 7286 7386
f 7390 7174 7394
f 7391 7283 7395
f 7395 7283 7388
f 7174 7290 7394
f 7392 7395 7388
f 7288 7395 7392
f 7393 7396 7286
f 7492 7285 7287
f 7285 7405 7387
f 7387 7406 7389
f 7290 7397 7394
f 7398 7391 7395
f 7298 7395 7288
f 7292 7396 7399
f 7387 7405 7406
f 7406 7400 7389
f 7290 7293 7397
f 7398 7291 7391
f 7291 7398 7404
f 7404 7398 7395
f 7404 7395 7401
f 7298 7401 7395
f 7492 7287 7180
f 7285 7407 7405
f 7397 7293 7403
f 7291 7404 7301
f 7399 7299 7292
f 7285 7492 7407
f 7406 7490 7400
f 7400 7490 7402
f 7403 7293 7300
f 7403 7300 7487
f 7302 7301 7404
f 7404 7401 7194
f 7194 7401 7298
f 7488 7299 7399
f 7405 7407 7489
f 7405 7489 7406
f 7406 7489 7490
f 7490 7408 7402
f 7409 7410 7487
f 7404 7410 7302
f 7409 7302 7410
f 7302 7409 7305
f 7410 7404 7411
f 7194 7411 7404
f 7411 7194 7412
f 7305 7412 7194
f 7412 7305 7409
f 7412 7413 7411
f 7488 7311 7299
f 7490 7493 7408
f 7091 7487 7300
f 7487 7091 7309
f 7487 7309 7409
f 7409 7309 7310
f 7409 7310 7412
f 7412 7310 7413
f 7413 7310 7311
f 7413 7311 7488
f 7180 7415 7492
f 7295 7417 7304
f 7420 7307 7296
f 7308 7416 7297
f 7493 7418 7408
f 7414 7295 7307
f 7414 7307 7420
f 7420 7296 7297
f 7420 7297 7416
f 7418 7313 7408
f 7422 7415 7195
f 7417 7295 7414
f 7418 7500 7313
f 7419 7304 7417
f 7416 7421 7420
f 7415 7422 7589
f 7315 7592 7421
f 7202 7423 7422
f 7319 7316 7312
f 7592 7315 7318
f 7501 7320 7500
f 7425 7319 7312
f 7424 7423 7426
f 7430 7318 7323
f 7326 7426 7423
f 7424 7426 7427
f 7319 7426 7322
f 7426 7319 7427
f 7425 7427 7319
f 7427 7425 7428
f 7429 7428 7425
f 7429 7425 7505
f 7433 7320 7507
f 7431 7426 7326
f 7428 7429 7506
f 7325 7506 7429
f 7506 7325 7431
f 7322 7431 7325
f 7431 7322 7426
f 7429 7432 7325
f 7429 7505 7432
f 7506 7431 7326
f 7435 7509 7100
f 7206 7434 7326
f 7506 7326 7434
f 7208 7434 7206
f 7436 7208 7328
f 7603 7435 7207
f 7600 7209 7510
f 7603 6994 7438
f 7602 7327 7512
f 7328 7212 7436
f 7437 7209 7600
f 7327 7602 7329
f 7211 7437 7216
f 7216 7437 7514
f 7217 7216 7514
f 7329 7604 7335
f 7112 7330 7515
f 7517 7335 7604
f 7332 7333 7330
f 7330 7333 7442
f 7517 7520 7335
f 7335 7520 7441
f 7333 7221 7442
f 7521 7336 7439
f 7440 7222 7443
f 7222 7339 7443
f 7522 7337 7441
f 7444 7442 7221
f 7521 7525 7336
f 7336 7525 7338
f 7116 7340 7444
f 7338 7614 7226
f 7446 7226 7614
f 7117 7342 7341
f 7447 7341 7342
f 7223 7445 7527
f 7227 7446 7448
f 7446 7526 7448
f 7344 7526 7449
f 7526 7344 7448
f 7345 7448 7344
f 7227 7448 7345
f 7452 7227 7345
f 7342 7230 7451
f 7527 7453 7343
f 7454 7450 7345
f 7227 7452 7347
f 7452 7455 7347
f 7230 7457 7539
f 7451 7230 7539
f 7454 7350 7540
f 7349 7455 7537
f 7540 7350 7456
f 7350 7349 7456
f 7351 7352 7538
f 7456 7538 7352
f 7538 7456 7537
f 7349 7537 7456
f 7353 7538 7541
f 7351 7538 7353
f 7456 7352 7540
f 7352 7459 7540
f 7352 7127 7459
f 7541 7542 7353
f 7457 7354 7355
f 7459 7127 7243
f 7353 7542 7460
f 7462 7355 7354
f 7544 7243 7244
f 7544 7244 7463
f 7546 7240 7356
f 7360 7461 7462
f 7622 7462 7548
f 7462 7622 7355
f 7458 7549 7242
f 7356 7460 7546
f 7546 7464 7240
f 7461 7360 7465
f 7466 7461 7465
f 7462 7461 7548
f 7553 7463 7244
f 7553 7244 7361
f 7465 7464 7466
f 7242 7552 7248
f 7242 7549 7552
f 7366 7555 7362
f 7365 7555 7366
f 7248 7552 7365
f 7555 7365 7552
f 7467 7024 7367
f 7632 7634 7370
f 7030 7471 7470
f 7561 7372 7370
f 7255 7471 7030
f 7255 7374 7471
f 7639 7375 7636
f 7637 7257 7472
f 7702 7257 7637
f 7562 7375 7639
f 7374 7259 7563
f 7641 7377 7257
f 7261 7563 7259
f 7378 7377 7641
f 7474 7145 7476
f 7646 7475 7562
f 7380 7642 6909
f 7642 7261 6909
f 7378 7564 7262
f 7145 7150 7476
f 7476 7150 7566
f 7565 7263 7262
f 7565 7381 7263
f 7565 7569 7381
f 7381 7569 7570
f 7382 7379 7477
f 7571 7383 7269
f 7271 7382 7477
f 7271 7477 7478
f 7384 7480 7385
f 7479 7385 7480
f 7479 7481 7385
f 7480 7384 7390
f 7480 7482 7479
f 7394 7483 7390
f 7390 7483 7480
f 7480 7483 7482
f 7479 7482 7572
f 7572 7481 7479
f 7394 7397 7483
f 7484 7396 7393
f 7481 7484 7393
f 7572 7484 7481
f 7483 7397 7485
f 7484 7399 7396
f 7397 7403 7485
f 7486 7488 7484
f 7484 7488 7399
f 7485 7403 7486
f 7403 7410 7486
f 7403 7487 7410
f 7486 7410 7413
f 7486 7413 7488
f 7410 7411 7413
f 7492 7491 7407
f 7407 7656 7489
f 7407 7491 7656
f 7489 7573 7490
f 7490 7573 7574
f 7490 7574 7493
f 7420 7494 7414
f 7415 7575 7492
f 7493 7574 7586
f 7496 7414 7494
f 7494 7420 7495
f 7421 7495 7420
f 7586 7588 7493
f 7588 7418 7493
f 7417 7591 7419
f 7496 7417 7414
f 7496 7494 7497
f 7497 7494 7495
f 7495 7421 7499
f 7587 7418 7588
f 7587 7500 7418
f 7499 7498 7495
f 7592 7499 7421
f 7500 7587 7501
f 7423 7502 7422
f 7423 7424 7502
f 7503 7312 7419
f 7425 7312 7503
f 7503 7419 7591
f 7318 7504 7592
f 7430 7504 7318
f 7501 7590 7320
f 7590 7507 7320
f 7424 7427 7428
f 7502 7424 7428
f 7505 7425 7503
f 7502 7428 7434
f 7434 7428 7506
f 7595 7505 7503
f 7508 7430 7323
f 7508 7323 7509
f 7505 7595 7432
f 7511 7434 7208
f 7432 7595 7598
f 7208 7436 7511
f 7598 7510 7432
f 7600 7510 7598
f 7513 7436 7212
f 7212 7515 7513
f 7604 7329 7602
f 7516 7438 7213
f 7605 7516 7213
f 7605 7213 7334
f 7442 7518 7330
f 7666 7439 7514
f 7605 7440 7519
f 7334 7440 7605
f 7443 7520 7440
f 7517 7440 7520
f 7440 7517 7519
f 7521 7439 7666
f 7442 7444 7518
f 7443 7339 7523
f 7444 7340 7613
f 7615 7613 7340
f 7447 7339 7341
f 7526 7446 7614
f 7527 7445 7673
f 7615 7340 7225
f 7225 7449 7615
f 7529 7447 7342
f 7534 7449 7530
f 7615 7449 7534
f 7345 7450 7531
f 7530 7531 7450
f 7531 7530 7528
f 7449 7528 7530
f 7528 7449 7526
f 7452 7345 7531
f 7452 7531 7532
f 7533 7529 7451
f 7529 7342 7451
f 7530 7450 7534
f 7450 7536 7534
f 7450 7454 7536
f 7453 7527 7535
f 7455 7452 7537
f 7535 7619 7453
f 7457 7543 7539
f 7355 7543 7457
f 7346 7619 7458
f 7544 7459 7243
f 7622 7543 7355
f 7549 7458 7627
f 7463 7545 7544
f 7460 7623 7546
f 7546 7547 7464
f 7551 7461 7466
f 7548 7461 7551
f 7361 7550 7553
f 7464 7547 7466
f 7549 7626 7552
f 7626 7549 7627
f 7554 7550 7362
f 7552 7629 7555
f 7552 7626 7629
f 7628 7362 7555
f 7252 7367 7130
f 7693 7024 7467
f 7693 7468 7024
f 7252 7253 7556
f 7828 7368 7557
f 7828 7632 7368
f 7471 7560 7470
f 7634 7561 7370
f 7698 7135 7559
f 7636 7135 7698
f 7561 7472 7372
f 7637 7472 7561
f 7258 7638 7373
f 7641 7257 7702
f 7376 7473 7258
f 7376 7643 7473
f 7376 7474 7643
f 7641 7564 7378
f 7476 7566 7568
f 7379 7646 7769
f 7040 7841 7380
f 7566 7265 7567
f 7265 7570 7567
f 7265 7566 7150
f 7477 7379 7769
f 7151 7770 7040
f 7151 7383 7770
f 7571 7478 7477
f 7483 7485 7482
f 7482 7485 7572
f 7572 7485 7486
f 7572 7486 7484
f 7573 7489 7656
f 7655 7491 7492
f 7573 7656 7576
f 7573 7576 7577
f 7573 7577 7574
f 7655 7492 7575
f 7491 7655 7656
f 7574 7577 7579
f 7574 7579 7580
f 7574 7580 7586
f 7497 7581 7496
f 7495 7577 7497
f 7578 7497 7577
f 7497 7578 7581
f 7582 7581 7578
f 7582 7583 7498
f 7579 7498 7583
f 7498 7579 7495
f 7577 7495 7579
f 7579 7583 7580
f 7584 7496 7581
f 7584 7581 7582
f 7499 7582 7498
f 7499 7584 7582
f 7415 7589 7575
f 7714 7417 7496
f 7591 7417 7714
f 7714 7496 7584
f 7585 7584 7499
f 7592 7585 7499
f 7712 7584 7585
f 7659 7585 7592
f 7587 7590 7501
f 7422 7502 7589
f 7592 7660 7659
f 7589 7502 7713
f 7591 7658 7503
f 7504 7660 7592
f 7593 7507 7590
f 7434 7594 7502
f 7504 7430 7508
f 7434 7718 7594
f 7596 7508 7509
f 7433 7507 7720
f 7507 7593 7720
f 7511 7718 7434
f 7597 7596 7509
f 7433 7720 7512
f 7509 7435 7663
f 7599 7511 7436
f 7720 7601 7512
f 7602 7512 7601
f 7599 7436 7513
f 7600 7721 7437
f 7515 7724 7513
f 7437 7721 7514
f 7664 7514 7721
f 7604 7602 7723
f 7516 7603 7438
f 7330 7518 7515
f 7518 7724 7515
f 7666 7514 7664
f 7667 7517 7604
f 7518 7608 7724
f 7520 7443 7606
f 7667 7519 7517
f 7668 7521 7666
f 7443 7523 7606
f 7606 7607 7520
f 7520 7607 7441
f 7522 7441 7607
f 7522 7607 7728
f 7608 7518 7444
f 7608 7444 7611
f 7668 7609 7521
f 7521 7609 7525
f 7523 7339 7610
f 7524 7522 7671
f 7444 7613 7611
f 7672 7525 7609
f 7610 7339 7612
f 7339 7447 7612
f 7671 7445 7524
f 7673 7445 7671
f 7614 7338 7525
f 7672 7614 7525
f 7526 7614 7528
f 7529 7612 7447
f 7674 7527 7673
f 7527 7674 7676
f 7675 7531 7528
f 7532 7531 7675
f 7676 7535 7527
f 7616 7533 7451
f 7617 7536 7454
f 7617 7454 7540
f 7619 7535 7744
f 7459 7617 7540
f 7538 7680 7541
f 7451 7539 7618
f 7459 7544 7620
f 7541 7680 7542
f 7542 7680 7684
f 7618 7539 7543
f 7619 7683 7458
f 7621 7620 7544
f 7544 7545 7621
f 7542 7684 7460
f 7545 7463 7686
f 7743 7623 7684
f 7684 7623 7460
f 7688 7686 7463
f 7688 7463 7553
f 7624 7547 7546
f 7624 7546 7623
f 7625 7622 7548
f 7896 7551 7466
f 7896 7466 7547
f 7625 7551 7750
f 7625 7548 7551
f 7627 7748 7626
f 7554 7553 7550
f 7551 7896 7749
f 7628 7554 7362
f 7629 7748 7690
f 7626 7748 7629
f 7691 7555 7629
f 7556 7630 7252
f 7252 7630 7367
f 7467 7367 7630
f 7695 7556 7253
f 7633 7828 7557
f 7635 7633 7558
f 7558 7369 7635
f 7559 7469 7631
f 7757 7559 7631
f 7759 7253 7560
f 7695 7253 7759
f 7830 7634 7632
f 7830 7632 7696
f 7635 7369 7371
f 7635 7371 7697
f 7697 7371 7254
f 7699 7561 7634
f 7373 7638 7254
f 7258 7473 7638
f 7640 7374 7563
f 7642 7703 7261
f 7703 7563 7261
f 7763 7646 7562
f 7476 7645 7474
f 7476 7568 7645
f 7645 7643 7474
f 7644 7262 7564
f 7644 7565 7262
f 7766 7648 7647
f 7766 7647 7565
f 7566 7567 7648
f 7766 7566 7648
f 7566 7766 7568
f 7841 7040 7770
f 7647 7569 7565
f 7569 7649 7570
f 7647 7649 7569
f 7649 7647 7650
f 7648 7650 7647
f 7650 7648 7651
f 7567 7651 7648
f 7567 7570 7649
f 7477 7651 7567
f 7477 7652 7651
f 7477 7769 7652
f 7770 7383 7653
f 7571 7653 7383
f 7653 7571 7649
f 7649 7571 7567
f 7567 7571 7477
f 7576 7578 7577
f 7576 7656 7654
f 7654 7582 7578
f 7576 7654 7578
f 7654 7583 7582
f 7654 7710 7583
f 7710 7586 7580
f 7583 7710 7580
f 7584 7712 7714
f 7586 7657 7588
f 7657 7587 7588
f 7657 7590 7587
f 7717 7591 7714
f 7655 7589 7711
f 7655 7575 7589
f 7712 7585 7659
f 7711 7589 7713
f 7779 7590 7657
f 7779 7593 7590
f 7658 7591 7717
f 7502 7859 7713
f 7508 7660 7504
f 7779 7716 7593
f 7508 7596 7660
f 7859 7502 7661
f 7661 7502 7594
f 7791 7595 7503
f 7720 7593 7716
f 7662 7596 7597
f 7511 7599 7718
f 7509 7663 7597
f 7721 7600 7791
f 7791 7600 7598
f 7663 7435 7603
f 7601 7723 7602
f 7513 7724 7599
f 7665 7599 7724
f 7722 7603 7516
f 7605 7722 7516
f 7664 7668 7666
f 7794 7605 7519
f 7519 7667 7794
f 7606 7523 7726
f 7669 7607 7523
f 7606 7523 7607
f 7726 7523 7606
f 7728 7607 7669
f 7610 7669 7523
f 7610 7727 7669
f 7522 7728 7874
f 7727 7610 7803
f 7672 7609 7670
f 7803 7610 7612
f 7613 7737 7611
f 7528 7614 7672
f 7801 7528 7672
f 7734 7612 7529
f 7613 7615 7737
f 7801 7675 7528
f 7734 7529 7736
f 7533 7736 7529
f 7536 7615 7534
f 7536 7677 7615
f 7532 7675 7735
f 7533 7678 7736
f 7739 7535 7676
f 7452 7532 7740
f 7533 7616 7678
f 7537 7452 7740
f 7617 7807 7536
f 7537 7740 7538
f 7739 7744 7535
f 7739 7806 7744
f 7740 7679 7538
f 7538 7679 7680
f 7616 7451 7742
f 7742 7451 7618
f 7683 7619 7744
f 7620 7617 7459
f 7679 7682 7681
f 7679 7681 7680
f 7681 7684 7680
f 7682 7620 7621
f 7682 7621 7681
f 7545 7681 7621
f 7681 7545 7684
f 7685 7684 7545
f 7545 7686 7685
f 7543 7687 7618
f 7543 7622 7687
f 7683 7627 7458
f 7817 7623 7743
f 7687 7622 7625
f 7627 7683 7746
f 7745 7624 7623
f 7689 7688 7553
f 7689 7553 7554
f 7624 7745 7820
f 7749 7750 7551
f 7547 7624 7747
f 7547 7747 7896
f 7692 7554 7628
f 7691 7754 7555
f 7555 7754 7628
f 7692 7628 7753
f 7753 7628 7754
f 7691 7629 7824
f 7824 7629 7690
f 7630 7826 7467
f 7467 7826 7693
f 7556 7694 7630
f 7693 7755 7468
f 7826 7755 7693
f 7468 7755 7631
f 7631 7755 7757
f 7694 7556 7695
f 7757 7698 7559
f 7254 7834 7697
f 7471 7759 7560
f 7830 7699 7634
f 7638 7834 7254
f 7700 7636 7698
f 7760 7759 7471
f 7701 7636 7700
f 7760 7471 7374
f 7761 7637 7699
f 7699 7637 7561
f 7701 7639 7636
f 7761 7702 7637
f 7473 7837 7638
f 7762 7702 7761
f 7640 7563 7703
f 7641 7702 7762
f 7704 7473 7643
f 7837 7473 7704
f 7763 7562 7639
f 7762 7564 7641
f 7707 7568 7766
f 7568 7707 7645
f 7643 7708 7704
f 7645 7708 7643
f 7708 7645 7767
f 7707 7767 7645
f 7646 7705 7708
f 7763 7705 7646
f 7706 7642 7380
f 7646 7708 7767
f 7709 7646 7767
f 7769 7646 7709
f 7650 7770 7653
f 7649 7650 7653
f 7652 7650 7651
f 7776 7656 7711
f 7656 7772 7654
f 7654 7772 7710
f 7711 7656 7655
f 7656 7776 7772
f 7710 7774 7586
f 7774 7657 7586
f 7659 7715 7712
f 7714 7712 7715
f 7717 7714 7778
f 7777 7714 7715
f 7660 7785 7659
f 7596 7662 7660
f 7786 7658 7717
f 7597 7788 7662
f 7789 7503 7658
f 7791 7503 7789
f 7788 7597 7663
f 7719 7718 7599
f 7594 7718 7719
f 7791 7598 7595
f 7720 7790 7601
f 7663 7603 7722
f 7601 7866 7723
f 7601 7790 7866
f 7725 7722 7605
f 7725 7605 7794
f 7667 7604 7723
f 7724 7798 7665
f 7724 7608 7798
f 7670 7609 7668
f 7730 7729 7727
f 7800 7874 7728
f 7611 7732 7608
f 7803 7730 7727
f 7803 7731 7730
f 7671 7522 7874
f 7611 7733 7732
f 7672 7670 7801
f 7612 7734 7803
f 7671 7674 7673
f 7611 7737 7733
f 7735 7675 7801
f 7881 7676 7674
f 7615 7677 7737
f 7739 7676 7881
f 7740 7532 7735
f 7536 7807 7677
f 7678 7616 7738
f 7620 7808 7617
f 7682 7679 7740
f 7682 7740 7741
f 7682 7808 7620
f 7684 7685 7813
f 7813 7743 7684
f 7683 7744 7815
f 7623 7817 7745
f 7683 7815 7746
f 7889 7686 7688
f 7818 7889 7688
f 7689 7818 7688
f 7751 7625 7750
f 7687 7625 7751
f 7821 7627 7746
f 7822 7689 7554
f 7627 7821 7748
f 7692 7822 7554
f 7749 7898 7750
f 7748 7752 7690
f 7748 7821 7752
f 7690 7752 7824
f 7694 7825 7630
f 7695 7758 7694
f 7756 7827 7828
f 7828 7827 7632
f 7831 7633 7635
f 7759 7758 7695
f 7696 7632 7827
f 7697 7831 7635
f 7757 7832 7698
f 7832 7700 7698
f 7833 7759 7760
f 7835 7761 7699
f 7374 7640 7760
f 7838 7639 7701
f 7837 7704 7983
f 7838 7763 7639
f 7765 7704 7764
f 7917 7565 7644
f 7918 7766 7917
f 7764 7707 7765
f 7707 7918 7765
f 7764 7767 7707
f 7767 7764 7768
f 7704 7768 7764
f 7768 7704 7708
f 7708 7705 7768
f 7841 7706 7380
f 7565 7917 7766
f 7766 7918 7707
f 7842 7652 7769
f 7709 7842 7769
f 7771 7770 7650
f 7652 7771 7650
f 7773 7710 7772
f 7773 7774 7710
f 7772 7843 7773
f 7843 7772 7776
f 7774 7773 7924
f 7924 7657 7774
f 7713 7775 7711
f 7711 7775 7776
f 7714 7777 7778
f 7715 7659 7785
f 7924 7779 7657
f 7781 7777 7715
f 7778 7786 7717
f 7777 7781 7780
f 7778 7777 7780
f 7782 7781 7715
f 7782 7715 7783
f 7785 7784 7783
f 7715 7785 7783
f 7779 7924 7854
f 7779 7854 7716
f 7860 7786 7778
f 7860 7778 7780
f 7660 7861 7785
f 7662 7861 7660
f 7861 7662 7788
f 7716 7854 7787
f 7720 7716 7787
f 7789 7658 7786
f 7719 7661 7594
f 7787 7930 7720
f 7720 7930 7790
f 7864 7788 7663
f 7930 7792 7790
f 7665 7719 7599
f 7868 7719 7665
f 7865 7721 7791
f 7864 7663 7722
f 7865 7664 7721
f 7725 7864 7722
f 7667 7723 7793
f 7799 7668 7664
f 7799 7664 7865
f 7796 7795 7726
f 7795 7796 7793
f 7794 7793 7796
f 7793 7794 7667
f 7668 7799 7670
f 7870 7796 7726
f 7669 7727 7871
f 7726 7795 7870
f 7871 7797 7729
f 7728 7871 7729
f 7669 7871 7728
f 7729 7800 7728
f 7797 7871 7727
f 7797 7727 7729
f 7729 7730 7800
f 7731 7800 7730
f 7732 7798 7608
f 7732 7875 7798
f 7801 7670 7799
f 7802 7731 7803
f 7671 7874 7879
f 7737 7804 7733
f 7879 7674 7671
f 7735 7801 7943
f 7736 7947 7734
f 7880 7735 7943
f 7736 7678 7947
f 7804 7737 7677
f 7804 7677 7949
f 7678 7738 7882
f 7805 7739 7881
f 7740 7735 7810
f 7739 7805 7806
f 7616 7882 7738
f 7616 7952 7882
f 7807 7617 7886
f 7617 7808 7886
f 7810 7809 7741
f 7810 7741 7740
f 7742 7952 7616
f 7814 7806 7883
f 7682 7811 7808
f 7682 7741 7811
f 7809 7811 7741
f 7811 7809 7812
f 7813 7812 7809
f 7812 7813 7685
f 7810 7813 7809
f 7887 7743 7813
f 7952 7742 7888
f 7744 7806 7814
f 7685 7686 7816
f 7814 7815 7744
f 7814 7955 7815
f 7887 7817 7743
f 7742 7618 7891
f 7891 7618 7687
f 7819 7891 7687
f 7822 7818 7689
f 7820 7747 7624
f 7819 7687 7751
f 7893 7819 7751
f 7746 7815 7894
f 7746 7894 7821
f 7820 7823 7747
f 7898 7751 7750
f 7893 7751 7898
f 7895 7822 7692
f 7753 7895 7692
f 7747 7823 7896
f 7749 7896 7897
f 7749 7897 7898
f 7821 7900 7752
f 7900 7821 7894
f 7754 7691 7969
f 7969 7691 7824
f 7824 7752 7901
f 7901 7752 7900
f 7630 7904 7826
f 7825 7904 7630
f 7826 7977 7755
f 7977 7905 7755
f 7694 7758 7906
f 7829 7828 7633
f 7831 7829 7633
f 7832 7757 7755
f 7832 7755 8027
f 7827 7830 7696
f 7831 7697 7911
f 7759 7833 7758
f 7910 7830 7827
f 7834 7911 7697
f 7912 7700 7832
f 7835 7699 7910
f 7910 7699 7830
f 7638 7836 7834
f 7837 7836 7638
f 7913 7760 7640
f 7988 7763 7838
f 7839 7564 7762
f 7839 7644 7564
f 7705 7763 7988
f 7768 7709 7767
f 7706 7841 7840
f 7922 7842 7709
f 7770 7771 7841
f 7842 7771 7652
f 7843 7847 7773
f 7847 7844 7773
f 7855 7776 7775
f 7776 7855 7843
f 7843 7855 7845
f 7843 7845 7846
f 7847 7846 7851
f 7847 7843 7846
f 7844 7924 7773
f 7855 7849 7845
f 7851 7850 7849
f 7780 7849 7850
f 7849 7780 7845
f 7781 7845 7780
f 7845 7781 7846
f 7782 7846 7781
f 7846 7782 7851
f 7852 7851 7782
f 7850 7851 7852
f 7783 7847 7782
f 7848 7782 7847
f 7782 7848 7852
f 7852 7848 7784
f 7853 7784 7848
f 7844 7784 7853
f 7784 7844 7783
f 7847 7783 7844
f 7844 7853 7924
f 7859 7775 7713
f 7780 7850 7860
f 7850 7856 7860
f 7856 7850 7852
f 7857 7852 7784
f 7856 7852 7857
f 7785 7858 7784
f 7858 7857 7784
f 7861 7858 7785
f 7927 7856 7857
f 7928 7787 7854
f 7932 7786 7860
f 7862 7856 7927
f 7929 7857 7858
f 7859 7661 7931
f 7789 7786 7932
f 7860 7862 7932
f 7862 7860 7856
f 7863 7858 7861
f 7788 7863 7861
f 7863 7788 7864
f 7719 7868 7661
f 7931 7661 7868
f 7789 7865 7791
f 7792 7866 7790
f 7789 7936 7865
f 7937 7864 7725
f 7793 7723 7866
f 7798 7868 7665
f 7794 7937 7725
f 7794 7796 7937
f 7866 7867 7793
f 7793 7867 7795
f 7870 7937 7796
f 7871 7869 7867
f 7870 7867 7869
f 7867 7870 7795
f 7797 7871 7872
f 7868 7798 7875
f 7865 8002 7799
f 7940 7870 7869
f 7873 7940 7797
f 7940 7869 7797
f 7869 7871 7797
f 7800 7731 7939
f 7873 7939 7731
f 7939 7873 7872
f 7797 7872 7873
f 7876 7940 7873
f 7873 7731 7876
f 7939 7874 7800
f 7942 7801 7799
f 7876 7731 7802
f 7879 7874 7877
f 7875 7732 7878
f 7878 7732 7733
f 7943 7801 7942
f 7944 7802 7803
f 7944 7803 7734
f 7733 7804 7878
f 7879 7945 7674
f 7881 7674 7945
f 7678 7882 7947
f 7949 7946 7804
f 7810 7735 7880
f 7950 7810 7880
f 7883 7806 7805
f 7677 7807 7949
f 7807 7884 7949
f 7807 7886 7885
f 7811 7812 7808
f 7810 7953 7813
f 7887 7813 7953
f 7816 7812 7685
f 7887 7956 7817
f 7891 7888 7742
f 7817 7890 7745
f 7815 7955 8016
f 7890 7820 7745
f 7890 7962 7820
f 8016 7894 7815
f 7965 7818 7822
f 7962 7823 7820
f 7965 7822 7895
f 7968 7965 7895
f 7898 7899 7893
f 7902 7895 7753
f 7902 7753 7754
f 7902 7754 7969
f 7694 7972 7825
f 7903 7972 7694
f 7972 7904 7825
f 7904 7977 7826
f 7903 7694 7906
f 7907 7827 7756
f 7829 7756 7828
f 7829 7831 7908
f 7905 8027 7755
f 7907 8031 7827
f 8027 7980 7832
f 7833 7909 7758
f 7910 7827 8031
f 7911 7834 7836
f 7980 7912 7832
f 7910 7981 7835
f 7760 7982 7833
f 7835 7981 8038
f 8041 7700 7912
f 7913 7982 7760
f 8038 7761 7835
f 7837 7915 7836
f 8041 7701 7700
f 7914 7761 8038
f 7983 7915 7837
f 8041 7838 7701
f 8045 7913 7640
f 7914 7762 7761
f 7916 8045 7703
f 8045 7640 7703
f 7914 7839 7762
f 7642 7916 7703
f 7706 7916 7642
f 7644 7985 7917
f 7839 7985 7644
f 7987 7765 7918
f 7987 7919 7765
f 7704 7765 7983
f 7983 7765 7919
f 7705 7988 7920
f 7709 7768 7922
f 7768 7920 7922
f 7768 7705 7920
f 7840 7841 7921
f 7771 7921 7841
f 7990 7771 7842
f 7842 7922 7990
f 7851 7848 7847
f 7925 7851 7849
f 7923 7851 7925
f 7851 7923 7848
f 7923 7853 7848
f 7849 7855 7925
f 7923 7925 7991
f 7923 7991 7853
f 7991 7924 7853
f 7992 7854 7924
f 7992 7928 7854
f 7775 7926 7855
f 7855 7926 7925
f 7931 7775 7859
f 7931 7997 7775
f 7926 7775 7997
f 7927 7857 7929
f 7863 7929 7858
f 8056 8055 7927
f 8056 7927 8057
f 8057 7927 7929
f 7933 7929 7863
f 7928 7994 7787
f 7787 7994 7930
f 7994 7792 7930
f 7994 7996 7792
f 7999 7789 7932
f 7932 7862 7999
f 7933 7863 7934
f 7934 7863 7864
f 7792 7996 7866
f 7935 7931 7868
f 7999 7936 7789
f 7934 7864 7937
f 7996 8000 7866
f 8000 7867 7866
f 7870 7938 7937
f 7867 8000 7871
f 7872 7871 8000
f 7936 8002 7865
f 8000 7939 7872
f 7940 7876 7941
f 7939 7877 7874
f 7799 8002 7942
f 8003 7876 7802
f 7944 8003 7802
f 7946 7878 7804
f 7943 7942 8074
f 7734 7947 7944
f 8074 7880 7943
f 7881 7945 8007
f 7880 8074 8006
f 7882 7948 7947
f 8007 7805 7881
f 7950 7880 8006
f 8080 7883 7805
f 7952 7951 7882
f 7807 7885 7884
f 7950 8145 7810
f 7954 7951 7952
f 7808 7812 7886
f 8145 7953 7810
f 8010 7814 7883
f 7816 7886 7812
f 7956 7887 7953
f 7956 7953 8084
f 7888 7954 7952
f 8010 7955 7814
f 7888 7957 7954
f 7960 7816 7686
f 7686 7889 7960
f 7817 7956 7958
f 7961 7888 7891
f 7961 7957 7888
f 7817 7958 7890
f 7959 8016 7955
f 7819 7961 7891
f 7963 7818 7965
f 7965 7892 7963
f 7963 7892 7964
f 7893 8024 7819
f 8021 7961 7819
f 7966 7894 8016
f 7962 8096 7823
f 8096 7967 7823
f 7823 7967 7896
f 8023 7897 7896
f 8023 7896 7967
f 7899 7898 7897
f 8024 7893 7899
f 7900 7894 7966
f 7902 7968 7895
f 8102 7901 7900
f 8025 7902 7969
f 7969 7824 7970
f 7970 7824 7901
f 7971 7972 7903
f 7904 7972 7973
f 7971 7903 7974
f 7907 7974 7975
f 7974 7907 7971
f 7756 7971 7907
f 7971 7756 7972
f 7829 7972 7756
f 7972 7829 7973
f 7976 7973 7829
f 7973 7976 7975
f 7908 7976 7829
f 7977 8027 7905
f 7909 7906 7758
f 7975 7978 7907
f 7978 7975 7976
f 8029 7976 7908
f 7979 7908 7831
f 7979 8029 7908
f 7979 7831 7911
f 7833 7982 7909
f 8031 7981 7910
f 8036 7979 7911
f 8036 7911 7836
f 7914 8039 8042
f 7919 7984 7983
f 7984 7915 7983
f 8042 7839 7914
f 8042 7985 7839
f 7986 7987 8046
f 7840 7916 7706
f 7917 7985 8046
f 7917 8046 7918
f 7918 8046 7987
f 7922 7920 7990
f 7989 7921 7771
f 7989 7771 7990
f 8052 7925 7926
f 7925 7993 7991
f 7925 8052 7993
f 8050 7924 7991
f 8050 7991 7993
f 7992 7924 8050
f 7926 8051 8052
f 7992 7994 7928
f 8050 7994 7992
f 7997 8051 7926
f 7995 7927 8055
f 7929 7933 8057
f 7927 7995 7862
f 7931 7935 7997
f 7934 8057 7933
f 7994 7998 7996
f 7938 7934 7937
f 7868 8001 7935
f 7999 8002 7936
f 7938 7870 7940
f 8000 8062 7939
f 7877 7939 8062
f 7875 8001 7868
f 8004 8001 7875
f 7941 7876 8003
f 7878 8004 7875
f 8067 7942 8002
f 7879 7877 8135
f 7878 7946 8004
f 7879 8135 7945
f 7945 8135 8070
f 8067 8074 7942
f 8070 8073 7945
f 8005 7944 7947
f 8005 7947 7948
f 8078 7945 8073
f 7948 7882 8009
f 7949 8008 7946
f 8080 7805 8007
f 7949 7884 8008
f 7882 7951 8009
f 7951 8082 8009
f 8083 7883 8080
f 7886 8085 7885
f 8145 8084 7953
f 8010 7883 8083
f 8085 7886 7816
f 8011 7955 8010
f 8085 7816 8087
f 7954 7957 8012
f 7955 7957 7959
f 7957 7955 8012
f 8011 8012 7955
f 8012 8011 8013
f 8011 8010 8014
f 8087 7816 7960
f 7958 7956 8205
f 7961 8086 7957
f 8086 7959 7957
f 7959 8086 8015
f 8013 8015 8086
f 8015 8013 8011
f 8011 8014 8015
f 8015 8016 7959
f 8015 8014 8016
f 7818 7960 7889
f 7958 8088 7890
f 7890 8088 8017
f 8017 7962 7890
f 8016 8014 8018
f 8019 7818 7963
f 7963 8088 8019
f 8088 7963 8017
f 7964 8017 7963
f 8017 7964 8020
f 8017 8020 7962
f 8024 8021 7819
f 8093 7966 8016
f 8022 7892 7965
f 8022 7965 7968
f 8096 8154 7967
f 8097 8021 8024
f 7966 8098 7900
f 7897 8155 7899
f 7899 8155 8024
f 8025 7969 8105
f 7969 7970 8105
f 8104 7970 7901
f 8102 8104 7901
f 8026 7977 7904
f 7906 8108 7903
f 8108 7974 7903
f 7974 8108 8160
f 7975 7974 8160
f 7973 7975 7904
f 7975 8026 7904
f 7975 8160 8026
f 8026 8106 7977
f 8106 8107 7977
f 7977 8107 8027
f 7976 8028 7978
f 7976 8029 8028
f 8107 8030 8027
f 8030 7980 8027
f 7906 7909 8034
f 8034 8108 7906
f 7907 7978 8031
f 7978 8032 8031
f 7978 8028 8032
f 8033 8029 7979
f 8033 7979 8036
f 7982 8037 7909
f 8034 7909 8037
f 7981 8032 8035
f 8031 8032 7981
f 8033 8036 8040
f 7912 7980 8030
f 7981 8035 8039
f 7981 8039 8038
f 7915 8040 7836
f 7836 8040 8036
f 7913 8037 7982
f 8039 7914 8038
f 8040 7984 8043
f 7915 7984 8040
f 8042 8039 8118
f 8044 7838 8041
f 7919 7986 8043
f 7919 8043 7984
f 8042 8118 7985
f 8046 7985 8118
f 7987 7986 7919
f 8047 7988 8044
f 7988 7838 8044
f 8047 7920 7988
f 7840 7921 8048
f 8048 7921 7989
f 8048 7989 8049
f 8049 7989 7990
f 8049 7990 8047
f 8047 7990 7920
f 8053 7994 8050
f 7993 8172 8050
f 8053 8050 8172
f 8056 8054 8055
f 7994 8053 7998
f 8058 7997 7935
f 7997 8058 8051
f 8127 8055 8054
f 8054 8056 8126
f 8126 8056 8057
f 8126 8057 7934
f 7938 8060 7934
f 7998 8059 7996
f 8059 8000 7996
f 8059 8061 8000
f 7862 8131 7999
f 7862 7995 8131
f 8000 8061 8062
f 7935 8066 8058
f 7935 8001 8066
f 8060 7938 8128
f 7940 8128 7938
f 8064 8002 7999
f 8064 7999 8131
f 8132 8128 7940
f 8132 7940 7941
f 8062 8063 7877
f 8064 8131 8065
f 8004 8071 8001
f 8066 8001 8071
f 8064 8065 8068
f 8067 8064 8068
f 8002 8064 8067
f 8072 7941 8003
f 8135 7877 8063
f 8067 8068 8069
f 8069 8074 8067
f 8069 8187 8074
f 8072 8003 7944
f 8072 7944 8075
f 7946 8071 8004
f 8075 7944 8005
f 8005 8070 8075
f 8070 8005 8073
f 7948 8073 8005
f 8073 7948 8076
f 8077 8076 7948
f 8078 8073 8076
f 8071 7946 8008
f 8074 8187 8189
f 7948 8079 8077
f 8007 7945 8078
f 8074 8189 8006
f 8232 8006 8189
f 7948 8009 8079
f 8143 8080 8007
f 7884 8144 8008
f 8232 7950 8006
f 7884 7885 8144
f 8145 7950 8232
f 7951 7954 8082
f 8143 8083 8080
f 8081 7885 8085
f 7954 8148 8082
f 8145 8147 8084
f 7954 8012 8148
f 8013 8148 8012
f 8083 8014 8010
f 8084 8205 7956
f 8089 8013 8086
f 8021 8095 8086
f 8021 8086 7961
f 8089 8086 8095
f 8151 8087 7960
f 8151 7960 7818
f 8205 8088 7958
f 8091 8151 7818
f 8091 8019 8090
f 8091 7818 8019
f 8020 7964 8092
f 8090 8092 7964
f 8092 8090 8149
f 8019 8149 8090
f 8149 8019 8088
f 8014 8093 8018
f 8094 8091 8090
f 8094 8090 7964
f 7892 8094 7964
f 8020 8152 7962
f 7962 8152 8096
f 8018 8093 8016
f 8022 8094 7892
f 8021 8097 8095
f 7967 8209 8023
f 8154 8209 7967
f 8093 8098 7966
f 8099 7968 7902
f 8099 7902 8025
f 8023 8100 7897
f 8155 7897 8100
f 8024 8155 8101
f 8102 7900 8098
f 8103 8025 8105
f 8100 8210 8155
f 8158 7970 8104
f 8106 8026 8160
f 8106 8160 8161
f 8106 8161 8107
f 8107 8161 8164
f 8164 8030 8107
f 8035 8034 8037
f 8108 8034 8109
f 8109 8034 8035
f 8029 8033 8028
f 8028 8033 8110
f 8037 8111 8035
f 8109 8110 8114
f 8110 8109 8032
f 8035 8032 8109
f 8028 8110 8032
f 8164 8112 8030
f 8112 7912 8030
f 8114 8111 8113
f 8111 8037 8113
f 8035 8111 8039
f 8114 8039 8111
f 8039 8114 8115
f 8115 8114 8110
f 8115 8110 8120
f 8120 8110 8117
f 8117 8110 8033
f 8040 8117 8033
f 8112 8041 7912
f 8113 8037 8165
f 8043 8117 8040
f 8116 8041 8112
f 7913 8119 8165
f 7913 8165 8037
f 8039 8115 8118
f 8115 8120 8118
f 8120 8117 8043
f 8116 8044 8041
f 8045 8119 7913
f 7986 8120 8043
f 8169 8044 8116
f 7916 8119 8045
f 8119 8048 8170
f 8122 8121 8048
f 8048 8121 8170
f 8121 8120 8123
f 8120 8121 8118
f 8122 8118 8121
f 8118 8122 8046
f 7986 8123 8120
f 8123 7986 8124
f 8046 8124 7986
f 8124 8046 8122
f 8124 8171 8123
f 8169 8047 8044
f 7840 8119 7916
f 8119 7840 8048
f 8122 8048 8049
f 8122 8049 8124
f 8124 8049 8171
f 8171 8049 8047
f 8171 8047 8169
f 8215 7993 8052
f 8172 7993 8215
f 8125 8052 8051
f 8052 8125 8215
f 8051 8179 8125
f 8053 8172 8173
f 8053 8173 8174
f 8053 8174 7998
f 8174 8059 7998
f 8179 8051 8058
f 8055 8127 7995
f 7995 8127 8131
f 7934 8060 8126
f 8059 8177 8061
f 8177 8062 8061
f 8058 8066 8129
f 8177 8178 8062
f 8063 8178 8185
f 8062 8178 8063
f 8066 8133 8129
f 8134 8129 8133
f 8130 8065 8131
f 8184 8132 7941
f 8066 8136 8133
f 8130 8134 8065
f 8133 8065 8134
f 8065 8133 8068
f 8137 7941 8072
f 8071 8136 8066
f 8134 8130 8186
f 8069 8186 8130
f 8186 8069 8136
f 8068 8136 8069
f 8136 8068 8133
f 8130 8187 8069
f 8130 8183 8187
f 8194 8137 8072
f 8075 8194 8072
f 8138 8070 8135
f 8186 8136 8141
f 8141 8136 8071
f 8139 8194 8075
f 8076 8077 8140
f 8139 8140 8077
f 8140 8139 8138
f 8075 8138 8139
f 8138 8075 8070
f 8078 8076 8140
f 8078 8140 8192
f 8141 8071 8008
f 8141 8008 8197
f 8007 8078 8231
f 8231 8143 8007
f 8142 8079 8009
f 8197 8008 8144
f 8009 8082 8199
f 7885 8081 8144
f 8198 8145 8232
f 8085 8146 8081
f 8147 8145 8198
f 8148 8200 8082
f 8085 8203 8146
f 8203 8085 8087
f 8147 8238 8084
f 8203 8087 8204
f 8084 8238 8205
f 8202 8014 8083
f 8151 8204 8087
f 8205 8149 8088
f 8207 8092 8149
f 8207 8020 8092
f 8152 8020 8207
f 8150 8089 8095
f 8096 8152 8154
f 8022 7968 8099
f 8024 8247 8097
f 8153 8098 8093
f 8023 8209 8100
f 8024 8101 8247
f 8098 8244 8102
f 8098 8153 8244
f 8099 8025 8103
f 8209 8210 8100
f 8156 8104 8102
f 8244 8156 8102
f 8157 8103 8105
f 7970 8159 8105
f 8105 8159 8157
f 7970 8158 8159
f 8158 8104 8156
f 8109 8163 8108
f 8108 8162 8160
f 8108 8163 8162
f 8160 8162 8161
f 8114 8163 8109
f 8162 8166 8161
f 8161 8166 8164
f 8113 8163 8114
f 8163 8113 8162
f 8162 8113 8166
f 8166 8167 8164
f 8167 8116 8112
f 8167 8112 8164
f 8166 8168 8167
f 8113 8165 8170
f 8113 8170 8166
f 8167 8168 8169
f 8169 8116 8167
f 8119 8170 8165
f 8170 8123 8166
f 8166 8171 8168
f 8166 8123 8171
f 8170 8121 8123
f 8168 8171 8169
f 8215 8125 8175
f 8179 8175 8125
f 8175 8255 8215
f 8059 8174 8177
f 8129 8179 8058
f 8054 8176 8127
f 8060 8181 8126
f 8127 8180 8131
f 8127 8176 8180
f 8054 8126 8181
f 8182 8060 8128
f 8182 8181 8060
f 8129 8134 8218
f 8179 8129 8218
f 8182 8128 8184
f 8184 8128 8132
f 8131 8183 8130
f 8131 8180 8183
f 8222 8184 7941
f 8222 7941 8137
f 8135 8063 8185
f 8218 8134 8186
f 8221 8183 8180
f 8185 8220 8135
f 8218 8186 8141
f 8187 8183 8188
f 8183 8221 8188
f 8191 8137 8194
f 8138 8135 8220
f 8189 8188 8190
f 8187 8188 8189
f 8220 8192 8138
f 8138 8192 8140
f 8189 8190 8193
f 8230 8189 8193
f 8139 8077 8194
f 8231 8078 8192
f 8231 8192 8229
f 8196 8141 8197
f 8189 8230 8232
f 8195 8077 8079
f 8142 8195 8079
f 8009 8199 8142
f 8081 8197 8144
f 8269 8143 8231
f 8082 8200 8199
f 8235 8147 8198
f 8143 8269 8083
f 8146 8201 8081
f 8237 8083 8269
f 8146 8203 8201
f 8013 8200 8148
f 8237 8202 8083
f 8089 8206 8013
f 8240 8205 8238
f 8205 8240 8149
f 8149 8240 8207
f 8150 8206 8089
f 8274 8014 8202
f 8091 8094 8151
f 8274 8093 8014
f 8094 8022 8208
f 8207 8243 8152
f 8093 8274 8153
f 8152 8243 8154
f 8208 8022 8099
f 8243 8246 8154
f 8154 8246 8209
f 8212 8208 8099
f 8099 8103 8212
f 8211 8155 8210
f 8101 8155 8211
f 8213 8212 8103
f 8214 8213 8157
f 8213 8103 8157
f 8156 8284 8158
f 8156 8244 8284
f 8254 8174 8173
f 8254 8173 8172
f 8172 8215 8288
f 8172 8288 8254
f 8216 8175 8179
f 8054 8181 8176
f 8174 8254 8217
f 8174 8217 8177
f 8177 8217 8178
f 8218 8216 8179
f 8293 8176 8181
f 8217 8257 8178
f 8178 8257 8185
f 8218 8219 8216
f 8176 8258 8180
f 8293 8181 8294
f 8180 8258 8221
f 8258 8176 8259
f 8185 8257 8220
f 8218 8224 8219
f 8225 8219 8224
f 8191 8222 8137
f 8257 8223 8220
f 8226 8225 8188
f 8224 8188 8225
f 8188 8224 8190
f 8221 8226 8188
f 8221 8262 8226
f 8221 8258 8262
f 8266 8191 8194
f 8220 8223 8192
f 8196 8218 8141
f 8218 8227 8224
f 8218 8196 8227
f 8225 8226 8228
f 8193 8228 8226
f 8228 8193 8227
f 8190 8227 8193
f 8227 8190 8224
f 8226 8265 8193
f 8226 8262 8265
f 8077 8266 8194
f 8223 8229 8192
f 8228 8227 8263
f 8263 8227 8196
f 8265 8230 8193
f 8266 8077 8195
f 8263 8196 8233
f 8230 8265 8299
f 8233 8196 8197
f 8232 8230 8299
f 8197 8234 8233
f 8232 8299 8198
f 8081 8234 8197
f 8142 8199 8236
f 8081 8201 8234
f 8199 8200 8236
f 8236 8200 8271
f 8203 8239 8201
f 8206 8200 8013
f 8239 8203 8204
f 8270 8240 8238
f 8239 8204 8275
f 8207 8240 8272
f 8151 8275 8204
f 8276 8151 8094
f 8095 8242 8150
f 8094 8208 8276
f 8207 8241 8243
f 8095 8247 8242
f 8245 8244 8153
f 8153 8274 8245
f 8095 8097 8247
f 8246 8248 8209
f 8210 8248 8249
f 8209 8248 8210
f 8211 8250 8101
f 8247 8101 8250
f 8252 8212 8213
f 8213 8248 8252
f 8248 8213 8249
f 8214 8249 8213
f 8249 8214 8253
f 8249 8253 8210
f 8253 8211 8210
f 8250 8211 8253
f 8284 8244 8251
f 8255 8175 8216
f 8215 8255 8288
f 8256 8217 8254
f 8255 8216 8290
f 8182 8294 8181
f 8257 8217 8261
f 8176 8293 8259
f 8260 8182 8184
f 8184 8222 8260
f 8260 8294 8182
f 8260 8222 8295
f 8222 8191 8295
f 8261 8223 8257
f 8219 8225 8264
f 8228 8263 8225
f 8264 8225 8263
f 8262 8258 8329
f 8299 8265 8297
f 8265 8262 8297
f 8301 8266 8195
f 8231 8229 8267
f 8195 8142 8301
f 8267 8269 8231
f 8236 8268 8142
f 8198 8299 8235
f 8302 8147 8235
f 8302 8270 8147
f 8270 8238 8147
f 8200 8206 8271
f 8309 8202 8237
f 8206 8273 8271
f 8309 8274 8202
f 8150 8273 8206
f 8150 8242 8273
f 8275 8151 8276
f 8272 8241 8207
f 8311 8243 8241
f 8278 8242 8247
f 8347 8276 8208
f 8311 8277 8243
f 8277 8246 8243
f 8314 8244 8245
f 8212 8347 8208
f 8246 8277 8248
f 8248 8277 8279
f 8247 8280 8278
f 8250 8280 8247
f 8280 8250 8281
f 8317 8281 8250
f 8251 8314 8280
f 8251 8244 8314
f 8212 8252 8282
f 8253 8214 8283
f 8282 8283 8214
f 8283 8282 8279
f 8252 8279 8282
f 8279 8252 8248
f 8250 8253 8317
f 8317 8253 8283
f 8251 8280 8281
f 8285 8251 8281
f 8284 8251 8285
f 8157 8282 8214
f 8286 8282 8157
f 8286 8157 8159
f 8287 8159 8158
f 8287 8286 8159
f 8158 8284 8287
f 8255 8290 8288
f 8289 8254 8288
f 8289 8256 8254
f 8290 8216 8291
f 8292 8261 8217
f 8292 8217 8256
f 8219 8291 8216
f 8291 8219 8264
f 8259 8329 8258
f 8324 8259 8293
f 8293 8294 8326
f 8326 8294 8260
f 8261 8292 8322
f 8261 8322 8223
f 8259 8324 8329
f 8327 8295 8191
f 8266 8327 8191
f 8223 8322 8229
f 8297 8262 8329
f 8322 8328 8229
f 8328 8267 8229
f 8264 8263 8330
f 8327 8266 8301
f 8298 8267 8328
f 8233 8296 8263
f 8330 8263 8296
f 8234 8296 8233
f 8297 8300 8299
f 8301 8142 8268
f 8299 8300 8334
f 8267 8298 8340
f 8334 8302 8235
f 8299 8334 8235
f 8268 8236 8305
f 8269 8267 8340
f 8304 8234 8201
f 8269 8340 8342
f 8342 8237 8269
f 8303 8270 8302
f 8236 8308 8305
f 8236 8271 8308
f 8304 8239 8307
f 8201 8239 8304
f 8307 8239 8275
f 8307 8275 8310
f 8270 8306 8240
f 8240 8306 8272
f 8308 8271 8273
f 8245 8274 8309
f 8312 8273 8242
f 8278 8312 8242
f 8366 8311 8241
f 8245 8370 8314
f 8347 8212 8315
f 8279 8277 8311
f 8279 8311 8316
f 8281 8317 8318
f 8313 8318 8317
f 8318 8313 8319
f 8278 8319 8313
f 8319 8278 8280
f 8280 8314 8319
f 8316 8212 8282
f 8316 8315 8212
f 8320 8283 8282
f 8279 8282 8283
f 8282 8279 8316
f 8320 8350 8283
f 8317 8283 8350
f 8285 8281 8318
f 8352 8320 8282
f 8286 8352 8282
f 8287 8284 8285
f 8290 8321 8288
f 8323 8290 8291
f 8288 8321 8374
f 8288 8374 8289
f 8289 8353 8256
f 8292 8256 8353
f 8290 8323 8321
f 8291 8264 8323
f 8325 8293 8326
f 8324 8293 8325
f 8295 8355 8260
f 8260 8355 8326
f 8264 8330 8323
f 8324 8325 8356
f 8327 8355 8295
f 8331 8297 8329
f 8329 8324 8357
f 8329 8357 8331
f 8330 8296 8333
f 8333 8296 8332
f 8331 8300 8297
f 8268 8339 8301
f 8332 8334 8333
f 8334 8300 8333
f 8331 8333 8300
f 8333 8331 8335
f 8336 8335 8331
f 8328 8382 8298
f 8234 8304 8332
f 8234 8332 8296
f 8332 8337 8334
f 8332 8304 8337
f 8335 8336 8338
f 8302 8338 8336
f 8338 8302 8337
f 8334 8337 8302
f 8302 8336 8303
f 8336 8359 8303
f 8336 8331 8359
f 8331 8360 8359
f 8305 8339 8268
f 8338 8337 8341
f 8341 8337 8304
f 8305 8385 8339
f 8341 8304 8307
f 8303 8359 8388
f 8303 8306 8270
f 8303 8388 8306
f 8342 8309 8237
f 8363 8306 8388
f 8363 8272 8306
f 8273 8344 8308
f 8364 8309 8342
f 8343 8310 8275
f 8343 8275 8365
f 8312 8344 8273
f 8364 8245 8309
f 8272 8363 8241
f 8241 8363 8393
f 8345 8365 8275
f 8345 8275 8276
f 8393 8366 8241
f 8364 8368 8245
f 8311 8366 8369
f 8346 8312 8278
f 8368 8370 8245
f 8347 8345 8276
f 8346 8313 8398
f 8278 8313 8346
f 8349 8348 8316
f 8311 8349 8316
f 8369 8349 8311
f 8317 8350 8398
f 8317 8398 8313
f 8319 8370 8318
f 8319 8314 8370
f 8351 8315 8316
f 8348 8351 8316
f 8351 8348 8320
f 8320 8348 8350
f 8285 8371 8287
f 8285 8318 8370
f 8285 8370 8371
f 8353 8289 8374
f 8321 8323 8354
f 8292 8353 8375
f 8375 8322 8292
f 8354 8323 8330
f 8381 8326 8355
f 8325 8326 8381
f 8378 8322 8375
f 8378 8328 8322
f 8356 8357 8324
f 8327 8381 8355
f 8330 8333 8358
f 8327 8383 8381
f 8327 8301 8339
f 8382 8328 8378
f 8358 8333 8335
f 8357 8360 8331
f 8339 8383 8327
f 8338 8341 8335
f 8358 8335 8341
f 8340 8298 8382
f 8385 8383 8339
f 8361 8341 8307
f 8359 8360 8407
f 8359 8407 8388
f 8308 8362 8305
f 8362 8385 8305
f 8386 8342 8340
f 8390 8342 8386
f 8310 8361 8307
f 8343 8361 8310
f 8362 8308 8344
f 8390 8364 8342
f 8391 8393 8363
f 8312 8367 8344
f 8312 8346 8367
f 8370 8368 8371
f 8345 8347 8399
f 8396 8349 8369
f 8315 8399 8347
f 8348 8398 8350
f 8372 8351 8320
f 8372 8315 8351
f 8287 8371 8373
f 8352 8372 8320
f 8372 8352 8286
f 8372 8286 8287
f 8321 8354 8401
f 8321 8401 8374
f 8374 8402 8353
f 8375 8353 8402
f 8401 8354 8376
f 8376 8354 8330
f 8379 8376 8330
f 8325 8377 8356
f 8380 8325 8381
f 8377 8325 8380
f 8358 8379 8330
f 8356 8377 8357
f 8380 8381 8384
f 8381 8383 8384
f 8407 8360 8357
f 8341 8361 8358
f 8383 8385 8384
f 8386 8340 8382
f 8384 8385 8409
f 8362 8409 8385
f 8358 8361 8387
f 8362 8389 8409
f 8343 8387 8361
f 8388 8391 8363
f 8388 8407 8391
f 8344 8389 8362
f 8365 8387 8343
f 8394 8387 8365
f 8367 8392 8344
f 8344 8392 8389
f 8395 8364 8390
f 8345 8394 8365
f 8345 8417 8394
f 8393 8414 8366
f 8418 8392 8367
f 8395 8368 8364
f 8414 8369 8366
f 8414 8396 8369
f 8418 8398 8397
f 8367 8346 8418
f 8371 8368 8395
f 8349 8396 8348
f 8348 8396 8397
f 8348 8397 8398
f 8398 8418 8346
f 8400 8399 8315
f 8373 8371 8419
f 8400 8315 8372
f 8400 8372 8373
f 8373 8372 8287
f 8374 8401 8422
f 8374 8422 8402
f 8422 8376 8425
f 8376 8422 8401
f 8402 8422 8423
f 8423 8375 8402
f 8375 8424 8378
f 8424 8382 8378
f 8379 8425 8376
f 8380 8404 8377
f 8423 8424 8375
f 8358 8406 8379
f 8379 8406 8425
f 8408 8357 8377
f 8377 8404 8408
f 8424 8403 8382
f 8405 8406 8358
f 8403 8386 8382
f 8408 8407 8357
f 8404 8380 8384
f 8387 8405 8358
f 8408 8404 8428
f 8384 8411 8404
f 8411 8384 8409
f 8410 8386 8403
f 8410 8390 8386
f 8408 8428 8407
f 8391 8407 8412
f 8407 8428 8412
f 8413 8411 8409
f 8392 8409 8389
f 8429 8390 8410
f 8414 8391 8412
f 8392 8413 8409
f 8429 8395 8390
f 8414 8393 8391
f 8418 8415 8413
f 8418 8413 8392
f 8395 8429 8416
f 8414 8412 8397
f 8397 8412 8415
f 8397 8415 8418
f 8399 8417 8345
f 8399 8420 8417
f 8397 8396 8414
f 8419 8416 8433
f 8419 8371 8395
f 8419 8395 8416
f 8420 8399 8421
f 8399 8400 8421
f 8421 8400 8373
f 8421 8373 8433
f 8433 8373 8419
f 8425 8434 8422
f 8422 8426 8423
f 8422 8434 8426
f 8423 8426 8424
f 8434 8425 8406
f 8404 8411 8428
f 8427 8424 8426
f 8424 8427 8403
f 8406 8405 8430
f 8434 8406 8430
f 8403 8427 8429
f 8429 8410 8403
f 8387 8431 8405
f 8405 8431 8430
f 8413 8428 8411
f 8429 8427 8436
f 8394 8431 8387
f 8415 8428 8413
f 8429 8436 8416
f 8428 8415 8412
f 8417 8431 8394
f 8430 8431 8432
f 8431 8420 8432
f 8432 8433 8436
f 8436 8433 8416
f 8431 8417 8420
f 8420 8421 8432
f 8432 8421 8433
f 8434 8430 8435
f 8434 8435 8426
f 8435 8427 8426
f 8435 8430 8432
f 8435 8436 8427
f 8435 8432 8436